[2026-07-03 22:47:08] local.ERROR: Method Illuminate\Support\Collection::appends does not exist. {"view":{"view":"D:\\PROYECTOS\\IMPORTACIONES RAMIREZ\\ERP-RAMIREZ\\resources\\views\\purchase\\importaciones\\index.blade.php","data":{"asset_v":"<pre class=sf-dump id=sf-dump-358769113 data-indent-pad=\"  \"><span class=sf-dump-num>511</span>
</pre><script>Sfdump(\"sf-dump-358769113\", {\"maxDepth\":3,\"maxStringLength\":160})</script>
","errors":"<pre class=sf-dump id=sf-dump-1709801972 data-indent-pad=\"  \"><span class=sf-dump-note>Illuminate\\Support\\ViewErrorBag</span> {<a class=sf-dump-ref>#3313</a><samp data-depth=1 class=sf-dump-expanded>
  #<span class=sf-dump-protected title=\"Protected property\">bags</span>: []
</samp>}
</pre><script>Sfdump(\"sf-dump-1709801972\", {\"maxDepth\":3,\"maxStringLength\":160})</script>
","registros":"<pre class=sf-dump id=sf-dump-232558403 data-indent-pad=\"  \"><span class=sf-dump-note>Illuminate\\Support\\Collection</span> {<a class=sf-dump-ref>#3946</a><samp data-depth=1 class=sf-dump-expanded>
  #<span class=sf-dump-protected title=\"Protected property\">items</span>: <span class=sf-dump-note>array:2</span> [<samp data-depth=2 class=sf-dump-compact>
    <span class=sf-dump-key>61</span> => <span class=sf-dump-note title=\"Illuminate\\Support\\Collection
\"><span class=\"sf-dump-ellipsis sf-dump-ellipsis-note\">Illuminate\\Support</span><span class=\"sf-dump-ellipsis sf-dump-ellipsis-note\">\\</span>Collection</span> {<a class=sf-dump-ref>#3843</a><samp data-depth=3 class=sf-dump-compact>
      #<span class=sf-dump-protected title=\"Protected property\">items</span>: <span class=sf-dump-note>array:5</span> [ &#8230;5]
      #<span class=sf-dump-protected title=\"Protected property\">escapeWhenCastingToString</span>: <span class=sf-dump-const>false</span>
    </samp>}
    <span class=sf-dump-key>6</span> => <span class=sf-dump-note title=\"Illuminate\\Support\\Collection
\"><span class=\"sf-dump-ellipsis sf-dump-ellipsis-note\">Illuminate\\Support</span><span class=\"sf-dump-ellipsis sf-dump-ellipsis-note\">\\</span>Collection</span> {<a class=sf-dump-ref>#3944</a><samp data-depth=3 class=sf-dump-compact>
      #<span class=sf-dump-protected title=\"Protected property\">items</span>: <span class=sf-dump-note>array:3</span> [ &#8230;3]
      #<span class=sf-dump-protected title=\"Protected property\">escapeWhenCastingToString</span>: <span class=sf-dump-const>false</span>
    </samp>}
  </samp>]
  #<span class=sf-dump-protected title=\"Protected property\">escapeWhenCastingToString</span>: <span class=sf-dump-const>false</span>
</samp>}
</pre><script>Sfdump(\"sf-dump-232558403\", {\"maxDepth\":3,\"maxStringLength\":160})</script>
","productos":"<pre class=sf-dump id=sf-dump-557687063 data-indent-pad=\"  \"><span class=sf-dump-note>Illuminate\\Support\\Collection</span> {<a class=sf-dump-ref>#3615</a><samp data-depth=1 class=sf-dump-expanded>
  #<span class=sf-dump-protected title=\"Protected property\">items</span>: <span class=sf-dump-note>array:7</span> [<samp data-depth=2 class=sf-dump-compact>
    <span class=sf-dump-key>4</span> => \"<span class=sf-dump-str title=\"10 characters\">Carroceria</span>\"
    <span class=sf-dump-key>7</span> => \"<span class=sf-dump-str title=\"14 characters\">ENSAMBLAJE 150</span>\"
    <span class=sf-dump-key>6</span> => \"<span class=sf-dump-str title=\"21 characters\">MATERIALES CARROCERIA</span>\"
    <span class=sf-dump-key>8</span> => \"<span class=sf-dump-str title=\"12 characters\">MOTOTAXI 150</span>\"
    <span class=sf-dump-key>2</span> => \"<span class=sf-dump-str title=\"15 characters\">RETROEXCAVADORA</span>\"
    <span class=sf-dump-key>5</span> => \"<span class=sf-dump-str title=\"9 characters\">Tapiceria</span>\"
    <span class=sf-dump-key>1</span> => \"<span class=sf-dump-str title=\"7 characters\">WX-150A</span>\"
  </samp>]
  #<span class=sf-dump-protected title=\"Protected property\">escapeWhenCastingToString</span>: <span class=sf-dump-const>false</span>
</samp>}
</pre><script>Sfdump(\"sf-dump-557687063\", {\"maxDepth\":3,\"maxStringLength\":160})</script>
","desde":"<pre class=sf-dump id=sf-dump-1783727250 data-indent-pad=\"  \"><span class=sf-dump-const>null</span>
</pre><script>Sfdump(\"sf-dump-1783727250\", {\"maxDepth\":3,\"maxStringLength\":160})</script>
","hasta":"<pre class=sf-dump id=sf-dump-1114786607 data-indent-pad=\"  \"><span class=sf-dump-const>null</span>
</pre><script>Sfdump(\"sf-dump-1114786607\", {\"maxDepth\":3,\"maxStringLength\":160})</script>
","producto":"<pre class=sf-dump id=sf-dump-1201133203 data-indent-pad=\"  \"><span class=sf-dump-const>null</span>
</pre><script>Sfdump(\"sf-dump-1201133203\", {\"maxDepth\":3,\"maxStringLength\":160})</script>
","motor":"<pre class=sf-dump id=sf-dump-1474403140 data-indent-pad=\"  \"><span class=sf-dump-const>null</span>
</pre><script>Sfdump(\"sf-dump-1474403140\", {\"maxDepth\":3,\"maxStringLength\":160})</script>
","guia":"<pre class=sf-dump id=sf-dump-117294548 data-indent-pad=\"  \"><span class=sf-dump-const>null</span>
</pre><script>Sfdump(\"sf-dump-117294548\", {\"maxDepth\":3,\"maxStringLength\":160})</script>
","contenedor":"<pre class=sf-dump id=sf-dump-1718685372 data-indent-pad=\"  \"><span class=sf-dump-const>null</span>
</pre><script>Sfdump(\"sf-dump-1718685372\", {\"maxDepth\":3,\"maxStringLength\":160})</script>
","enabled_modules":"<pre class=sf-dump id=sf-dump-88609353 data-indent-pad=\"  \"><span class=sf-dump-note>array:7</span> [<samp data-depth=1 class=sf-dump-expanded>
  <span class=sf-dump-index>0</span> => \"<span class=sf-dump-str title=\"9 characters\">purchases</span>\"
  <span class=sf-dump-index>1</span> => \"<span class=sf-dump-str title=\"8 characters\">add_sale</span>\"
  <span class=sf-dump-index>2</span> => \"<span class=sf-dump-str title=\"8 characters\">pos_sale</span>\"
  <span class=sf-dump-index>3</span> => \"<span class=sf-dump-str title=\"15 characters\">stock_transfers</span>\"
  <span class=sf-dump-index>4</span> => \"<span class=sf-dump-str title=\"16 characters\">stock_adjustment</span>\"
  <span class=sf-dump-index>5</span> => \"<span class=sf-dump-str title=\"8 characters\">expenses</span>\"
  <span class=sf-dump-index>6</span> => \"<span class=sf-dump-str title=\"7 characters\">account</span>\"
</samp>]
</pre><script>Sfdump(\"sf-dump-88609353\", {\"maxDepth\":3,\"maxStringLength\":160})</script>
","__is_pusher_enabled":"<pre class=sf-dump id=sf-dump-1284022760 data-indent-pad=\"  \"><span class=sf-dump-const>false</span>
</pre><script>Sfdump(\"sf-dump-1284022760\", {\"maxDepth\":3,\"maxStringLength\":160})</script>
"}},"userId":1,"exception":"[object] (Spatie\\LaravelIgnition\\Exceptions\\ViewException(code: 0): Method Illuminate\\Support\\Collection::appends does not exist. at D:\\PROYECTOS\\IMPORTACIONES RAMIREZ\\ERP-RAMIREZ\\vendor\\laravel\\framework\\src\\Illuminate\\Macroable\\Traits\\Macroable.php:113)
[stacktrace]
#0 D:\\PROYECTOS\\IMPORTACIONES RAMIREZ\\ERP-RAMIREZ\\resources\\views\\purchase\\importaciones\\index.blade.php(212): Illuminate\\Support\\Collection->__call('appends', Array)
#1 D:\\PROYECTOS\\IMPORTACIONES RAMIREZ\\ERP-RAMIREZ\\vendor\\laravel\\framework\\src\\Illuminate\\Filesystem\\Filesystem.php(109): require('D:\\\\PROYECTOS\\\\IM...')
#2 D:\\PROYECTOS\\IMPORTACIONES RAMIREZ\\ERP-RAMIREZ\\vendor\\laravel\\framework\\src\\Illuminate\\Filesystem\\Filesystem.php(110): Illuminate\\Filesystem\\Filesystem::Illuminate\\Filesystem\\{closure}()
#3 D:\\PROYECTOS\\IMPORTACIONES RAMIREZ\\ERP-RAMIREZ\\vendor\\laravel\\framework\\src\\Illuminate\\View\\Engines\\PhpEngine.php(58): Illuminate\\Filesystem\\Filesystem->getRequire('D:\\\\PROYECTOS\\\\IM...', Array)
#4 D:\\PROYECTOS\\IMPORTACIONES RAMIREZ\\ERP-RAMIREZ\\vendor\\laravel\\framework\\src\\Illuminate\\View\\Engines\\CompilerEngine.php(70): Illuminate\\View\\Engines\\PhpEngine->evaluatePath('D:\\\\PROYECTOS\\\\IM...', Array)
#5 D:\\PROYECTOS\\IMPORTACIONES RAMIREZ\\ERP-RAMIREZ\\vendor\\laravel\\framework\\src\\Illuminate\\View\\View.php(195): Illuminate\\View\\Engines\\CompilerEngine->get('D:\\\\PROYECTOS\\\\IM...', Array)
#6 D:\\PROYECTOS\\IMPORTACIONES RAMIREZ\\ERP-RAMIREZ\\vendor\\laravel\\framework\\src\\Illuminate\\View\\View.php(178): Illuminate\\View\\View->getContents()
#7 D:\\PROYECTOS\\IMPORTACIONES RAMIREZ\\ERP-RAMIREZ\\vendor\\laravel\\framework\\src\\Illuminate\\View\\View.php(147): Illuminate\\View\\View->renderContents()
#8 D:\\PROYECTOS\\IMPORTACIONES RAMIREZ\\ERP-RAMIREZ\\vendor\\laravel\\framework\\src\\Illuminate\\Http\\Response.php(69): Illuminate\\View\\View->render()
#9 D:\\PROYECTOS\\IMPORTACIONES RAMIREZ\\ERP-RAMIREZ\\vendor\\laravel\\framework\\src\\Illuminate\\Http\\Response.php(35): Illuminate\\Http\\Response->setContent(Object(Illuminate\\View\\View))
#10 D:\\PROYECTOS\\IMPORTACIONES RAMIREZ\\ERP-RAMIREZ\\vendor\\laravel\\framework\\src\\Illuminate\\Routing\\Router.php(906): Illuminate\\Http\\Response->__construct(Object(Illuminate\\View\\View), 200, Array)
#11 D:\\PROYECTOS\\IMPORTACIONES RAMIREZ\\ERP-RAMIREZ\\vendor\\laravel\\framework\\src\\Illuminate\\Routing\\Router.php(875): Illuminate\\Routing\\Router::toResponse(Object(Illuminate\\Http\\Request), Object(Illuminate\\View\\View))
#12 D:\\PROYECTOS\\IMPORTACIONES RAMIREZ\\ERP-RAMIREZ\\vendor\\laravel\\framework\\src\\Illuminate\\Routing\\Router.php(797): Illuminate\\Routing\\Router->prepareResponse(Object(Illuminate\\Http\\Request), Object(Illuminate\\View\\View))
#13 D:\\PROYECTOS\\IMPORTACIONES RAMIREZ\\ERP-RAMIREZ\\vendor\\laravel\\framework\\src\\Illuminate\\Pipeline\\Pipeline.php(141): Illuminate\\Routing\\Router->Illuminate\\Routing\\{closure}(Object(Illuminate\\Http\\Request))
#14 D:\\PROYECTOS\\IMPORTACIONES RAMIREZ\\ERP-RAMIREZ\\app\\Http\\Middleware\\CheckUserLogin.php(22): Illuminate\\Pipeline\\Pipeline->Illuminate\\Pipeline\\{closure}(Object(Illuminate\\Http\\Request))
#15 D:\\PROYECTOS\\IMPORTACIONES RAMIREZ\\ERP-RAMIREZ\\vendor\\laravel\\framework\\src\\Illuminate\\Pipeline\\Pipeline.php(180): App\\Http\\Middleware\\CheckUserLogin->handle(Object(Illuminate\\Http\\Request), Object(Closure))
#16 D:\\PROYECTOS\\IMPORTACIONES RAMIREZ\\ERP-RAMIREZ\\app\\Http\\Middleware\\AdminSidebarMenu.php(906): Illuminate\\Pipeline\\Pipeline->Illuminate\\Pipeline\\{closure}(Object(Illuminate\\Http\\Request))
#17 D:\\PROYECTOS\\IMPORTACIONES RAMIREZ\\ERP-RAMIREZ\\vendor\\laravel\\framework\\src\\Illuminate\\Pipeline\\Pipeline.php(180): App\\Http\\Middleware\\AdminSidebarMenu->handle(Object(Illuminate\\Http\\Request), Object(Closure))
#18 D:\\PROYECTOS\\IMPORTACIONES RAMIREZ\\ERP-RAMIREZ\\app\\Http\\Middleware\\Timezone.php(30): Illuminate\\Pipeline\\Pipeline->Illuminate\\Pipeline\\{closure}(Object(Illuminate\\Http\\Request))
#19 D:\\PROYECTOS\\IMPORTACIONES RAMIREZ\\ERP-RAMIREZ\\vendor\\laravel\\framework\\src\\Illuminate\\Pipeline\\Pipeline.php(180): App\\Http\\Middleware\\Timezone->handle(Object(Illuminate\\Http\\Request), Object(Closure))
#20 D:\\PROYECTOS\\IMPORTACIONES RAMIREZ\\ERP-RAMIREZ\\app\\Http\\Middleware\\Language.php(25): Illuminate\\Pipeline\\Pipeline->Illuminate\\Pipeline\\{closure}(Object(Illuminate\\Http\\Request))
#21 D:\\PROYECTOS\\IMPORTACIONES RAMIREZ\\ERP-RAMIREZ\\vendor\\laravel\\framework\\src\\Illuminate\\Pipeline\\Pipeline.php(180): App\\Http\\Middleware\\Language->handle(Object(Illuminate\\Http\\Request), Object(Closure))
#22 D:\\PROYECTOS\\IMPORTACIONES RAMIREZ\\ERP-RAMIREZ\\app\\Http\\Middleware\\SetSessionData.php(52): Illuminate\\Pipeline\\Pipeline->Illuminate\\Pipeline\\{closure}(Object(Illuminate\\Http\\Request))
#23 D:\\PROYECTOS\\IMPORTACIONES RAMIREZ\\ERP-RAMIREZ\\vendor\\laravel\\framework\\src\\Illuminate\\Pipeline\\Pipeline.php(180): App\\Http\\Middleware\\SetSessionData->handle(Object(Illuminate\\Http\\Request), Object(Closure))
#24 D:\\PROYECTOS\\IMPORTACIONES RAMIREZ\\ERP-RAMIREZ\\app\\Http\\Middleware\\IsInstalled.php(50): Illuminate\\Pipeline\\Pipeline->Illuminate\\Pipeline\\{closure}(Object(Illuminate\\Http\\Request))
#25 D:\\PROYECTOS\\IMPORTACIONES RAMIREZ\\ERP-RAMIREZ\\vendor\\laravel\\framework\\src\\Illuminate\\Pipeline\\Pipeline.php(180): App\\Http\\Middleware\\IsInstalled->handle(Object(Illuminate\\Http\\Request), Object(Closure))
#26 D:\\PROYECTOS\\IMPORTACIONES RAMIREZ\\ERP-RAMIREZ\\vendor\\laravel\\framework\\src\\Illuminate\\Routing\\Middleware\\SubstituteBindings.php(50): Illuminate\\Pipeline\\Pipeline->Illuminate\\Pipeline\\{closure}(Object(Illuminate\\Http\\Request))
#27 D:\\PROYECTOS\\IMPORTACIONES RAMIREZ\\ERP-RAMIREZ\\vendor\\laravel\\framework\\src\\Illuminate\\Pipeline\\Pipeline.php(180): Illuminate\\Routing\\Middleware\\SubstituteBindings->handle(Object(Illuminate\\Http\\Request), Object(Closure))
#28 D:\\PROYECTOS\\IMPORTACIONES RAMIREZ\\ERP-RAMIREZ\\vendor\\laravel\\framework\\src\\Illuminate\\Auth\\Middleware\\Authenticate.php(44): Illuminate\\Pipeline\\Pipeline->Illuminate\\Pipeline\\{closure}(Object(Illuminate\\Http\\Request))
#29 D:\\PROYECTOS\\IMPORTACIONES RAMIREZ\\ERP-RAMIREZ\\vendor\\laravel\\framework\\src\\Illuminate\\Pipeline\\Pipeline.php(180): Illuminate\\Auth\\Middleware\\Authenticate->handle(Object(Illuminate\\Http\\Request), Object(Closure))
#30 D:\\PROYECTOS\\IMPORTACIONES RAMIREZ\\ERP-RAMIREZ\\vendor\\laravel\\framework\\src\\Illuminate\\Foundation\\Http\\Middleware\\VerifyCsrfToken.php(78): Illuminate\\Pipeline\\Pipeline->Illuminate\\Pipeline\\{closure}(Object(Illuminate\\Http\\Request))
#31 D:\\PROYECTOS\\IMPORTACIONES RAMIREZ\\ERP-RAMIREZ\\vendor\\laravel\\framework\\src\\Illuminate\\Pipeline\\Pipeline.php(180): Illuminate\\Foundation\\Http\\Middleware\\VerifyCsrfToken->handle(Object(Illuminate\\Http\\Request), Object(Closure))
#32 D:\\PROYECTOS\\IMPORTACIONES RAMIREZ\\ERP-RAMIREZ\\vendor\\laravel\\framework\\src\\Illuminate\\View\\Middleware\\ShareErrorsFromSession.php(49): Illuminate\\Pipeline\\Pipeline->Illuminate\\Pipeline\\{closure}(Object(Illuminate\\Http\\Request))
#33 D:\\PROYECTOS\\IMPORTACIONES RAMIREZ\\ERP-RAMIREZ\\vendor\\laravel\\framework\\src\\Illuminate\\Pipeline\\Pipeline.php(180): Illuminate\\View\\Middleware\\ShareErrorsFromSession->handle(Object(Illuminate\\Http\\Request), Object(Closure))
#34 D:\\PROYECTOS\\IMPORTACIONES RAMIREZ\\ERP-RAMIREZ\\vendor\\laravel\\framework\\src\\Illuminate\\Session\\Middleware\\StartSession.php(121): Illuminate\\Pipeline\\Pipeline->Illuminate\\Pipeline\\{closure}(Object(Illuminate\\Http\\Request))
#35 D:\\PROYECTOS\\IMPORTACIONES RAMIREZ\\ERP-RAMIREZ\\vendor\\laravel\\framework\\src\\Illuminate\\Session\\Middleware\\StartSession.php(64): Illuminate\\Session\\Middleware\\StartSession->handleStatefulRequest(Object(Illuminate\\Http\\Request), Object(Illuminate\\Session\\Store), Object(Closure))
#36 D:\\PROYECTOS\\IMPORTACIONES RAMIREZ\\ERP-RAMIREZ\\vendor\\laravel\\framework\\src\\Illuminate\\Pipeline\\Pipeline.php(180): Illuminate\\Session\\Middleware\\StartSession->handle(Object(Illuminate\\Http\\Request), Object(Closure))
#37 D:\\PROYECTOS\\IMPORTACIONES RAMIREZ\\ERP-RAMIREZ\\vendor\\laravel\\framework\\src\\Illuminate\\Cookie\\Middleware\\AddQueuedCookiesToResponse.php(37): Illuminate\\Pipeline\\Pipeline->Illuminate\\Pipeline\\{closure}(Object(Illuminate\\Http\\Request))
#38 D:\\PROYECTOS\\IMPORTACIONES RAMIREZ\\ERP-RAMIREZ\\vendor\\laravel\\framework\\src\\Illuminate\\Pipeline\\Pipeline.php(180): Illuminate\\Cookie\\Middleware\\AddQueuedCookiesToResponse->handle(Object(Illuminate\\Http\\Request), Object(Closure))
#39 D:\\PROYECTOS\\IMPORTACIONES RAMIREZ\\ERP-RAMIREZ\\vendor\\laravel\\framework\\src\\Illuminate\\Cookie\\Middleware\\EncryptCookies.php(67): Illuminate\\Pipeline\\Pipeline->Illuminate\\Pipeline\\{closure}(Object(Illuminate\\Http\\Request))
#40 D:\\PROYECTOS\\IMPORTACIONES RAMIREZ\\ERP-RAMIREZ\\vendor\\laravel\\framework\\src\\Illuminate\\Pipeline\\Pipeline.php(180): Illuminate\\Cookie\\Middleware\\EncryptCookies->handle(Object(Illuminate\\Http\\Request), Object(Closure))
#41 D:\\PROYECTOS\\IMPORTACIONES RAMIREZ\\ERP-RAMIREZ\\vendor\\laravel\\framework\\src\\Illuminate\\Pipeline\\Pipeline.php(116): Illuminate\\Pipeline\\Pipeline->Illuminate\\Pipeline\\{closure}(Object(Illuminate\\Http\\Request))
#42 D:\\PROYECTOS\\IMPORTACIONES RAMIREZ\\ERP-RAMIREZ\\vendor\\laravel\\framework\\src\\Illuminate\\Routing\\Router.php(797): Illuminate\\Pipeline\\Pipeline->then(Object(Closure))
#43 D:\\PROYECTOS\\IMPORTACIONES RAMIREZ\\ERP-RAMIREZ\\vendor\\laravel\\framework\\src\\Illuminate\\Routing\\Router.php(776): Illuminate\\Routing\\Router->runRouteWithinStack(Object(Illuminate\\Routing\\Route), Object(Illuminate\\Http\\Request))
#44 D:\\PROYECTOS\\IMPORTACIONES RAMIREZ\\ERP-RAMIREZ\\vendor\\laravel\\framework\\src\\Illuminate\\Routing\\Router.php(740): Illuminate\\Routing\\Router->runRoute(Object(Illuminate\\Http\\Request), Object(Illuminate\\Routing\\Route))
#45 D:\\PROYECTOS\\IMPORTACIONES RAMIREZ\\ERP-RAMIREZ\\vendor\\laravel\\framework\\src\\Illuminate\\Routing\\Router.php(729): Illuminate\\Routing\\Router->dispatchToRoute(Object(Illuminate\\Http\\Request))
#46 D:\\PROYECTOS\\IMPORTACIONES RAMIREZ\\ERP-RAMIREZ\\vendor\\laravel\\framework\\src\\Illuminate\\Foundation\\Http\\Kernel.php(190): Illuminate\\Routing\\Router->dispatch(Object(Illuminate\\Http\\Request))
#47 D:\\PROYECTOS\\IMPORTACIONES RAMIREZ\\ERP-RAMIREZ\\vendor\\laravel\\framework\\src\\Illuminate\\Pipeline\\Pipeline.php(141): Illuminate\\Foundation\\Http\\Kernel->Illuminate\\Foundation\\Http\\{closure}(Object(Illuminate\\Http\\Request))
#48 D:\\PROYECTOS\\IMPORTACIONES RAMIREZ\\ERP-RAMIREZ\\vendor\\barryvdh\\laravel-debugbar\\src\\Middleware\\InjectDebugbar.php(59): Illuminate\\Pipeline\\Pipeline->Illuminate\\Pipeline\\{closure}(Object(Illuminate\\Http\\Request))
#49 D:\\PROYECTOS\\IMPORTACIONES RAMIREZ\\ERP-RAMIREZ\\vendor\\laravel\\framework\\src\\Illuminate\\Pipeline\\Pipeline.php(180): Barryvdh\\Debugbar\\Middleware\\InjectDebugbar->handle(Object(Illuminate\\Http\\Request), Object(Closure))
#50 D:\\PROYECTOS\\IMPORTACIONES RAMIREZ\\ERP-RAMIREZ\\vendor\\laravel\\framework\\src\\Illuminate\\Foundation\\Http\\Middleware\\TransformsRequest.php(21): Illuminate\\Pipeline\\Pipeline->Illuminate\\Pipeline\\{closure}(Object(Illuminate\\Http\\Request))
#51 D:\\PROYECTOS\\IMPORTACIONES RAMIREZ\\ERP-RAMIREZ\\vendor\\laravel\\framework\\src\\Illuminate\\Foundation\\Http\\Middleware\\ConvertEmptyStringsToNull.php(31): Illuminate\\Foundation\\Http\\Middleware\\TransformsRequest->handle(Object(Illuminate\\Http\\Request), Object(Closure))
#52 D:\\PROYECTOS\\IMPORTACIONES RAMIREZ\\ERP-RAMIREZ\\vendor\\laravel\\framework\\src\\Illuminate\\Pipeline\\Pipeline.php(180): Illuminate\\Foundation\\Http\\Middleware\\ConvertEmptyStringsToNull->handle(Object(Illuminate\\Http\\Request), Object(Closure))
#53 D:\\PROYECTOS\\IMPORTACIONES RAMIREZ\\ERP-RAMIREZ\\vendor\\laravel\\framework\\src\\Illuminate\\Foundation\\Http\\Middleware\\TransformsRequest.php(21): Illuminate\\Pipeline\\Pipeline->Illuminate\\Pipeline\\{closure}(Object(Illuminate\\Http\\Request))
#54 D:\\PROYECTOS\\IMPORTACIONES RAMIREZ\\ERP-RAMIREZ\\vendor\\laravel\\framework\\src\\Illuminate\\Foundation\\Http\\Middleware\\TrimStrings.php(40): Illuminate\\Foundation\\Http\\Middleware\\TransformsRequest->handle(Object(Illuminate\\Http\\Request), Object(Closure))
#55 D:\\PROYECTOS\\IMPORTACIONES RAMIREZ\\ERP-RAMIREZ\\vendor\\laravel\\framework\\src\\Illuminate\\Pipeline\\Pipeline.php(180): Illuminate\\Foundation\\Http\\Middleware\\TrimStrings->handle(Object(Illuminate\\Http\\Request), Object(Closure))
#56 D:\\PROYECTOS\\IMPORTACIONES RAMIREZ\\ERP-RAMIREZ\\vendor\\laravel\\framework\\src\\Illuminate\\Foundation\\Http\\Middleware\\ValidatePostSize.php(27): Illuminate\\Pipeline\\Pipeline->Illuminate\\Pipeline\\{closure}(Object(Illuminate\\Http\\Request))
#57 D:\\PROYECTOS\\IMPORTACIONES RAMIREZ\\ERP-RAMIREZ\\vendor\\laravel\\framework\\src\\Illuminate\\Pipeline\\Pipeline.php(180): Illuminate\\Foundation\\Http\\Middleware\\ValidatePostSize->handle(Object(Illuminate\\Http\\Request), Object(Closure))
#58 D:\\PROYECTOS\\IMPORTACIONES RAMIREZ\\ERP-RAMIREZ\\vendor\\laravel\\framework\\src\\Illuminate\\Foundation\\Http\\Middleware\\PreventRequestsDuringMaintenance.php(86): Illuminate\\Pipeline\\Pipeline->Illuminate\\Pipeline\\{closure}(Object(Illuminate\\Http\\Request))
#59 D:\\PROYECTOS\\IMPORTACIONES RAMIREZ\\ERP-RAMIREZ\\vendor\\laravel\\framework\\src\\Illuminate\\Pipeline\\Pipeline.php(180): Illuminate\\Foundation\\Http\\Middleware\\PreventRequestsDuringMaintenance->handle(Object(Illuminate\\Http\\Request), Object(Closure))
#60 D:\\PROYECTOS\\IMPORTACIONES RAMIREZ\\ERP-RAMIREZ\\vendor\\laravel\\framework\\src\\Illuminate\\Http\\Middleware\\HandleCors.php(49): Illuminate\\Pipeline\\Pipeline->Illuminate\\Pipeline\\{closure}(Object(Illuminate\\Http\\Request))
#61 D:\\PROYECTOS\\IMPORTACIONES RAMIREZ\\ERP-RAMIREZ\\vendor\\laravel\\framework\\src\\Illuminate\\Pipeline\\Pipeline.php(180): Illuminate\\Http\\Middleware\\HandleCors->handle(Object(Illuminate\\Http\\Request), Object(Closure))
#62 D:\\PROYECTOS\\IMPORTACIONES RAMIREZ\\ERP-RAMIREZ\\vendor\\laravel\\framework\\src\\Illuminate\\Http\\Middleware\\TrustProxies.php(39): Illuminate\\Pipeline\\Pipeline->Illuminate\\Pipeline\\{closure}(Object(Illuminate\\Http\\Request))
#63 D:\\PROYECTOS\\IMPORTACIONES RAMIREZ\\ERP-RAMIREZ\\vendor\\laravel\\framework\\src\\Illuminate\\Pipeline\\Pipeline.php(180): Illuminate\\Http\\Middleware\\TrustProxies->handle(Object(Illuminate\\Http\\Request), Object(Closure))
#64 D:\\PROYECTOS\\IMPORTACIONES RAMIREZ\\ERP-RAMIREZ\\vendor\\laravel\\framework\\src\\Illuminate\\Pipeline\\Pipeline.php(116): Illuminate\\Pipeline\\Pipeline->Illuminate\\Pipeline\\{closure}(Object(Illuminate\\Http\\Request))
#65 D:\\PROYECTOS\\IMPORTACIONES RAMIREZ\\ERP-RAMIREZ\\vendor\\laravel\\framework\\src\\Illuminate\\Foundation\\Http\\Kernel.php(165): Illuminate\\Pipeline\\Pipeline->then(Object(Closure))
#66 D:\\PROYECTOS\\IMPORTACIONES RAMIREZ\\ERP-RAMIREZ\\vendor\\laravel\\framework\\src\\Illuminate\\Foundation\\Http\\Kernel.php(134): Illuminate\\Foundation\\Http\\Kernel->sendRequestThroughRouter(Object(Illuminate\\Http\\Request))
#67 D:\\PROYECTOS\\IMPORTACIONES RAMIREZ\\ERP-RAMIREZ\\public\\index.php(51): Illuminate\\Foundation\\Http\\Kernel->handle(Object(Illuminate\\Http\\Request))
#68 D:\\PROYECTOS\\IMPORTACIONES RAMIREZ\\ERP-RAMIREZ\\vendor\\laravel\\framework\\src\\Illuminate\\Foundation\\resources\\server.php(16): require_once('D:\\\\PROYECTOS\\\\IM...')
#69 {main}

[previous exception] [object] (BadMethodCallException(code: 0): Method Illuminate\\Support\\Collection::appends does not exist. at D:\\PROYECTOS\\IMPORTACIONES RAMIREZ\\ERP-RAMIREZ\\vendor\\laravel\\framework\\src\\Illuminate\\Macroable\\Traits\\Macroable.php:113)
[stacktrace]
#0 D:\\PROYECTOS\\IMPORTACIONES RAMIREZ\\ERP-RAMIREZ\\storage\\framework\\views\\dc6f0818c41a1e845a314568edf6dc99a1727aa6.php(214): Illuminate\\Support\\Collection->__call('appends', Array)
#1 D:\\PROYECTOS\\IMPORTACIONES RAMIREZ\\ERP-RAMIREZ\\vendor\\laravel\\framework\\src\\Illuminate\\Filesystem\\Filesystem.php(109): require('D:\\\\PROYECTOS\\\\IM...')
#2 D:\\PROYECTOS\\IMPORTACIONES RAMIREZ\\ERP-RAMIREZ\\vendor\\laravel\\framework\\src\\Illuminate\\Filesystem\\Filesystem.php(110): Illuminate\\Filesystem\\Filesystem::Illuminate\\Filesystem\\{closure}()
#3 D:\\PROYECTOS\\IMPORTACIONES RAMIREZ\\ERP-RAMIREZ\\vendor\\laravel\\framework\\src\\Illuminate\\View\\Engines\\PhpEngine.php(58): Illuminate\\Filesystem\\Filesystem->getRequire('D:\\\\PROYECTOS\\\\IM...', Array)
#4 D:\\PROYECTOS\\IMPORTACIONES RAMIREZ\\ERP-RAMIREZ\\vendor\\laravel\\framework\\src\\Illuminate\\View\\Engines\\CompilerEngine.php(70): Illuminate\\View\\Engines\\PhpEngine->evaluatePath('D:\\\\PROYECTOS\\\\IM...', Array)
#5 D:\\PROYECTOS\\IMPORTACIONES RAMIREZ\\ERP-RAMIREZ\\vendor\\laravel\\framework\\src\\Illuminate\\View\\View.php(195): Illuminate\\View\\Engines\\CompilerEngine->get('D:\\\\PROYECTOS\\\\IM...', Array)
#6 D:\\PROYECTOS\\IMPORTACIONES RAMIREZ\\ERP-RAMIREZ\\vendor\\laravel\\framework\\src\\Illuminate\\View\\View.php(178): Illuminate\\View\\View->getContents()
#7 D:\\PROYECTOS\\IMPORTACIONES RAMIREZ\\ERP-RAMIREZ\\vendor\\laravel\\framework\\src\\Illuminate\\View\\View.php(147): Illuminate\\View\\View->renderContents()
#8 D:\\PROYECTOS\\IMPORTACIONES RAMIREZ\\ERP-RAMIREZ\\vendor\\laravel\\framework\\src\\Illuminate\\Http\\Response.php(69): Illuminate\\View\\View->render()
#9 D:\\PROYECTOS\\IMPORTACIONES RAMIREZ\\ERP-RAMIREZ\\vendor\\laravel\\framework\\src\\Illuminate\\Http\\Response.php(35): Illuminate\\Http\\Response->setContent(Object(Illuminate\\View\\View))
#10 D:\\PROYECTOS\\IMPORTACIONES RAMIREZ\\ERP-RAMIREZ\\vendor\\laravel\\framework\\src\\Illuminate\\Routing\\Router.php(906): Illuminate\\Http\\Response->__construct(Object(Illuminate\\View\\View), 200, Array)
#11 D:\\PROYECTOS\\IMPORTACIONES RAMIREZ\\ERP-RAMIREZ\\vendor\\laravel\\framework\\src\\Illuminate\\Routing\\Router.php(875): Illuminate\\Routing\\Router::toResponse(Object(Illuminate\\Http\\Request), Object(Illuminate\\View\\View))
#12 D:\\PROYECTOS\\IMPORTACIONES RAMIREZ\\ERP-RAMIREZ\\vendor\\laravel\\framework\\src\\Illuminate\\Routing\\Router.php(797): Illuminate\\Routing\\Router->prepareResponse(Object(Illuminate\\Http\\Request), Object(Illuminate\\View\\View))
#13 D:\\PROYECTOS\\IMPORTACIONES RAMIREZ\\ERP-RAMIREZ\\vendor\\laravel\\framework\\src\\Illuminate\\Pipeline\\Pipeline.php(141): Illuminate\\Routing\\Router->Illuminate\\Routing\\{closure}(Object(Illuminate\\Http\\Request))
#14 D:\\PROYECTOS\\IMPORTACIONES RAMIREZ\\ERP-RAMIREZ\\app\\Http\\Middleware\\CheckUserLogin.php(22): Illuminate\\Pipeline\\Pipeline->Illuminate\\Pipeline\\{closure}(Object(Illuminate\\Http\\Request))
#15 D:\\PROYECTOS\\IMPORTACIONES RAMIREZ\\ERP-RAMIREZ\\vendor\\laravel\\framework\\src\\Illuminate\\Pipeline\\Pipeline.php(180): App\\Http\\Middleware\\CheckUserLogin->handle(Object(Illuminate\\Http\\Request), Object(Closure))
#16 D:\\PROYECTOS\\IMPORTACIONES RAMIREZ\\ERP-RAMIREZ\\app\\Http\\Middleware\\AdminSidebarMenu.php(906): Illuminate\\Pipeline\\Pipeline->Illuminate\\Pipeline\\{closure}(Object(Illuminate\\Http\\Request))
#17 D:\\PROYECTOS\\IMPORTACIONES RAMIREZ\\ERP-RAMIREZ\\vendor\\laravel\\framework\\src\\Illuminate\\Pipeline\\Pipeline.php(180): App\\Http\\Middleware\\AdminSidebarMenu->handle(Object(Illuminate\\Http\\Request), Object(Closure))
#18 D:\\PROYECTOS\\IMPORTACIONES RAMIREZ\\ERP-RAMIREZ\\app\\Http\\Middleware\\Timezone.php(30): Illuminate\\Pipeline\\Pipeline->Illuminate\\Pipeline\\{closure}(Object(Illuminate\\Http\\Request))
#19 D:\\PROYECTOS\\IMPORTACIONES RAMIREZ\\ERP-RAMIREZ\\vendor\\laravel\\framework\\src\\Illuminate\\Pipeline\\Pipeline.php(180): App\\Http\\Middleware\\Timezone->handle(Object(Illuminate\\Http\\Request), Object(Closure))
#20 D:\\PROYECTOS\\IMPORTACIONES RAMIREZ\\ERP-RAMIREZ\\app\\Http\\Middleware\\Language.php(25): Illuminate\\Pipeline\\Pipeline->Illuminate\\Pipeline\\{closure}(Object(Illuminate\\Http\\Request))
#21 D:\\PROYECTOS\\IMPORTACIONES RAMIREZ\\ERP-RAMIREZ\\vendor\\laravel\\framework\\src\\Illuminate\\Pipeline\\Pipeline.php(180): App\\Http\\Middleware\\Language->handle(Object(Illuminate\\Http\\Request), Object(Closure))
#22 D:\\PROYECTOS\\IMPORTACIONES RAMIREZ\\ERP-RAMIREZ\\app\\Http\\Middleware\\SetSessionData.php(52): Illuminate\\Pipeline\\Pipeline->Illuminate\\Pipeline\\{closure}(Object(Illuminate\\Http\\Request))
#23 D:\\PROYECTOS\\IMPORTACIONES RAMIREZ\\ERP-RAMIREZ\\vendor\\laravel\\framework\\src\\Illuminate\\Pipeline\\Pipeline.php(180): App\\Http\\Middleware\\SetSessionData->handle(Object(Illuminate\\Http\\Request), Object(Closure))
#24 D:\\PROYECTOS\\IMPORTACIONES RAMIREZ\\ERP-RAMIREZ\\app\\Http\\Middleware\\IsInstalled.php(50): Illuminate\\Pipeline\\Pipeline->Illuminate\\Pipeline\\{closure}(Object(Illuminate\\Http\\Request))
#25 D:\\PROYECTOS\\IMPORTACIONES RAMIREZ\\ERP-RAMIREZ\\vendor\\laravel\\framework\\src\\Illuminate\\Pipeline\\Pipeline.php(180): App\\Http\\Middleware\\IsInstalled->handle(Object(Illuminate\\Http\\Request), Object(Closure))
#26 D:\\PROYECTOS\\IMPORTACIONES RAMIREZ\\ERP-RAMIREZ\\vendor\\laravel\\framework\\src\\Illuminate\\Routing\\Middleware\\SubstituteBindings.php(50): Illuminate\\Pipeline\\Pipeline->Illuminate\\Pipeline\\{closure}(Object(Illuminate\\Http\\Request))
#27 D:\\PROYECTOS\\IMPORTACIONES RAMIREZ\\ERP-RAMIREZ\\vendor\\laravel\\framework\\src\\Illuminate\\Pipeline\\Pipeline.php(180): Illuminate\\Routing\\Middleware\\SubstituteBindings->handle(Object(Illuminate\\Http\\Request), Object(Closure))
#28 D:\\PROYECTOS\\IMPORTACIONES RAMIREZ\\ERP-RAMIREZ\\vendor\\laravel\\framework\\src\\Illuminate\\Auth\\Middleware\\Authenticate.php(44): Illuminate\\Pipeline\\Pipeline->Illuminate\\Pipeline\\{closure}(Object(Illuminate\\Http\\Request))
#29 D:\\PROYECTOS\\IMPORTACIONES RAMIREZ\\ERP-RAMIREZ\\vendor\\laravel\\framework\\src\\Illuminate\\Pipeline\\Pipeline.php(180): Illuminate\\Auth\\Middleware\\Authenticate->handle(Object(Illuminate\\Http\\Request), Object(Closure))
#30 D:\\PROYECTOS\\IMPORTACIONES RAMIREZ\\ERP-RAMIREZ\\vendor\\laravel\\framework\\src\\Illuminate\\Foundation\\Http\\Middleware\\VerifyCsrfToken.php(78): Illuminate\\Pipeline\\Pipeline->Illuminate\\Pipeline\\{closure}(Object(Illuminate\\Http\\Request))
#31 D:\\PROYECTOS\\IMPORTACIONES RAMIREZ\\ERP-RAMIREZ\\vendor\\laravel\\framework\\src\\Illuminate\\Pipeline\\Pipeline.php(180): Illuminate\\Foundation\\Http\\Middleware\\VerifyCsrfToken->handle(Object(Illuminate\\Http\\Request), Object(Closure))
#32 D:\\PROYECTOS\\IMPORTACIONES RAMIREZ\\ERP-RAMIREZ\\vendor\\laravel\\framework\\src\\Illuminate\\View\\Middleware\\ShareErrorsFromSession.php(49): Illuminate\\Pipeline\\Pipeline->Illuminate\\Pipeline\\{closure}(Object(Illuminate\\Http\\Request))
#33 D:\\PROYECTOS\\IMPORTACIONES RAMIREZ\\ERP-RAMIREZ\\vendor\\laravel\\framework\\src\\Illuminate\\Pipeline\\Pipeline.php(180): Illuminate\\View\\Middleware\\ShareErrorsFromSession->handle(Object(Illuminate\\Http\\Request), Object(Closure))
#34 D:\\PROYECTOS\\IMPORTACIONES RAMIREZ\\ERP-RAMIREZ\\vendor\\laravel\\framework\\src\\Illuminate\\Session\\Middleware\\StartSession.php(121): Illuminate\\Pipeline\\Pipeline->Illuminate\\Pipeline\\{closure}(Object(Illuminate\\Http\\Request))
#35 D:\\PROYECTOS\\IMPORTACIONES RAMIREZ\\ERP-RAMIREZ\\vendor\\laravel\\framework\\src\\Illuminate\\Session\\Middleware\\StartSession.php(64): Illuminate\\Session\\Middleware\\StartSession->handleStatefulRequest(Object(Illuminate\\Http\\Request), Object(Illuminate\\Session\\Store), Object(Closure))
#36 D:\\PROYECTOS\\IMPORTACIONES RAMIREZ\\ERP-RAMIREZ\\vendor\\laravel\\framework\\src\\Illuminate\\Pipeline\\Pipeline.php(180): Illuminate\\Session\\Middleware\\StartSession->handle(Object(Illuminate\\Http\\Request), Object(Closure))
#37 D:\\PROYECTOS\\IMPORTACIONES RAMIREZ\\ERP-RAMIREZ\\vendor\\laravel\\framework\\src\\Illuminate\\Cookie\\Middleware\\AddQueuedCookiesToResponse.php(37): Illuminate\\Pipeline\\Pipeline->Illuminate\\Pipeline\\{closure}(Object(Illuminate\\Http\\Request))
#38 D:\\PROYECTOS\\IMPORTACIONES RAMIREZ\\ERP-RAMIREZ\\vendor\\laravel\\framework\\src\\Illuminate\\Pipeline\\Pipeline.php(180): Illuminate\\Cookie\\Middleware\\AddQueuedCookiesToResponse->handle(Object(Illuminate\\Http\\Request), Object(Closure))
#39 D:\\PROYECTOS\\IMPORTACIONES RAMIREZ\\ERP-RAMIREZ\\vendor\\laravel\\framework\\src\\Illuminate\\Cookie\\Middleware\\EncryptCookies.php(67): Illuminate\\Pipeline\\Pipeline->Illuminate\\Pipeline\\{closure}(Object(Illuminate\\Http\\Request))
#40 D:\\PROYECTOS\\IMPORTACIONES RAMIREZ\\ERP-RAMIREZ\\vendor\\laravel\\framework\\src\\Illuminate\\Pipeline\\Pipeline.php(180): Illuminate\\Cookie\\Middleware\\EncryptCookies->handle(Object(Illuminate\\Http\\Request), Object(Closure))
#41 D:\\PROYECTOS\\IMPORTACIONES RAMIREZ\\ERP-RAMIREZ\\vendor\\laravel\\framework\\src\\Illuminate\\Pipeline\\Pipeline.php(116): Illuminate\\Pipeline\\Pipeline->Illuminate\\Pipeline\\{closure}(Object(Illuminate\\Http\\Request))
#42 D:\\PROYECTOS\\IMPORTACIONES RAMIREZ\\ERP-RAMIREZ\\vendor\\laravel\\framework\\src\\Illuminate\\Routing\\Router.php(797): Illuminate\\Pipeline\\Pipeline->then(Object(Closure))
#43 D:\\PROYECTOS\\IMPORTACIONES RAMIREZ\\ERP-RAMIREZ\\vendor\\laravel\\framework\\src\\Illuminate\\Routing\\Router.php(776): Illuminate\\Routing\\Router->runRouteWithinStack(Object(Illuminate\\Routing\\Route), Object(Illuminate\\Http\\Request))
#44 D:\\PROYECTOS\\IMPORTACIONES RAMIREZ\\ERP-RAMIREZ\\vendor\\laravel\\framework\\src\\Illuminate\\Routing\\Router.php(740): Illuminate\\Routing\\Router->runRoute(Object(Illuminate\\Http\\Request), Object(Illuminate\\Routing\\Route))
#45 D:\\PROYECTOS\\IMPORTACIONES RAMIREZ\\ERP-RAMIREZ\\vendor\\laravel\\framework\\src\\Illuminate\\Routing\\Router.php(729): Illuminate\\Routing\\Router->dispatchToRoute(Object(Illuminate\\Http\\Request))
#46 D:\\PROYECTOS\\IMPORTACIONES RAMIREZ\\ERP-RAMIREZ\\vendor\\laravel\\framework\\src\\Illuminate\\Foundation\\Http\\Kernel.php(190): Illuminate\\Routing\\Router->dispatch(Object(Illuminate\\Http\\Request))
#47 D:\\PROYECTOS\\IMPORTACIONES RAMIREZ\\ERP-RAMIREZ\\vendor\\laravel\\framework\\src\\Illuminate\\Pipeline\\Pipeline.php(141): Illuminate\\Foundation\\Http\\Kernel->Illuminate\\Foundation\\Http\\{closure}(Object(Illuminate\\Http\\Request))
#48 D:\\PROYECTOS\\IMPORTACIONES RAMIREZ\\ERP-RAMIREZ\\vendor\\barryvdh\\laravel-debugbar\\src\\Middleware\\InjectDebugbar.php(59): Illuminate\\Pipeline\\Pipeline->Illuminate\\Pipeline\\{closure}(Object(Illuminate\\Http\\Request))
#49 D:\\PROYECTOS\\IMPORTACIONES RAMIREZ\\ERP-RAMIREZ\\vendor\\laravel\\framework\\src\\Illuminate\\Pipeline\\Pipeline.php(180): Barryvdh\\Debugbar\\Middleware\\InjectDebugbar->handle(Object(Illuminate\\Http\\Request), Object(Closure))
#50 D:\\PROYECTOS\\IMPORTACIONES RAMIREZ\\ERP-RAMIREZ\\vendor\\laravel\\framework\\src\\Illuminate\\Foundation\\Http\\Middleware\\TransformsRequest.php(21): Illuminate\\Pipeline\\Pipeline->Illuminate\\Pipeline\\{closure}(Object(Illuminate\\Http\\Request))
#51 D:\\PROYECTOS\\IMPORTACIONES RAMIREZ\\ERP-RAMIREZ\\vendor\\laravel\\framework\\src\\Illuminate\\Foundation\\Http\\Middleware\\ConvertEmptyStringsToNull.php(31): Illuminate\\Foundation\\Http\\Middleware\\TransformsRequest->handle(Object(Illuminate\\Http\\Request), Object(Closure))
#52 D:\\PROYECTOS\\IMPORTACIONES RAMIREZ\\ERP-RAMIREZ\\vendor\\laravel\\framework\\src\\Illuminate\\Pipeline\\Pipeline.php(180): Illuminate\\Foundation\\Http\\Middleware\\ConvertEmptyStringsToNull->handle(Object(Illuminate\\Http\\Request), Object(Closure))
#53 D:\\PROYECTOS\\IMPORTACIONES RAMIREZ\\ERP-RAMIREZ\\vendor\\laravel\\framework\\src\\Illuminate\\Foundation\\Http\\Middleware\\TransformsRequest.php(21): Illuminate\\Pipeline\\Pipeline->Illuminate\\Pipeline\\{closure}(Object(Illuminate\\Http\\Request))
#54 D:\\PROYECTOS\\IMPORTACIONES RAMIREZ\\ERP-RAMIREZ\\vendor\\laravel\\framework\\src\\Illuminate\\Foundation\\Http\\Middleware\\TrimStrings.php(40): Illuminate\\Foundation\\Http\\Middleware\\TransformsRequest->handle(Object(Illuminate\\Http\\Request), Object(Closure))
#55 D:\\PROYECTOS\\IMPORTACIONES RAMIREZ\\ERP-RAMIREZ\\vendor\\laravel\\framework\\src\\Illuminate\\Pipeline\\Pipeline.php(180): Illuminate\\Foundation\\Http\\Middleware\\TrimStrings->handle(Object(Illuminate\\Http\\Request), Object(Closure))
#56 D:\\PROYECTOS\\IMPORTACIONES RAMIREZ\\ERP-RAMIREZ\\vendor\\laravel\\framework\\src\\Illuminate\\Foundation\\Http\\Middleware\\ValidatePostSize.php(27): Illuminate\\Pipeline\\Pipeline->Illuminate\\Pipeline\\{closure}(Object(Illuminate\\Http\\Request))
#57 D:\\PROYECTOS\\IMPORTACIONES RAMIREZ\\ERP-RAMIREZ\\vendor\\laravel\\framework\\src\\Illuminate\\Pipeline\\Pipeline.php(180): Illuminate\\Foundation\\Http\\Middleware\\ValidatePostSize->handle(Object(Illuminate\\Http\\Request), Object(Closure))
#58 D:\\PROYECTOS\\IMPORTACIONES RAMIREZ\\ERP-RAMIREZ\\vendor\\laravel\\framework\\src\\Illuminate\\Foundation\\Http\\Middleware\\PreventRequestsDuringMaintenance.php(86): Illuminate\\Pipeline\\Pipeline->Illuminate\\Pipeline\\{closure}(Object(Illuminate\\Http\\Request))
#59 D:\\PROYECTOS\\IMPORTACIONES RAMIREZ\\ERP-RAMIREZ\\vendor\\laravel\\framework\\src\\Illuminate\\Pipeline\\Pipeline.php(180): Illuminate\\Foundation\\Http\\Middleware\\PreventRequestsDuringMaintenance->handle(Object(Illuminate\\Http\\Request), Object(Closure))
#60 D:\\PROYECTOS\\IMPORTACIONES RAMIREZ\\ERP-RAMIREZ\\vendor\\laravel\\framework\\src\\Illuminate\\Http\\Middleware\\HandleCors.php(49): Illuminate\\Pipeline\\Pipeline->Illuminate\\Pipeline\\{closure}(Object(Illuminate\\Http\\Request))
#61 D:\\PROYECTOS\\IMPORTACIONES RAMIREZ\\ERP-RAMIREZ\\vendor\\laravel\\framework\\src\\Illuminate\\Pipeline\\Pipeline.php(180): Illuminate\\Http\\Middleware\\HandleCors->handle(Object(Illuminate\\Http\\Request), Object(Closure))
#62 D:\\PROYECTOS\\IMPORTACIONES RAMIREZ\\ERP-RAMIREZ\\vendor\\laravel\\framework\\src\\Illuminate\\Http\\Middleware\\TrustProxies.php(39): Illuminate\\Pipeline\\Pipeline->Illuminate\\Pipeline\\{closure}(Object(Illuminate\\Http\\Request))
#63 D:\\PROYECTOS\\IMPORTACIONES RAMIREZ\\ERP-RAMIREZ\\vendor\\laravel\\framework\\src\\Illuminate\\Pipeline\\Pipeline.php(180): Illuminate\\Http\\Middleware\\TrustProxies->handle(Object(Illuminate\\Http\\Request), Object(Closure))
#64 D:\\PROYECTOS\\IMPORTACIONES RAMIREZ\\ERP-RAMIREZ\\vendor\\laravel\\framework\\src\\Illuminate\\Pipeline\\Pipeline.php(116): Illuminate\\Pipeline\\Pipeline->Illuminate\\Pipeline\\{closure}(Object(Illuminate\\Http\\Request))
#65 D:\\PROYECTOS\\IMPORTACIONES RAMIREZ\\ERP-RAMIREZ\\vendor\\laravel\\framework\\src\\Illuminate\\Foundation\\Http\\Kernel.php(165): Illuminate\\Pipeline\\Pipeline->then(Object(Closure))
#66 D:\\PROYECTOS\\IMPORTACIONES RAMIREZ\\ERP-RAMIREZ\\vendor\\laravel\\framework\\src\\Illuminate\\Foundation\\Http\\Kernel.php(134): Illuminate\\Foundation\\Http\\Kernel->sendRequestThroughRouter(Object(Illuminate\\Http\\Request))
#67 D:\\PROYECTOS\\IMPORTACIONES RAMIREZ\\ERP-RAMIREZ\\public\\index.php(51): Illuminate\\Foundation\\Http\\Kernel->handle(Object(Illuminate\\Http\\Request))
#68 D:\\PROYECTOS\\IMPORTACIONES RAMIREZ\\ERP-RAMIREZ\\vendor\\laravel\\framework\\src\\Illuminate\\Foundation\\resources\\server.php(16): require_once('D:\\\\PROYECTOS\\\\IM...')
#69 {main}
"} 
[2026-07-03 22:48:49] local.ERROR: Method Illuminate\Support\Collection::appends does not exist. {"view":{"view":"D:\\PROYECTOS\\IMPORTACIONES RAMIREZ\\ERP-RAMIREZ\\resources\\views\\purchase\\importaciones\\index.blade.php","data":{"asset_v":"<pre class=sf-dump id=sf-dump-1447676803 data-indent-pad=\"  \"><span class=sf-dump-num>511</span>
</pre><script>Sfdump(\"sf-dump-1447676803\", {\"maxDepth\":3,\"maxStringLength\":160})</script>
","errors":"<pre class=sf-dump id=sf-dump-1773931844 data-indent-pad=\"  \"><span class=sf-dump-note>Illuminate\\Support\\ViewErrorBag</span> {<a class=sf-dump-ref>#3313</a><samp data-depth=1 class=sf-dump-expanded>
  #<span class=sf-dump-protected title=\"Protected property\">bags</span>: []
</samp>}
</pre><script>Sfdump(\"sf-dump-1773931844\", {\"maxDepth\":3,\"maxStringLength\":160})</script>
","registros":"<pre class=sf-dump id=sf-dump-679572445 data-indent-pad=\"  \"><span class=sf-dump-note>Illuminate\\Support\\Collection</span> {<a class=sf-dump-ref>#3946</a><samp data-depth=1 class=sf-dump-expanded>
  #<span class=sf-dump-protected title=\"Protected property\">items</span>: <span class=sf-dump-note>array:2</span> [<samp data-depth=2 class=sf-dump-compact>
    <span class=sf-dump-key>61</span> => <span class=sf-dump-note title=\"Illuminate\\Support\\Collection
\"><span class=\"sf-dump-ellipsis sf-dump-ellipsis-note\">Illuminate\\Support</span><span class=\"sf-dump-ellipsis sf-dump-ellipsis-note\">\\</span>Collection</span> {<a class=sf-dump-ref>#3843</a><samp data-depth=3 class=sf-dump-compact>
      #<span class=sf-dump-protected title=\"Protected property\">items</span>: <span class=sf-dump-note>array:5</span> [ &#8230;5]
      #<span class=sf-dump-protected title=\"Protected property\">escapeWhenCastingToString</span>: <span class=sf-dump-const>false</span>
    </samp>}
    <span class=sf-dump-key>6</span> => <span class=sf-dump-note title=\"Illuminate\\Support\\Collection
\"><span class=\"sf-dump-ellipsis sf-dump-ellipsis-note\">Illuminate\\Support</span><span class=\"sf-dump-ellipsis sf-dump-ellipsis-note\">\\</span>Collection</span> {<a class=sf-dump-ref>#3944</a><samp data-depth=3 class=sf-dump-compact>
      #<span class=sf-dump-protected title=\"Protected property\">items</span>: <span class=sf-dump-note>array:3</span> [ &#8230;3]
      #<span class=sf-dump-protected title=\"Protected property\">escapeWhenCastingToString</span>: <span class=sf-dump-const>false</span>
    </samp>}
  </samp>]
  #<span class=sf-dump-protected title=\"Protected property\">escapeWhenCastingToString</span>: <span class=sf-dump-const>false</span>
</samp>}
</pre><script>Sfdump(\"sf-dump-679572445\", {\"maxDepth\":3,\"maxStringLength\":160})</script>
","productos":"<pre class=sf-dump id=sf-dump-1101023718 data-indent-pad=\"  \"><span class=sf-dump-note>Illuminate\\Support\\Collection</span> {<a class=sf-dump-ref>#3615</a><samp data-depth=1 class=sf-dump-expanded>
  #<span class=sf-dump-protected title=\"Protected property\">items</span>: <span class=sf-dump-note>array:7</span> [<samp data-depth=2 class=sf-dump-compact>
    <span class=sf-dump-key>4</span> => \"<span class=sf-dump-str title=\"10 characters\">Carroceria</span>\"
    <span class=sf-dump-key>7</span> => \"<span class=sf-dump-str title=\"14 characters\">ENSAMBLAJE 150</span>\"
    <span class=sf-dump-key>6</span> => \"<span class=sf-dump-str title=\"21 characters\">MATERIALES CARROCERIA</span>\"
    <span class=sf-dump-key>8</span> => \"<span class=sf-dump-str title=\"12 characters\">MOTOTAXI 150</span>\"
    <span class=sf-dump-key>2</span> => \"<span class=sf-dump-str title=\"15 characters\">RETROEXCAVADORA</span>\"
    <span class=sf-dump-key>5</span> => \"<span class=sf-dump-str title=\"9 characters\">Tapiceria</span>\"
    <span class=sf-dump-key>1</span> => \"<span class=sf-dump-str title=\"7 characters\">WX-150A</span>\"
  </samp>]
  #<span class=sf-dump-protected title=\"Protected property\">escapeWhenCastingToString</span>: <span class=sf-dump-const>false</span>
</samp>}
</pre><script>Sfdump(\"sf-dump-1101023718\", {\"maxDepth\":3,\"maxStringLength\":160})</script>
","desde":"<pre class=sf-dump id=sf-dump-1057437930 data-indent-pad=\"  \"><span class=sf-dump-const>null</span>
</pre><script>Sfdump(\"sf-dump-1057437930\", {\"maxDepth\":3,\"maxStringLength\":160})</script>
","hasta":"<pre class=sf-dump id=sf-dump-481570931 data-indent-pad=\"  \"><span class=sf-dump-const>null</span>
</pre><script>Sfdump(\"sf-dump-481570931\", {\"maxDepth\":3,\"maxStringLength\":160})</script>
","producto":"<pre class=sf-dump id=sf-dump-762682993 data-indent-pad=\"  \"><span class=sf-dump-const>null</span>
</pre><script>Sfdump(\"sf-dump-762682993\", {\"maxDepth\":3,\"maxStringLength\":160})</script>
","motor":"<pre class=sf-dump id=sf-dump-1903172591 data-indent-pad=\"  \"><span class=sf-dump-const>null</span>
</pre><script>Sfdump(\"sf-dump-1903172591\", {\"maxDepth\":3,\"maxStringLength\":160})</script>
","guia":"<pre class=sf-dump id=sf-dump-712517251 data-indent-pad=\"  \"><span class=sf-dump-const>null</span>
</pre><script>Sfdump(\"sf-dump-712517251\", {\"maxDepth\":3,\"maxStringLength\":160})</script>
","contenedor":"<pre class=sf-dump id=sf-dump-73181436 data-indent-pad=\"  \"><span class=sf-dump-const>null</span>
</pre><script>Sfdump(\"sf-dump-73181436\", {\"maxDepth\":3,\"maxStringLength\":160})</script>
","enabled_modules":"<pre class=sf-dump id=sf-dump-1232701762 data-indent-pad=\"  \"><span class=sf-dump-note>array:7</span> [<samp data-depth=1 class=sf-dump-expanded>
  <span class=sf-dump-index>0</span> => \"<span class=sf-dump-str title=\"9 characters\">purchases</span>\"
  <span class=sf-dump-index>1</span> => \"<span class=sf-dump-str title=\"8 characters\">add_sale</span>\"
  <span class=sf-dump-index>2</span> => \"<span class=sf-dump-str title=\"8 characters\">pos_sale</span>\"
  <span class=sf-dump-index>3</span> => \"<span class=sf-dump-str title=\"15 characters\">stock_transfers</span>\"
  <span class=sf-dump-index>4</span> => \"<span class=sf-dump-str title=\"16 characters\">stock_adjustment</span>\"
  <span class=sf-dump-index>5</span> => \"<span class=sf-dump-str title=\"8 characters\">expenses</span>\"
  <span class=sf-dump-index>6</span> => \"<span class=sf-dump-str title=\"7 characters\">account</span>\"
</samp>]
</pre><script>Sfdump(\"sf-dump-1232701762\", {\"maxDepth\":3,\"maxStringLength\":160})</script>
","__is_pusher_enabled":"<pre class=sf-dump id=sf-dump-1089563888 data-indent-pad=\"  \"><span class=sf-dump-const>false</span>
</pre><script>Sfdump(\"sf-dump-1089563888\", {\"maxDepth\":3,\"maxStringLength\":160})</script>
"}},"userId":1,"exception":"[object] (Spatie\\LaravelIgnition\\Exceptions\\ViewException(code: 0): Method Illuminate\\Support\\Collection::appends does not exist. at D:\\PROYECTOS\\IMPORTACIONES RAMIREZ\\ERP-RAMIREZ\\vendor\\laravel\\framework\\src\\Illuminate\\Macroable\\Traits\\Macroable.php:113)
[stacktrace]
#0 D:\\PROYECTOS\\IMPORTACIONES RAMIREZ\\ERP-RAMIREZ\\resources\\views\\purchase\\importaciones\\index.blade.php(212): Illuminate\\Support\\Collection->__call('appends', Array)
#1 D:\\PROYECTOS\\IMPORTACIONES RAMIREZ\\ERP-RAMIREZ\\vendor\\laravel\\framework\\src\\Illuminate\\Filesystem\\Filesystem.php(109): require('D:\\\\PROYECTOS\\\\IM...')
#2 D:\\PROYECTOS\\IMPORTACIONES RAMIREZ\\ERP-RAMIREZ\\vendor\\laravel\\framework\\src\\Illuminate\\Filesystem\\Filesystem.php(110): Illuminate\\Filesystem\\Filesystem::Illuminate\\Filesystem\\{closure}()
#3 D:\\PROYECTOS\\IMPORTACIONES RAMIREZ\\ERP-RAMIREZ\\vendor\\laravel\\framework\\src\\Illuminate\\View\\Engines\\PhpEngine.php(58): Illuminate\\Filesystem\\Filesystem->getRequire('D:\\\\PROYECTOS\\\\IM...', Array)
#4 D:\\PROYECTOS\\IMPORTACIONES RAMIREZ\\ERP-RAMIREZ\\vendor\\laravel\\framework\\src\\Illuminate\\View\\Engines\\CompilerEngine.php(70): Illuminate\\View\\Engines\\PhpEngine->evaluatePath('D:\\\\PROYECTOS\\\\IM...', Array)
#5 D:\\PROYECTOS\\IMPORTACIONES RAMIREZ\\ERP-RAMIREZ\\vendor\\laravel\\framework\\src\\Illuminate\\View\\View.php(195): Illuminate\\View\\Engines\\CompilerEngine->get('D:\\\\PROYECTOS\\\\IM...', Array)
#6 D:\\PROYECTOS\\IMPORTACIONES RAMIREZ\\ERP-RAMIREZ\\vendor\\laravel\\framework\\src\\Illuminate\\View\\View.php(178): Illuminate\\View\\View->getContents()
#7 D:\\PROYECTOS\\IMPORTACIONES RAMIREZ\\ERP-RAMIREZ\\vendor\\laravel\\framework\\src\\Illuminate\\View\\View.php(147): Illuminate\\View\\View->renderContents()
#8 D:\\PROYECTOS\\IMPORTACIONES RAMIREZ\\ERP-RAMIREZ\\vendor\\laravel\\framework\\src\\Illuminate\\Http\\Response.php(69): Illuminate\\View\\View->render()
#9 D:\\PROYECTOS\\IMPORTACIONES RAMIREZ\\ERP-RAMIREZ\\vendor\\laravel\\framework\\src\\Illuminate\\Http\\Response.php(35): Illuminate\\Http\\Response->setContent(Object(Illuminate\\View\\View))
#10 D:\\PROYECTOS\\IMPORTACIONES RAMIREZ\\ERP-RAMIREZ\\vendor\\laravel\\framework\\src\\Illuminate\\Routing\\Router.php(906): Illuminate\\Http\\Response->__construct(Object(Illuminate\\View\\View), 200, Array)
#11 D:\\PROYECTOS\\IMPORTACIONES RAMIREZ\\ERP-RAMIREZ\\vendor\\laravel\\framework\\src\\Illuminate\\Routing\\Router.php(875): Illuminate\\Routing\\Router::toResponse(Object(Illuminate\\Http\\Request), Object(Illuminate\\View\\View))
#12 D:\\PROYECTOS\\IMPORTACIONES RAMIREZ\\ERP-RAMIREZ\\vendor\\laravel\\framework\\src\\Illuminate\\Routing\\Router.php(797): Illuminate\\Routing\\Router->prepareResponse(Object(Illuminate\\Http\\Request), Object(Illuminate\\View\\View))
#13 D:\\PROYECTOS\\IMPORTACIONES RAMIREZ\\ERP-RAMIREZ\\vendor\\laravel\\framework\\src\\Illuminate\\Pipeline\\Pipeline.php(141): Illuminate\\Routing\\Router->Illuminate\\Routing\\{closure}(Object(Illuminate\\Http\\Request))
#14 D:\\PROYECTOS\\IMPORTACIONES RAMIREZ\\ERP-RAMIREZ\\app\\Http\\Middleware\\CheckUserLogin.php(22): Illuminate\\Pipeline\\Pipeline->Illuminate\\Pipeline\\{closure}(Object(Illuminate\\Http\\Request))
#15 D:\\PROYECTOS\\IMPORTACIONES RAMIREZ\\ERP-RAMIREZ\\vendor\\laravel\\framework\\src\\Illuminate\\Pipeline\\Pipeline.php(180): App\\Http\\Middleware\\CheckUserLogin->handle(Object(Illuminate\\Http\\Request), Object(Closure))
#16 D:\\PROYECTOS\\IMPORTACIONES RAMIREZ\\ERP-RAMIREZ\\app\\Http\\Middleware\\AdminSidebarMenu.php(906): Illuminate\\Pipeline\\Pipeline->Illuminate\\Pipeline\\{closure}(Object(Illuminate\\Http\\Request))
#17 D:\\PROYECTOS\\IMPORTACIONES RAMIREZ\\ERP-RAMIREZ\\vendor\\laravel\\framework\\src\\Illuminate\\Pipeline\\Pipeline.php(180): App\\Http\\Middleware\\AdminSidebarMenu->handle(Object(Illuminate\\Http\\Request), Object(Closure))
#18 D:\\PROYECTOS\\IMPORTACIONES RAMIREZ\\ERP-RAMIREZ\\app\\Http\\Middleware\\Timezone.php(30): Illuminate\\Pipeline\\Pipeline->Illuminate\\Pipeline\\{closure}(Object(Illuminate\\Http\\Request))
#19 D:\\PROYECTOS\\IMPORTACIONES RAMIREZ\\ERP-RAMIREZ\\vendor\\laravel\\framework\\src\\Illuminate\\Pipeline\\Pipeline.php(180): App\\Http\\Middleware\\Timezone->handle(Object(Illuminate\\Http\\Request), Object(Closure))
#20 D:\\PROYECTOS\\IMPORTACIONES RAMIREZ\\ERP-RAMIREZ\\app\\Http\\Middleware\\Language.php(25): Illuminate\\Pipeline\\Pipeline->Illuminate\\Pipeline\\{closure}(Object(Illuminate\\Http\\Request))
#21 D:\\PROYECTOS\\IMPORTACIONES RAMIREZ\\ERP-RAMIREZ\\vendor\\laravel\\framework\\src\\Illuminate\\Pipeline\\Pipeline.php(180): App\\Http\\Middleware\\Language->handle(Object(Illuminate\\Http\\Request), Object(Closure))
#22 D:\\PROYECTOS\\IMPORTACIONES RAMIREZ\\ERP-RAMIREZ\\app\\Http\\Middleware\\SetSessionData.php(52): Illuminate\\Pipeline\\Pipeline->Illuminate\\Pipeline\\{closure}(Object(Illuminate\\Http\\Request))
#23 D:\\PROYECTOS\\IMPORTACIONES RAMIREZ\\ERP-RAMIREZ\\vendor\\laravel\\framework\\src\\Illuminate\\Pipeline\\Pipeline.php(180): App\\Http\\Middleware\\SetSessionData->handle(Object(Illuminate\\Http\\Request), Object(Closure))
#24 D:\\PROYECTOS\\IMPORTACIONES RAMIREZ\\ERP-RAMIREZ\\app\\Http\\Middleware\\IsInstalled.php(50): Illuminate\\Pipeline\\Pipeline->Illuminate\\Pipeline\\{closure}(Object(Illuminate\\Http\\Request))
#25 D:\\PROYECTOS\\IMPORTACIONES RAMIREZ\\ERP-RAMIREZ\\vendor\\laravel\\framework\\src\\Illuminate\\Pipeline\\Pipeline.php(180): App\\Http\\Middleware\\IsInstalled->handle(Object(Illuminate\\Http\\Request), Object(Closure))
#26 D:\\PROYECTOS\\IMPORTACIONES RAMIREZ\\ERP-RAMIREZ\\vendor\\laravel\\framework\\src\\Illuminate\\Routing\\Middleware\\SubstituteBindings.php(50): Illuminate\\Pipeline\\Pipeline->Illuminate\\Pipeline\\{closure}(Object(Illuminate\\Http\\Request))
#27 D:\\PROYECTOS\\IMPORTACIONES RAMIREZ\\ERP-RAMIREZ\\vendor\\laravel\\framework\\src\\Illuminate\\Pipeline\\Pipeline.php(180): Illuminate\\Routing\\Middleware\\SubstituteBindings->handle(Object(Illuminate\\Http\\Request), Object(Closure))
#28 D:\\PROYECTOS\\IMPORTACIONES RAMIREZ\\ERP-RAMIREZ\\vendor\\laravel\\framework\\src\\Illuminate\\Auth\\Middleware\\Authenticate.php(44): Illuminate\\Pipeline\\Pipeline->Illuminate\\Pipeline\\{closure}(Object(Illuminate\\Http\\Request))
#29 D:\\PROYECTOS\\IMPORTACIONES RAMIREZ\\ERP-RAMIREZ\\vendor\\laravel\\framework\\src\\Illuminate\\Pipeline\\Pipeline.php(180): Illuminate\\Auth\\Middleware\\Authenticate->handle(Object(Illuminate\\Http\\Request), Object(Closure))
#30 D:\\PROYECTOS\\IMPORTACIONES RAMIREZ\\ERP-RAMIREZ\\vendor\\laravel\\framework\\src\\Illuminate\\Foundation\\Http\\Middleware\\VerifyCsrfToken.php(78): Illuminate\\Pipeline\\Pipeline->Illuminate\\Pipeline\\{closure}(Object(Illuminate\\Http\\Request))
#31 D:\\PROYECTOS\\IMPORTACIONES RAMIREZ\\ERP-RAMIREZ\\vendor\\laravel\\framework\\src\\Illuminate\\Pipeline\\Pipeline.php(180): Illuminate\\Foundation\\Http\\Middleware\\VerifyCsrfToken->handle(Object(Illuminate\\Http\\Request), Object(Closure))
#32 D:\\PROYECTOS\\IMPORTACIONES RAMIREZ\\ERP-RAMIREZ\\vendor\\laravel\\framework\\src\\Illuminate\\View\\Middleware\\ShareErrorsFromSession.php(49): Illuminate\\Pipeline\\Pipeline->Illuminate\\Pipeline\\{closure}(Object(Illuminate\\Http\\Request))
#33 D:\\PROYECTOS\\IMPORTACIONES RAMIREZ\\ERP-RAMIREZ\\vendor\\laravel\\framework\\src\\Illuminate\\Pipeline\\Pipeline.php(180): Illuminate\\View\\Middleware\\ShareErrorsFromSession->handle(Object(Illuminate\\Http\\Request), Object(Closure))
#34 D:\\PROYECTOS\\IMPORTACIONES RAMIREZ\\ERP-RAMIREZ\\vendor\\laravel\\framework\\src\\Illuminate\\Session\\Middleware\\StartSession.php(121): Illuminate\\Pipeline\\Pipeline->Illuminate\\Pipeline\\{closure}(Object(Illuminate\\Http\\Request))
#35 D:\\PROYECTOS\\IMPORTACIONES RAMIREZ\\ERP-RAMIREZ\\vendor\\laravel\\framework\\src\\Illuminate\\Session\\Middleware\\StartSession.php(64): Illuminate\\Session\\Middleware\\StartSession->handleStatefulRequest(Object(Illuminate\\Http\\Request), Object(Illuminate\\Session\\Store), Object(Closure))
#36 D:\\PROYECTOS\\IMPORTACIONES RAMIREZ\\ERP-RAMIREZ\\vendor\\laravel\\framework\\src\\Illuminate\\Pipeline\\Pipeline.php(180): Illuminate\\Session\\Middleware\\StartSession->handle(Object(Illuminate\\Http\\Request), Object(Closure))
#37 D:\\PROYECTOS\\IMPORTACIONES RAMIREZ\\ERP-RAMIREZ\\vendor\\laravel\\framework\\src\\Illuminate\\Cookie\\Middleware\\AddQueuedCookiesToResponse.php(37): Illuminate\\Pipeline\\Pipeline->Illuminate\\Pipeline\\{closure}(Object(Illuminate\\Http\\Request))
#38 D:\\PROYECTOS\\IMPORTACIONES RAMIREZ\\ERP-RAMIREZ\\vendor\\laravel\\framework\\src\\Illuminate\\Pipeline\\Pipeline.php(180): Illuminate\\Cookie\\Middleware\\AddQueuedCookiesToResponse->handle(Object(Illuminate\\Http\\Request), Object(Closure))
#39 D:\\PROYECTOS\\IMPORTACIONES RAMIREZ\\ERP-RAMIREZ\\vendor\\laravel\\framework\\src\\Illuminate\\Cookie\\Middleware\\EncryptCookies.php(67): Illuminate\\Pipeline\\Pipeline->Illuminate\\Pipeline\\{closure}(Object(Illuminate\\Http\\Request))
#40 D:\\PROYECTOS\\IMPORTACIONES RAMIREZ\\ERP-RAMIREZ\\vendor\\laravel\\framework\\src\\Illuminate\\Pipeline\\Pipeline.php(180): Illuminate\\Cookie\\Middleware\\EncryptCookies->handle(Object(Illuminate\\Http\\Request), Object(Closure))
#41 D:\\PROYECTOS\\IMPORTACIONES RAMIREZ\\ERP-RAMIREZ\\vendor\\laravel\\framework\\src\\Illuminate\\Pipeline\\Pipeline.php(116): Illuminate\\Pipeline\\Pipeline->Illuminate\\Pipeline\\{closure}(Object(Illuminate\\Http\\Request))
#42 D:\\PROYECTOS\\IMPORTACIONES RAMIREZ\\ERP-RAMIREZ\\vendor\\laravel\\framework\\src\\Illuminate\\Routing\\Router.php(797): Illuminate\\Pipeline\\Pipeline->then(Object(Closure))
#43 D:\\PROYECTOS\\IMPORTACIONES RAMIREZ\\ERP-RAMIREZ\\vendor\\laravel\\framework\\src\\Illuminate\\Routing\\Router.php(776): Illuminate\\Routing\\Router->runRouteWithinStack(Object(Illuminate\\Routing\\Route), Object(Illuminate\\Http\\Request))
#44 D:\\PROYECTOS\\IMPORTACIONES RAMIREZ\\ERP-RAMIREZ\\vendor\\laravel\\framework\\src\\Illuminate\\Routing\\Router.php(740): Illuminate\\Routing\\Router->runRoute(Object(Illuminate\\Http\\Request), Object(Illuminate\\Routing\\Route))
#45 D:\\PROYECTOS\\IMPORTACIONES RAMIREZ\\ERP-RAMIREZ\\vendor\\laravel\\framework\\src\\Illuminate\\Routing\\Router.php(729): Illuminate\\Routing\\Router->dispatchToRoute(Object(Illuminate\\Http\\Request))
#46 D:\\PROYECTOS\\IMPORTACIONES RAMIREZ\\ERP-RAMIREZ\\vendor\\laravel\\framework\\src\\Illuminate\\Foundation\\Http\\Kernel.php(190): Illuminate\\Routing\\Router->dispatch(Object(Illuminate\\Http\\Request))
#47 D:\\PROYECTOS\\IMPORTACIONES RAMIREZ\\ERP-RAMIREZ\\vendor\\laravel\\framework\\src\\Illuminate\\Pipeline\\Pipeline.php(141): Illuminate\\Foundation\\Http\\Kernel->Illuminate\\Foundation\\Http\\{closure}(Object(Illuminate\\Http\\Request))
#48 D:\\PROYECTOS\\IMPORTACIONES RAMIREZ\\ERP-RAMIREZ\\vendor\\barryvdh\\laravel-debugbar\\src\\Middleware\\InjectDebugbar.php(59): Illuminate\\Pipeline\\Pipeline->Illuminate\\Pipeline\\{closure}(Object(Illuminate\\Http\\Request))
#49 D:\\PROYECTOS\\IMPORTACIONES RAMIREZ\\ERP-RAMIREZ\\vendor\\laravel\\framework\\src\\Illuminate\\Pipeline\\Pipeline.php(180): Barryvdh\\Debugbar\\Middleware\\InjectDebugbar->handle(Object(Illuminate\\Http\\Request), Object(Closure))
#50 D:\\PROYECTOS\\IMPORTACIONES RAMIREZ\\ERP-RAMIREZ\\vendor\\laravel\\framework\\src\\Illuminate\\Foundation\\Http\\Middleware\\TransformsRequest.php(21): Illuminate\\Pipeline\\Pipeline->Illuminate\\Pipeline\\{closure}(Object(Illuminate\\Http\\Request))
#51 D:\\PROYECTOS\\IMPORTACIONES RAMIREZ\\ERP-RAMIREZ\\vendor\\laravel\\framework\\src\\Illuminate\\Foundation\\Http\\Middleware\\ConvertEmptyStringsToNull.php(31): Illuminate\\Foundation\\Http\\Middleware\\TransformsRequest->handle(Object(Illuminate\\Http\\Request), Object(Closure))
#52 D:\\PROYECTOS\\IMPORTACIONES RAMIREZ\\ERP-RAMIREZ\\vendor\\laravel\\framework\\src\\Illuminate\\Pipeline\\Pipeline.php(180): Illuminate\\Foundation\\Http\\Middleware\\ConvertEmptyStringsToNull->handle(Object(Illuminate\\Http\\Request), Object(Closure))
#53 D:\\PROYECTOS\\IMPORTACIONES RAMIREZ\\ERP-RAMIREZ\\vendor\\laravel\\framework\\src\\Illuminate\\Foundation\\Http\\Middleware\\TransformsRequest.php(21): Illuminate\\Pipeline\\Pipeline->Illuminate\\Pipeline\\{closure}(Object(Illuminate\\Http\\Request))
#54 D:\\PROYECTOS\\IMPORTACIONES RAMIREZ\\ERP-RAMIREZ\\vendor\\laravel\\framework\\src\\Illuminate\\Foundation\\Http\\Middleware\\TrimStrings.php(40): Illuminate\\Foundation\\Http\\Middleware\\TransformsRequest->handle(Object(Illuminate\\Http\\Request), Object(Closure))
#55 D:\\PROYECTOS\\IMPORTACIONES RAMIREZ\\ERP-RAMIREZ\\vendor\\laravel\\framework\\src\\Illuminate\\Pipeline\\Pipeline.php(180): Illuminate\\Foundation\\Http\\Middleware\\TrimStrings->handle(Object(Illuminate\\Http\\Request), Object(Closure))
#56 D:\\PROYECTOS\\IMPORTACIONES RAMIREZ\\ERP-RAMIREZ\\vendor\\laravel\\framework\\src\\Illuminate\\Foundation\\Http\\Middleware\\ValidatePostSize.php(27): Illuminate\\Pipeline\\Pipeline->Illuminate\\Pipeline\\{closure}(Object(Illuminate\\Http\\Request))
#57 D:\\PROYECTOS\\IMPORTACIONES RAMIREZ\\ERP-RAMIREZ\\vendor\\laravel\\framework\\src\\Illuminate\\Pipeline\\Pipeline.php(180): Illuminate\\Foundation\\Http\\Middleware\\ValidatePostSize->handle(Object(Illuminate\\Http\\Request), Object(Closure))
#58 D:\\PROYECTOS\\IMPORTACIONES RAMIREZ\\ERP-RAMIREZ\\vendor\\laravel\\framework\\src\\Illuminate\\Foundation\\Http\\Middleware\\PreventRequestsDuringMaintenance.php(86): Illuminate\\Pipeline\\Pipeline->Illuminate\\Pipeline\\{closure}(Object(Illuminate\\Http\\Request))
#59 D:\\PROYECTOS\\IMPORTACIONES RAMIREZ\\ERP-RAMIREZ\\vendor\\laravel\\framework\\src\\Illuminate\\Pipeline\\Pipeline.php(180): Illuminate\\Foundation\\Http\\Middleware\\PreventRequestsDuringMaintenance->handle(Object(Illuminate\\Http\\Request), Object(Closure))
#60 D:\\PROYECTOS\\IMPORTACIONES RAMIREZ\\ERP-RAMIREZ\\vendor\\laravel\\framework\\src\\Illuminate\\Http\\Middleware\\HandleCors.php(49): Illuminate\\Pipeline\\Pipeline->Illuminate\\Pipeline\\{closure}(Object(Illuminate\\Http\\Request))
#61 D:\\PROYECTOS\\IMPORTACIONES RAMIREZ\\ERP-RAMIREZ\\vendor\\laravel\\framework\\src\\Illuminate\\Pipeline\\Pipeline.php(180): Illuminate\\Http\\Middleware\\HandleCors->handle(Object(Illuminate\\Http\\Request), Object(Closure))
#62 D:\\PROYECTOS\\IMPORTACIONES RAMIREZ\\ERP-RAMIREZ\\vendor\\laravel\\framework\\src\\Illuminate\\Http\\Middleware\\TrustProxies.php(39): Illuminate\\Pipeline\\Pipeline->Illuminate\\Pipeline\\{closure}(Object(Illuminate\\Http\\Request))
#63 D:\\PROYECTOS\\IMPORTACIONES RAMIREZ\\ERP-RAMIREZ\\vendor\\laravel\\framework\\src\\Illuminate\\Pipeline\\Pipeline.php(180): Illuminate\\Http\\Middleware\\TrustProxies->handle(Object(Illuminate\\Http\\Request), Object(Closure))
#64 D:\\PROYECTOS\\IMPORTACIONES RAMIREZ\\ERP-RAMIREZ\\vendor\\laravel\\framework\\src\\Illuminate\\Pipeline\\Pipeline.php(116): Illuminate\\Pipeline\\Pipeline->Illuminate\\Pipeline\\{closure}(Object(Illuminate\\Http\\Request))
#65 D:\\PROYECTOS\\IMPORTACIONES RAMIREZ\\ERP-RAMIREZ\\vendor\\laravel\\framework\\src\\Illuminate\\Foundation\\Http\\Kernel.php(165): Illuminate\\Pipeline\\Pipeline->then(Object(Closure))
#66 D:\\PROYECTOS\\IMPORTACIONES RAMIREZ\\ERP-RAMIREZ\\vendor\\laravel\\framework\\src\\Illuminate\\Foundation\\Http\\Kernel.php(134): Illuminate\\Foundation\\Http\\Kernel->sendRequestThroughRouter(Object(Illuminate\\Http\\Request))
#67 D:\\PROYECTOS\\IMPORTACIONES RAMIREZ\\ERP-RAMIREZ\\public\\index.php(51): Illuminate\\Foundation\\Http\\Kernel->handle(Object(Illuminate\\Http\\Request))
#68 D:\\PROYECTOS\\IMPORTACIONES RAMIREZ\\ERP-RAMIREZ\\vendor\\laravel\\framework\\src\\Illuminate\\Foundation\\resources\\server.php(16): require_once('D:\\\\PROYECTOS\\\\IM...')
#69 {main}

[previous exception] [object] (BadMethodCallException(code: 0): Method Illuminate\\Support\\Collection::appends does not exist. at D:\\PROYECTOS\\IMPORTACIONES RAMIREZ\\ERP-RAMIREZ\\vendor\\laravel\\framework\\src\\Illuminate\\Macroable\\Traits\\Macroable.php:113)
[stacktrace]
#0 D:\\PROYECTOS\\IMPORTACIONES RAMIREZ\\ERP-RAMIREZ\\storage\\framework\\views\\dc6f0818c41a1e845a314568edf6dc99a1727aa6.php(214): Illuminate\\Support\\Collection->__call('appends', Array)
#1 D:\\PROYECTOS\\IMPORTACIONES RAMIREZ\\ERP-RAMIREZ\\vendor\\laravel\\framework\\src\\Illuminate\\Filesystem\\Filesystem.php(109): require('D:\\\\PROYECTOS\\\\IM...')
#2 D:\\PROYECTOS\\IMPORTACIONES RAMIREZ\\ERP-RAMIREZ\\vendor\\laravel\\framework\\src\\Illuminate\\Filesystem\\Filesystem.php(110): Illuminate\\Filesystem\\Filesystem::Illuminate\\Filesystem\\{closure}()
#3 D:\\PROYECTOS\\IMPORTACIONES RAMIREZ\\ERP-RAMIREZ\\vendor\\laravel\\framework\\src\\Illuminate\\View\\Engines\\PhpEngine.php(58): Illuminate\\Filesystem\\Filesystem->getRequire('D:\\\\PROYECTOS\\\\IM...', Array)
#4 D:\\PROYECTOS\\IMPORTACIONES RAMIREZ\\ERP-RAMIREZ\\vendor\\laravel\\framework\\src\\Illuminate\\View\\Engines\\CompilerEngine.php(70): Illuminate\\View\\Engines\\PhpEngine->evaluatePath('D:\\\\PROYECTOS\\\\IM...', Array)
#5 D:\\PROYECTOS\\IMPORTACIONES RAMIREZ\\ERP-RAMIREZ\\vendor\\laravel\\framework\\src\\Illuminate\\View\\View.php(195): Illuminate\\View\\Engines\\CompilerEngine->get('D:\\\\PROYECTOS\\\\IM...', Array)
#6 D:\\PROYECTOS\\IMPORTACIONES RAMIREZ\\ERP-RAMIREZ\\vendor\\laravel\\framework\\src\\Illuminate\\View\\View.php(178): Illuminate\\View\\View->getContents()
#7 D:\\PROYECTOS\\IMPORTACIONES RAMIREZ\\ERP-RAMIREZ\\vendor\\laravel\\framework\\src\\Illuminate\\View\\View.php(147): Illuminate\\View\\View->renderContents()
#8 D:\\PROYECTOS\\IMPORTACIONES RAMIREZ\\ERP-RAMIREZ\\vendor\\laravel\\framework\\src\\Illuminate\\Http\\Response.php(69): Illuminate\\View\\View->render()
#9 D:\\PROYECTOS\\IMPORTACIONES RAMIREZ\\ERP-RAMIREZ\\vendor\\laravel\\framework\\src\\Illuminate\\Http\\Response.php(35): Illuminate\\Http\\Response->setContent(Object(Illuminate\\View\\View))
#10 D:\\PROYECTOS\\IMPORTACIONES RAMIREZ\\ERP-RAMIREZ\\vendor\\laravel\\framework\\src\\Illuminate\\Routing\\Router.php(906): Illuminate\\Http\\Response->__construct(Object(Illuminate\\View\\View), 200, Array)
#11 D:\\PROYECTOS\\IMPORTACIONES RAMIREZ\\ERP-RAMIREZ\\vendor\\laravel\\framework\\src\\Illuminate\\Routing\\Router.php(875): Illuminate\\Routing\\Router::toResponse(Object(Illuminate\\Http\\Request), Object(Illuminate\\View\\View))
#12 D:\\PROYECTOS\\IMPORTACIONES RAMIREZ\\ERP-RAMIREZ\\vendor\\laravel\\framework\\src\\Illuminate\\Routing\\Router.php(797): Illuminate\\Routing\\Router->prepareResponse(Object(Illuminate\\Http\\Request), Object(Illuminate\\View\\View))
#13 D:\\PROYECTOS\\IMPORTACIONES RAMIREZ\\ERP-RAMIREZ\\vendor\\laravel\\framework\\src\\Illuminate\\Pipeline\\Pipeline.php(141): Illuminate\\Routing\\Router->Illuminate\\Routing\\{closure}(Object(Illuminate\\Http\\Request))
#14 D:\\PROYECTOS\\IMPORTACIONES RAMIREZ\\ERP-RAMIREZ\\app\\Http\\Middleware\\CheckUserLogin.php(22): Illuminate\\Pipeline\\Pipeline->Illuminate\\Pipeline\\{closure}(Object(Illuminate\\Http\\Request))
#15 D:\\PROYECTOS\\IMPORTACIONES RAMIREZ\\ERP-RAMIREZ\\vendor\\laravel\\framework\\src\\Illuminate\\Pipeline\\Pipeline.php(180): App\\Http\\Middleware\\CheckUserLogin->handle(Object(Illuminate\\Http\\Request), Object(Closure))
#16 D:\\PROYECTOS\\IMPORTACIONES RAMIREZ\\ERP-RAMIREZ\\app\\Http\\Middleware\\AdminSidebarMenu.php(906): Illuminate\\Pipeline\\Pipeline->Illuminate\\Pipeline\\{closure}(Object(Illuminate\\Http\\Request))
#17 D:\\PROYECTOS\\IMPORTACIONES RAMIREZ\\ERP-RAMIREZ\\vendor\\laravel\\framework\\src\\Illuminate\\Pipeline\\Pipeline.php(180): App\\Http\\Middleware\\AdminSidebarMenu->handle(Object(Illuminate\\Http\\Request), Object(Closure))
#18 D:\\PROYECTOS\\IMPORTACIONES RAMIREZ\\ERP-RAMIREZ\\app\\Http\\Middleware\\Timezone.php(30): Illuminate\\Pipeline\\Pipeline->Illuminate\\Pipeline\\{closure}(Object(Illuminate\\Http\\Request))
#19 D:\\PROYECTOS\\IMPORTACIONES RAMIREZ\\ERP-RAMIREZ\\vendor\\laravel\\framework\\src\\Illuminate\\Pipeline\\Pipeline.php(180): App\\Http\\Middleware\\Timezone->handle(Object(Illuminate\\Http\\Request), Object(Closure))
#20 D:\\PROYECTOS\\IMPORTACIONES RAMIREZ\\ERP-RAMIREZ\\app\\Http\\Middleware\\Language.php(25): Illuminate\\Pipeline\\Pipeline->Illuminate\\Pipeline\\{closure}(Object(Illuminate\\Http\\Request))
#21 D:\\PROYECTOS\\IMPORTACIONES RAMIREZ\\ERP-RAMIREZ\\vendor\\laravel\\framework\\src\\Illuminate\\Pipeline\\Pipeline.php(180): App\\Http\\Middleware\\Language->handle(Object(Illuminate\\Http\\Request), Object(Closure))
#22 D:\\PROYECTOS\\IMPORTACIONES RAMIREZ\\ERP-RAMIREZ\\app\\Http\\Middleware\\SetSessionData.php(52): Illuminate\\Pipeline\\Pipeline->Illuminate\\Pipeline\\{closure}(Object(Illuminate\\Http\\Request))
#23 D:\\PROYECTOS\\IMPORTACIONES RAMIREZ\\ERP-RAMIREZ\\vendor\\laravel\\framework\\src\\Illuminate\\Pipeline\\Pipeline.php(180): App\\Http\\Middleware\\SetSessionData->handle(Object(Illuminate\\Http\\Request), Object(Closure))
#24 D:\\PROYECTOS\\IMPORTACIONES RAMIREZ\\ERP-RAMIREZ\\app\\Http\\Middleware\\IsInstalled.php(50): Illuminate\\Pipeline\\Pipeline->Illuminate\\Pipeline\\{closure}(Object(Illuminate\\Http\\Request))
#25 D:\\PROYECTOS\\IMPORTACIONES RAMIREZ\\ERP-RAMIREZ\\vendor\\laravel\\framework\\src\\Illuminate\\Pipeline\\Pipeline.php(180): App\\Http\\Middleware\\IsInstalled->handle(Object(Illuminate\\Http\\Request), Object(Closure))
#26 D:\\PROYECTOS\\IMPORTACIONES RAMIREZ\\ERP-RAMIREZ\\vendor\\laravel\\framework\\src\\Illuminate\\Routing\\Middleware\\SubstituteBindings.php(50): Illuminate\\Pipeline\\Pipeline->Illuminate\\Pipeline\\{closure}(Object(Illuminate\\Http\\Request))
#27 D:\\PROYECTOS\\IMPORTACIONES RAMIREZ\\ERP-RAMIREZ\\vendor\\laravel\\framework\\src\\Illuminate\\Pipeline\\Pipeline.php(180): Illuminate\\Routing\\Middleware\\SubstituteBindings->handle(Object(Illuminate\\Http\\Request), Object(Closure))
#28 D:\\PROYECTOS\\IMPORTACIONES RAMIREZ\\ERP-RAMIREZ\\vendor\\laravel\\framework\\src\\Illuminate\\Auth\\Middleware\\Authenticate.php(44): Illuminate\\Pipeline\\Pipeline->Illuminate\\Pipeline\\{closure}(Object(Illuminate\\Http\\Request))
#29 D:\\PROYECTOS\\IMPORTACIONES RAMIREZ\\ERP-RAMIREZ\\vendor\\laravel\\framework\\src\\Illuminate\\Pipeline\\Pipeline.php(180): Illuminate\\Auth\\Middleware\\Authenticate->handle(Object(Illuminate\\Http\\Request), Object(Closure))
#30 D:\\PROYECTOS\\IMPORTACIONES RAMIREZ\\ERP-RAMIREZ\\vendor\\laravel\\framework\\src\\Illuminate\\Foundation\\Http\\Middleware\\VerifyCsrfToken.php(78): Illuminate\\Pipeline\\Pipeline->Illuminate\\Pipeline\\{closure}(Object(Illuminate\\Http\\Request))
#31 D:\\PROYECTOS\\IMPORTACIONES RAMIREZ\\ERP-RAMIREZ\\vendor\\laravel\\framework\\src\\Illuminate\\Pipeline\\Pipeline.php(180): Illuminate\\Foundation\\Http\\Middleware\\VerifyCsrfToken->handle(Object(Illuminate\\Http\\Request), Object(Closure))
#32 D:\\PROYECTOS\\IMPORTACIONES RAMIREZ\\ERP-RAMIREZ\\vendor\\laravel\\framework\\src\\Illuminate\\View\\Middleware\\ShareErrorsFromSession.php(49): Illuminate\\Pipeline\\Pipeline->Illuminate\\Pipeline\\{closure}(Object(Illuminate\\Http\\Request))
#33 D:\\PROYECTOS\\IMPORTACIONES RAMIREZ\\ERP-RAMIREZ\\vendor\\laravel\\framework\\src\\Illuminate\\Pipeline\\Pipeline.php(180): Illuminate\\View\\Middleware\\ShareErrorsFromSession->handle(Object(Illuminate\\Http\\Request), Object(Closure))
#34 D:\\PROYECTOS\\IMPORTACIONES RAMIREZ\\ERP-RAMIREZ\\vendor\\laravel\\framework\\src\\Illuminate\\Session\\Middleware\\StartSession.php(121): Illuminate\\Pipeline\\Pipeline->Illuminate\\Pipeline\\{closure}(Object(Illuminate\\Http\\Request))
#35 D:\\PROYECTOS\\IMPORTACIONES RAMIREZ\\ERP-RAMIREZ\\vendor\\laravel\\framework\\src\\Illuminate\\Session\\Middleware\\StartSession.php(64): Illuminate\\Session\\Middleware\\StartSession->handleStatefulRequest(Object(Illuminate\\Http\\Request), Object(Illuminate\\Session\\Store), Object(Closure))
#36 D:\\PROYECTOS\\IMPORTACIONES RAMIREZ\\ERP-RAMIREZ\\vendor\\laravel\\framework\\src\\Illuminate\\Pipeline\\Pipeline.php(180): Illuminate\\Session\\Middleware\\StartSession->handle(Object(Illuminate\\Http\\Request), Object(Closure))
#37 D:\\PROYECTOS\\IMPORTACIONES RAMIREZ\\ERP-RAMIREZ\\vendor\\laravel\\framework\\src\\Illuminate\\Cookie\\Middleware\\AddQueuedCookiesToResponse.php(37): Illuminate\\Pipeline\\Pipeline->Illuminate\\Pipeline\\{closure}(Object(Illuminate\\Http\\Request))
#38 D:\\PROYECTOS\\IMPORTACIONES RAMIREZ\\ERP-RAMIREZ\\vendor\\laravel\\framework\\src\\Illuminate\\Pipeline\\Pipeline.php(180): Illuminate\\Cookie\\Middleware\\AddQueuedCookiesToResponse->handle(Object(Illuminate\\Http\\Request), Object(Closure))
#39 D:\\PROYECTOS\\IMPORTACIONES RAMIREZ\\ERP-RAMIREZ\\vendor\\laravel\\framework\\src\\Illuminate\\Cookie\\Middleware\\EncryptCookies.php(67): Illuminate\\Pipeline\\Pipeline->Illuminate\\Pipeline\\{closure}(Object(Illuminate\\Http\\Request))
#40 D:\\PROYECTOS\\IMPORTACIONES RAMIREZ\\ERP-RAMIREZ\\vendor\\laravel\\framework\\src\\Illuminate\\Pipeline\\Pipeline.php(180): Illuminate\\Cookie\\Middleware\\EncryptCookies->handle(Object(Illuminate\\Http\\Request), Object(Closure))
#41 D:\\PROYECTOS\\IMPORTACIONES RAMIREZ\\ERP-RAMIREZ\\vendor\\laravel\\framework\\src\\Illuminate\\Pipeline\\Pipeline.php(116): Illuminate\\Pipeline\\Pipeline->Illuminate\\Pipeline\\{closure}(Object(Illuminate\\Http\\Request))
#42 D:\\PROYECTOS\\IMPORTACIONES RAMIREZ\\ERP-RAMIREZ\\vendor\\laravel\\framework\\src\\Illuminate\\Routing\\Router.php(797): Illuminate\\Pipeline\\Pipeline->then(Object(Closure))
#43 D:\\PROYECTOS\\IMPORTACIONES RAMIREZ\\ERP-RAMIREZ\\vendor\\laravel\\framework\\src\\Illuminate\\Routing\\Router.php(776): Illuminate\\Routing\\Router->runRouteWithinStack(Object(Illuminate\\Routing\\Route), Object(Illuminate\\Http\\Request))
#44 D:\\PROYECTOS\\IMPORTACIONES RAMIREZ\\ERP-RAMIREZ\\vendor\\laravel\\framework\\src\\Illuminate\\Routing\\Router.php(740): Illuminate\\Routing\\Router->runRoute(Object(Illuminate\\Http\\Request), Object(Illuminate\\Routing\\Route))
#45 D:\\PROYECTOS\\IMPORTACIONES RAMIREZ\\ERP-RAMIREZ\\vendor\\laravel\\framework\\src\\Illuminate\\Routing\\Router.php(729): Illuminate\\Routing\\Router->dispatchToRoute(Object(Illuminate\\Http\\Request))
#46 D:\\PROYECTOS\\IMPORTACIONES RAMIREZ\\ERP-RAMIREZ\\vendor\\laravel\\framework\\src\\Illuminate\\Foundation\\Http\\Kernel.php(190): Illuminate\\Routing\\Router->dispatch(Object(Illuminate\\Http\\Request))
#47 D:\\PROYECTOS\\IMPORTACIONES RAMIREZ\\ERP-RAMIREZ\\vendor\\laravel\\framework\\src\\Illuminate\\Pipeline\\Pipeline.php(141): Illuminate\\Foundation\\Http\\Kernel->Illuminate\\Foundation\\Http\\{closure}(Object(Illuminate\\Http\\Request))
#48 D:\\PROYECTOS\\IMPORTACIONES RAMIREZ\\ERP-RAMIREZ\\vendor\\barryvdh\\laravel-debugbar\\src\\Middleware\\InjectDebugbar.php(59): Illuminate\\Pipeline\\Pipeline->Illuminate\\Pipeline\\{closure}(Object(Illuminate\\Http\\Request))
#49 D:\\PROYECTOS\\IMPORTACIONES RAMIREZ\\ERP-RAMIREZ\\vendor\\laravel\\framework\\src\\Illuminate\\Pipeline\\Pipeline.php(180): Barryvdh\\Debugbar\\Middleware\\InjectDebugbar->handle(Object(Illuminate\\Http\\Request), Object(Closure))
#50 D:\\PROYECTOS\\IMPORTACIONES RAMIREZ\\ERP-RAMIREZ\\vendor\\laravel\\framework\\src\\Illuminate\\Foundation\\Http\\Middleware\\TransformsRequest.php(21): Illuminate\\Pipeline\\Pipeline->Illuminate\\Pipeline\\{closure}(Object(Illuminate\\Http\\Request))
#51 D:\\PROYECTOS\\IMPORTACIONES RAMIREZ\\ERP-RAMIREZ\\vendor\\laravel\\framework\\src\\Illuminate\\Foundation\\Http\\Middleware\\ConvertEmptyStringsToNull.php(31): Illuminate\\Foundation\\Http\\Middleware\\TransformsRequest->handle(Object(Illuminate\\Http\\Request), Object(Closure))
#52 D:\\PROYECTOS\\IMPORTACIONES RAMIREZ\\ERP-RAMIREZ\\vendor\\laravel\\framework\\src\\Illuminate\\Pipeline\\Pipeline.php(180): Illuminate\\Foundation\\Http\\Middleware\\ConvertEmptyStringsToNull->handle(Object(Illuminate\\Http\\Request), Object(Closure))
#53 D:\\PROYECTOS\\IMPORTACIONES RAMIREZ\\ERP-RAMIREZ\\vendor\\laravel\\framework\\src\\Illuminate\\Foundation\\Http\\Middleware\\TransformsRequest.php(21): Illuminate\\Pipeline\\Pipeline->Illuminate\\Pipeline\\{closure}(Object(Illuminate\\Http\\Request))
#54 D:\\PROYECTOS\\IMPORTACIONES RAMIREZ\\ERP-RAMIREZ\\vendor\\laravel\\framework\\src\\Illuminate\\Foundation\\Http\\Middleware\\TrimStrings.php(40): Illuminate\\Foundation\\Http\\Middleware\\TransformsRequest->handle(Object(Illuminate\\Http\\Request), Object(Closure))
#55 D:\\PROYECTOS\\IMPORTACIONES RAMIREZ\\ERP-RAMIREZ\\vendor\\laravel\\framework\\src\\Illuminate\\Pipeline\\Pipeline.php(180): Illuminate\\Foundation\\Http\\Middleware\\TrimStrings->handle(Object(Illuminate\\Http\\Request), Object(Closure))
#56 D:\\PROYECTOS\\IMPORTACIONES RAMIREZ\\ERP-RAMIREZ\\vendor\\laravel\\framework\\src\\Illuminate\\Foundation\\Http\\Middleware\\ValidatePostSize.php(27): Illuminate\\Pipeline\\Pipeline->Illuminate\\Pipeline\\{closure}(Object(Illuminate\\Http\\Request))
#57 D:\\PROYECTOS\\IMPORTACIONES RAMIREZ\\ERP-RAMIREZ\\vendor\\laravel\\framework\\src\\Illuminate\\Pipeline\\Pipeline.php(180): Illuminate\\Foundation\\Http\\Middleware\\ValidatePostSize->handle(Object(Illuminate\\Http\\Request), Object(Closure))
#58 D:\\PROYECTOS\\IMPORTACIONES RAMIREZ\\ERP-RAMIREZ\\vendor\\laravel\\framework\\src\\Illuminate\\Foundation\\Http\\Middleware\\PreventRequestsDuringMaintenance.php(86): Illuminate\\Pipeline\\Pipeline->Illuminate\\Pipeline\\{closure}(Object(Illuminate\\Http\\Request))
#59 D:\\PROYECTOS\\IMPORTACIONES RAMIREZ\\ERP-RAMIREZ\\vendor\\laravel\\framework\\src\\Illuminate\\Pipeline\\Pipeline.php(180): Illuminate\\Foundation\\Http\\Middleware\\PreventRequestsDuringMaintenance->handle(Object(Illuminate\\Http\\Request), Object(Closure))
#60 D:\\PROYECTOS\\IMPORTACIONES RAMIREZ\\ERP-RAMIREZ\\vendor\\laravel\\framework\\src\\Illuminate\\Http\\Middleware\\HandleCors.php(49): Illuminate\\Pipeline\\Pipeline->Illuminate\\Pipeline\\{closure}(Object(Illuminate\\Http\\Request))
#61 D:\\PROYECTOS\\IMPORTACIONES RAMIREZ\\ERP-RAMIREZ\\vendor\\laravel\\framework\\src\\Illuminate\\Pipeline\\Pipeline.php(180): Illuminate\\Http\\Middleware\\HandleCors->handle(Object(Illuminate\\Http\\Request), Object(Closure))
#62 D:\\PROYECTOS\\IMPORTACIONES RAMIREZ\\ERP-RAMIREZ\\vendor\\laravel\\framework\\src\\Illuminate\\Http\\Middleware\\TrustProxies.php(39): Illuminate\\Pipeline\\Pipeline->Illuminate\\Pipeline\\{closure}(Object(Illuminate\\Http\\Request))
#63 D:\\PROYECTOS\\IMPORTACIONES RAMIREZ\\ERP-RAMIREZ\\vendor\\laravel\\framework\\src\\Illuminate\\Pipeline\\Pipeline.php(180): Illuminate\\Http\\Middleware\\TrustProxies->handle(Object(Illuminate\\Http\\Request), Object(Closure))
#64 D:\\PROYECTOS\\IMPORTACIONES RAMIREZ\\ERP-RAMIREZ\\vendor\\laravel\\framework\\src\\Illuminate\\Pipeline\\Pipeline.php(116): Illuminate\\Pipeline\\Pipeline->Illuminate\\Pipeline\\{closure}(Object(Illuminate\\Http\\Request))
#65 D:\\PROYECTOS\\IMPORTACIONES RAMIREZ\\ERP-RAMIREZ\\vendor\\laravel\\framework\\src\\Illuminate\\Foundation\\Http\\Kernel.php(165): Illuminate\\Pipeline\\Pipeline->then(Object(Closure))
#66 D:\\PROYECTOS\\IMPORTACIONES RAMIREZ\\ERP-RAMIREZ\\vendor\\laravel\\framework\\src\\Illuminate\\Foundation\\Http\\Kernel.php(134): Illuminate\\Foundation\\Http\\Kernel->sendRequestThroughRouter(Object(Illuminate\\Http\\Request))
#67 D:\\PROYECTOS\\IMPORTACIONES RAMIREZ\\ERP-RAMIREZ\\public\\index.php(51): Illuminate\\Foundation\\Http\\Kernel->handle(Object(Illuminate\\Http\\Request))
#68 D:\\PROYECTOS\\IMPORTACIONES RAMIREZ\\ERP-RAMIREZ\\vendor\\laravel\\framework\\src\\Illuminate\\Foundation\\resources\\server.php(16): require_once('D:\\\\PROYECTOS\\\\IM...')
#69 {main}
"} 
[2026-07-03 22:52:58] local.ERROR: compact(): Undefined variable $productos {"userId":1,"exception":"[object] (ErrorException(code: 0): compact(): Undefined variable $productos at D:\\PROYECTOS\\IMPORTACIONES RAMIREZ\\ERP-RAMIREZ\\app\\Http\\Controllers\\ImportacionMasivaController.php:27)
[stacktrace]
#0 D:\\PROYECTOS\\IMPORTACIONES RAMIREZ\\ERP-RAMIREZ\\vendor\\laravel\\framework\\src\\Illuminate\\Foundation\\Bootstrap\\HandleExceptions.php(266): Illuminate\\Foundation\\Bootstrap\\HandleExceptions->handleError(2, 'compact(): Unde...', 'D:\\\\PROYECTOS\\\\IM...', 27)
#1 [internal function]: Illuminate\\Foundation\\Bootstrap\\HandleExceptions->Illuminate\\Foundation\\Bootstrap\\{closure}(2, 'compact(): Unde...', 'D:\\\\PROYECTOS\\\\IM...', 27)
#2 D:\\PROYECTOS\\IMPORTACIONES RAMIREZ\\ERP-RAMIREZ\\app\\Http\\Controllers\\ImportacionMasivaController.php(27): compact('transacciones', 'productos')
#3 D:\\PROYECTOS\\IMPORTACIONES RAMIREZ\\ERP-RAMIREZ\\vendor\\laravel\\framework\\src\\Illuminate\\Routing\\Controller.php(54): App\\Http\\Controllers\\ImportacionMasivaController->index(Object(Illuminate\\Http\\Request))
#4 D:\\PROYECTOS\\IMPORTACIONES RAMIREZ\\ERP-RAMIREZ\\vendor\\laravel\\framework\\src\\Illuminate\\Routing\\ControllerDispatcher.php(43): Illuminate\\Routing\\Controller->callAction('index', Array)
#5 D:\\PROYECTOS\\IMPORTACIONES RAMIREZ\\ERP-RAMIREZ\\vendor\\laravel\\framework\\src\\Illuminate\\Routing\\Route.php(259): Illuminate\\Routing\\ControllerDispatcher->dispatch(Object(Illuminate\\Routing\\Route), Object(App\\Http\\Controllers\\ImportacionMasivaController), 'index')
#6 D:\\PROYECTOS\\IMPORTACIONES RAMIREZ\\ERP-RAMIREZ\\vendor\\laravel\\framework\\src\\Illuminate\\Routing\\Route.php(205): Illuminate\\Routing\\Route->runController()
#7 D:\\PROYECTOS\\IMPORTACIONES RAMIREZ\\ERP-RAMIREZ\\vendor\\laravel\\framework\\src\\Illuminate\\Routing\\Router.php(798): Illuminate\\Routing\\Route->run()
#8 D:\\PROYECTOS\\IMPORTACIONES RAMIREZ\\ERP-RAMIREZ\\vendor\\laravel\\framework\\src\\Illuminate\\Pipeline\\Pipeline.php(141): Illuminate\\Routing\\Router->Illuminate\\Routing\\{closure}(Object(Illuminate\\Http\\Request))
#9 D:\\PROYECTOS\\IMPORTACIONES RAMIREZ\\ERP-RAMIREZ\\app\\Http\\Middleware\\CheckUserLogin.php(22): Illuminate\\Pipeline\\Pipeline->Illuminate\\Pipeline\\{closure}(Object(Illuminate\\Http\\Request))
#10 D:\\PROYECTOS\\IMPORTACIONES RAMIREZ\\ERP-RAMIREZ\\vendor\\laravel\\framework\\src\\Illuminate\\Pipeline\\Pipeline.php(180): App\\Http\\Middleware\\CheckUserLogin->handle(Object(Illuminate\\Http\\Request), Object(Closure))
#11 D:\\PROYECTOS\\IMPORTACIONES RAMIREZ\\ERP-RAMIREZ\\app\\Http\\Middleware\\AdminSidebarMenu.php(906): Illuminate\\Pipeline\\Pipeline->Illuminate\\Pipeline\\{closure}(Object(Illuminate\\Http\\Request))
#12 D:\\PROYECTOS\\IMPORTACIONES RAMIREZ\\ERP-RAMIREZ\\vendor\\laravel\\framework\\src\\Illuminate\\Pipeline\\Pipeline.php(180): App\\Http\\Middleware\\AdminSidebarMenu->handle(Object(Illuminate\\Http\\Request), Object(Closure))
#13 D:\\PROYECTOS\\IMPORTACIONES RAMIREZ\\ERP-RAMIREZ\\app\\Http\\Middleware\\Timezone.php(30): Illuminate\\Pipeline\\Pipeline->Illuminate\\Pipeline\\{closure}(Object(Illuminate\\Http\\Request))
#14 D:\\PROYECTOS\\IMPORTACIONES RAMIREZ\\ERP-RAMIREZ\\vendor\\laravel\\framework\\src\\Illuminate\\Pipeline\\Pipeline.php(180): App\\Http\\Middleware\\Timezone->handle(Object(Illuminate\\Http\\Request), Object(Closure))
#15 D:\\PROYECTOS\\IMPORTACIONES RAMIREZ\\ERP-RAMIREZ\\app\\Http\\Middleware\\Language.php(25): Illuminate\\Pipeline\\Pipeline->Illuminate\\Pipeline\\{closure}(Object(Illuminate\\Http\\Request))
#16 D:\\PROYECTOS\\IMPORTACIONES RAMIREZ\\ERP-RAMIREZ\\vendor\\laravel\\framework\\src\\Illuminate\\Pipeline\\Pipeline.php(180): App\\Http\\Middleware\\Language->handle(Object(Illuminate\\Http\\Request), Object(Closure))
#17 D:\\PROYECTOS\\IMPORTACIONES RAMIREZ\\ERP-RAMIREZ\\app\\Http\\Middleware\\SetSessionData.php(52): Illuminate\\Pipeline\\Pipeline->Illuminate\\Pipeline\\{closure}(Object(Illuminate\\Http\\Request))
#18 D:\\PROYECTOS\\IMPORTACIONES RAMIREZ\\ERP-RAMIREZ\\vendor\\laravel\\framework\\src\\Illuminate\\Pipeline\\Pipeline.php(180): App\\Http\\Middleware\\SetSessionData->handle(Object(Illuminate\\Http\\Request), Object(Closure))
#19 D:\\PROYECTOS\\IMPORTACIONES RAMIREZ\\ERP-RAMIREZ\\app\\Http\\Middleware\\IsInstalled.php(50): Illuminate\\Pipeline\\Pipeline->Illuminate\\Pipeline\\{closure}(Object(Illuminate\\Http\\Request))
#20 D:\\PROYECTOS\\IMPORTACIONES RAMIREZ\\ERP-RAMIREZ\\vendor\\laravel\\framework\\src\\Illuminate\\Pipeline\\Pipeline.php(180): App\\Http\\Middleware\\IsInstalled->handle(Object(Illuminate\\Http\\Request), Object(Closure))
#21 D:\\PROYECTOS\\IMPORTACIONES RAMIREZ\\ERP-RAMIREZ\\vendor\\laravel\\framework\\src\\Illuminate\\Routing\\Middleware\\SubstituteBindings.php(50): Illuminate\\Pipeline\\Pipeline->Illuminate\\Pipeline\\{closure}(Object(Illuminate\\Http\\Request))
#22 D:\\PROYECTOS\\IMPORTACIONES RAMIREZ\\ERP-RAMIREZ\\vendor\\laravel\\framework\\src\\Illuminate\\Pipeline\\Pipeline.php(180): Illuminate\\Routing\\Middleware\\SubstituteBindings->handle(Object(Illuminate\\Http\\Request), Object(Closure))
#23 D:\\PROYECTOS\\IMPORTACIONES RAMIREZ\\ERP-RAMIREZ\\vendor\\laravel\\framework\\src\\Illuminate\\Auth\\Middleware\\Authenticate.php(44): Illuminate\\Pipeline\\Pipeline->Illuminate\\Pipeline\\{closure}(Object(Illuminate\\Http\\Request))
#24 D:\\PROYECTOS\\IMPORTACIONES RAMIREZ\\ERP-RAMIREZ\\vendor\\laravel\\framework\\src\\Illuminate\\Pipeline\\Pipeline.php(180): Illuminate\\Auth\\Middleware\\Authenticate->handle(Object(Illuminate\\Http\\Request), Object(Closure))
#25 D:\\PROYECTOS\\IMPORTACIONES RAMIREZ\\ERP-RAMIREZ\\vendor\\laravel\\framework\\src\\Illuminate\\Foundation\\Http\\Middleware\\VerifyCsrfToken.php(78): Illuminate\\Pipeline\\Pipeline->Illuminate\\Pipeline\\{closure}(Object(Illuminate\\Http\\Request))
#26 D:\\PROYECTOS\\IMPORTACIONES RAMIREZ\\ERP-RAMIREZ\\vendor\\laravel\\framework\\src\\Illuminate\\Pipeline\\Pipeline.php(180): Illuminate\\Foundation\\Http\\Middleware\\VerifyCsrfToken->handle(Object(Illuminate\\Http\\Request), Object(Closure))
#27 D:\\PROYECTOS\\IMPORTACIONES RAMIREZ\\ERP-RAMIREZ\\vendor\\laravel\\framework\\src\\Illuminate\\View\\Middleware\\ShareErrorsFromSession.php(49): Illuminate\\Pipeline\\Pipeline->Illuminate\\Pipeline\\{closure}(Object(Illuminate\\Http\\Request))
#28 D:\\PROYECTOS\\IMPORTACIONES RAMIREZ\\ERP-RAMIREZ\\vendor\\laravel\\framework\\src\\Illuminate\\Pipeline\\Pipeline.php(180): Illuminate\\View\\Middleware\\ShareErrorsFromSession->handle(Object(Illuminate\\Http\\Request), Object(Closure))
#29 D:\\PROYECTOS\\IMPORTACIONES RAMIREZ\\ERP-RAMIREZ\\vendor\\laravel\\framework\\src\\Illuminate\\Session\\Middleware\\StartSession.php(121): Illuminate\\Pipeline\\Pipeline->Illuminate\\Pipeline\\{closure}(Object(Illuminate\\Http\\Request))
#30 D:\\PROYECTOS\\IMPORTACIONES RAMIREZ\\ERP-RAMIREZ\\vendor\\laravel\\framework\\src\\Illuminate\\Session\\Middleware\\StartSession.php(64): Illuminate\\Session\\Middleware\\StartSession->handleStatefulRequest(Object(Illuminate\\Http\\Request), Object(Illuminate\\Session\\Store), Object(Closure))
#31 D:\\PROYECTOS\\IMPORTACIONES RAMIREZ\\ERP-RAMIREZ\\vendor\\laravel\\framework\\src\\Illuminate\\Pipeline\\Pipeline.php(180): Illuminate\\Session\\Middleware\\StartSession->handle(Object(Illuminate\\Http\\Request), Object(Closure))
#32 D:\\PROYECTOS\\IMPORTACIONES RAMIREZ\\ERP-RAMIREZ\\vendor\\laravel\\framework\\src\\Illuminate\\Cookie\\Middleware\\AddQueuedCookiesToResponse.php(37): Illuminate\\Pipeline\\Pipeline->Illuminate\\Pipeline\\{closure}(Object(Illuminate\\Http\\Request))
#33 D:\\PROYECTOS\\IMPORTACIONES RAMIREZ\\ERP-RAMIREZ\\vendor\\laravel\\framework\\src\\Illuminate\\Pipeline\\Pipeline.php(180): Illuminate\\Cookie\\Middleware\\AddQueuedCookiesToResponse->handle(Object(Illuminate\\Http\\Request), Object(Closure))
#34 D:\\PROYECTOS\\IMPORTACIONES RAMIREZ\\ERP-RAMIREZ\\vendor\\laravel\\framework\\src\\Illuminate\\Cookie\\Middleware\\EncryptCookies.php(67): Illuminate\\Pipeline\\Pipeline->Illuminate\\Pipeline\\{closure}(Object(Illuminate\\Http\\Request))
#35 D:\\PROYECTOS\\IMPORTACIONES RAMIREZ\\ERP-RAMIREZ\\vendor\\laravel\\framework\\src\\Illuminate\\Pipeline\\Pipeline.php(180): Illuminate\\Cookie\\Middleware\\EncryptCookies->handle(Object(Illuminate\\Http\\Request), Object(Closure))
#36 D:\\PROYECTOS\\IMPORTACIONES RAMIREZ\\ERP-RAMIREZ\\vendor\\laravel\\framework\\src\\Illuminate\\Pipeline\\Pipeline.php(116): Illuminate\\Pipeline\\Pipeline->Illuminate\\Pipeline\\{closure}(Object(Illuminate\\Http\\Request))
#37 D:\\PROYECTOS\\IMPORTACIONES RAMIREZ\\ERP-RAMIREZ\\vendor\\laravel\\framework\\src\\Illuminate\\Routing\\Router.php(797): Illuminate\\Pipeline\\Pipeline->then(Object(Closure))
#38 D:\\PROYECTOS\\IMPORTACIONES RAMIREZ\\ERP-RAMIREZ\\vendor\\laravel\\framework\\src\\Illuminate\\Routing\\Router.php(776): Illuminate\\Routing\\Router->runRouteWithinStack(Object(Illuminate\\Routing\\Route), Object(Illuminate\\Http\\Request))
#39 D:\\PROYECTOS\\IMPORTACIONES RAMIREZ\\ERP-RAMIREZ\\vendor\\laravel\\framework\\src\\Illuminate\\Routing\\Router.php(740): Illuminate\\Routing\\Router->runRoute(Object(Illuminate\\Http\\Request), Object(Illuminate\\Routing\\Route))
#40 D:\\PROYECTOS\\IMPORTACIONES RAMIREZ\\ERP-RAMIREZ\\vendor\\laravel\\framework\\src\\Illuminate\\Routing\\Router.php(729): Illuminate\\Routing\\Router->dispatchToRoute(Object(Illuminate\\Http\\Request))
#41 D:\\PROYECTOS\\IMPORTACIONES RAMIREZ\\ERP-RAMIREZ\\vendor\\laravel\\framework\\src\\Illuminate\\Foundation\\Http\\Kernel.php(190): Illuminate\\Routing\\Router->dispatch(Object(Illuminate\\Http\\Request))
#42 D:\\PROYECTOS\\IMPORTACIONES RAMIREZ\\ERP-RAMIREZ\\vendor\\laravel\\framework\\src\\Illuminate\\Pipeline\\Pipeline.php(141): Illuminate\\Foundation\\Http\\Kernel->Illuminate\\Foundation\\Http\\{closure}(Object(Illuminate\\Http\\Request))
#43 D:\\PROYECTOS\\IMPORTACIONES RAMIREZ\\ERP-RAMIREZ\\vendor\\barryvdh\\laravel-debugbar\\src\\Middleware\\InjectDebugbar.php(59): Illuminate\\Pipeline\\Pipeline->Illuminate\\Pipeline\\{closure}(Object(Illuminate\\Http\\Request))
#44 D:\\PROYECTOS\\IMPORTACIONES RAMIREZ\\ERP-RAMIREZ\\vendor\\laravel\\framework\\src\\Illuminate\\Pipeline\\Pipeline.php(180): Barryvdh\\Debugbar\\Middleware\\InjectDebugbar->handle(Object(Illuminate\\Http\\Request), Object(Closure))
#45 D:\\PROYECTOS\\IMPORTACIONES RAMIREZ\\ERP-RAMIREZ\\vendor\\laravel\\framework\\src\\Illuminate\\Foundation\\Http\\Middleware\\TransformsRequest.php(21): Illuminate\\Pipeline\\Pipeline->Illuminate\\Pipeline\\{closure}(Object(Illuminate\\Http\\Request))
#46 D:\\PROYECTOS\\IMPORTACIONES RAMIREZ\\ERP-RAMIREZ\\vendor\\laravel\\framework\\src\\Illuminate\\Foundation\\Http\\Middleware\\ConvertEmptyStringsToNull.php(31): Illuminate\\Foundation\\Http\\Middleware\\TransformsRequest->handle(Object(Illuminate\\Http\\Request), Object(Closure))
#47 D:\\PROYECTOS\\IMPORTACIONES RAMIREZ\\ERP-RAMIREZ\\vendor\\laravel\\framework\\src\\Illuminate\\Pipeline\\Pipeline.php(180): Illuminate\\Foundation\\Http\\Middleware\\ConvertEmptyStringsToNull->handle(Object(Illuminate\\Http\\Request), Object(Closure))
#48 D:\\PROYECTOS\\IMPORTACIONES RAMIREZ\\ERP-RAMIREZ\\vendor\\laravel\\framework\\src\\Illuminate\\Foundation\\Http\\Middleware\\TransformsRequest.php(21): Illuminate\\Pipeline\\Pipeline->Illuminate\\Pipeline\\{closure}(Object(Illuminate\\Http\\Request))
#49 D:\\PROYECTOS\\IMPORTACIONES RAMIREZ\\ERP-RAMIREZ\\vendor\\laravel\\framework\\src\\Illuminate\\Foundation\\Http\\Middleware\\TrimStrings.php(40): Illuminate\\Foundation\\Http\\Middleware\\TransformsRequest->handle(Object(Illuminate\\Http\\Request), Object(Closure))
#50 D:\\PROYECTOS\\IMPORTACIONES RAMIREZ\\ERP-RAMIREZ\\vendor\\laravel\\framework\\src\\Illuminate\\Pipeline\\Pipeline.php(180): Illuminate\\Foundation\\Http\\Middleware\\TrimStrings->handle(Object(Illuminate\\Http\\Request), Object(Closure))
#51 D:\\PROYECTOS\\IMPORTACIONES RAMIREZ\\ERP-RAMIREZ\\vendor\\laravel\\framework\\src\\Illuminate\\Foundation\\Http\\Middleware\\ValidatePostSize.php(27): Illuminate\\Pipeline\\Pipeline->Illuminate\\Pipeline\\{closure}(Object(Illuminate\\Http\\Request))
#52 D:\\PROYECTOS\\IMPORTACIONES RAMIREZ\\ERP-RAMIREZ\\vendor\\laravel\\framework\\src\\Illuminate\\Pipeline\\Pipeline.php(180): Illuminate\\Foundation\\Http\\Middleware\\ValidatePostSize->handle(Object(Illuminate\\Http\\Request), Object(Closure))
#53 D:\\PROYECTOS\\IMPORTACIONES RAMIREZ\\ERP-RAMIREZ\\vendor\\laravel\\framework\\src\\Illuminate\\Foundation\\Http\\Middleware\\PreventRequestsDuringMaintenance.php(86): Illuminate\\Pipeline\\Pipeline->Illuminate\\Pipeline\\{closure}(Object(Illuminate\\Http\\Request))
#54 D:\\PROYECTOS\\IMPORTACIONES RAMIREZ\\ERP-RAMIREZ\\vendor\\laravel\\framework\\src\\Illuminate\\Pipeline\\Pipeline.php(180): Illuminate\\Foundation\\Http\\Middleware\\PreventRequestsDuringMaintenance->handle(Object(Illuminate\\Http\\Request), Object(Closure))
#55 D:\\PROYECTOS\\IMPORTACIONES RAMIREZ\\ERP-RAMIREZ\\vendor\\laravel\\framework\\src\\Illuminate\\Http\\Middleware\\HandleCors.php(49): Illuminate\\Pipeline\\Pipeline->Illuminate\\Pipeline\\{closure}(Object(Illuminate\\Http\\Request))
#56 D:\\PROYECTOS\\IMPORTACIONES RAMIREZ\\ERP-RAMIREZ\\vendor\\laravel\\framework\\src\\Illuminate\\Pipeline\\Pipeline.php(180): Illuminate\\Http\\Middleware\\HandleCors->handle(Object(Illuminate\\Http\\Request), Object(Closure))
#57 D:\\PROYECTOS\\IMPORTACIONES RAMIREZ\\ERP-RAMIREZ\\vendor\\laravel\\framework\\src\\Illuminate\\Http\\Middleware\\TrustProxies.php(39): Illuminate\\Pipeline\\Pipeline->Illuminate\\Pipeline\\{closure}(Object(Illuminate\\Http\\Request))
#58 D:\\PROYECTOS\\IMPORTACIONES RAMIREZ\\ERP-RAMIREZ\\vendor\\laravel\\framework\\src\\Illuminate\\Pipeline\\Pipeline.php(180): Illuminate\\Http\\Middleware\\TrustProxies->handle(Object(Illuminate\\Http\\Request), Object(Closure))
#59 D:\\PROYECTOS\\IMPORTACIONES RAMIREZ\\ERP-RAMIREZ\\vendor\\laravel\\framework\\src\\Illuminate\\Pipeline\\Pipeline.php(116): Illuminate\\Pipeline\\Pipeline->Illuminate\\Pipeline\\{closure}(Object(Illuminate\\Http\\Request))
#60 D:\\PROYECTOS\\IMPORTACIONES RAMIREZ\\ERP-RAMIREZ\\vendor\\laravel\\framework\\src\\Illuminate\\Foundation\\Http\\Kernel.php(165): Illuminate\\Pipeline\\Pipeline->then(Object(Closure))
#61 D:\\PROYECTOS\\IMPORTACIONES RAMIREZ\\ERP-RAMIREZ\\vendor\\laravel\\framework\\src\\Illuminate\\Foundation\\Http\\Kernel.php(134): Illuminate\\Foundation\\Http\\Kernel->sendRequestThroughRouter(Object(Illuminate\\Http\\Request))
#62 D:\\PROYECTOS\\IMPORTACIONES RAMIREZ\\ERP-RAMIREZ\\public\\index.php(51): Illuminate\\Foundation\\Http\\Kernel->handle(Object(Illuminate\\Http\\Request))
#63 D:\\PROYECTOS\\IMPORTACIONES RAMIREZ\\ERP-RAMIREZ\\vendor\\laravel\\framework\\src\\Illuminate\\Foundation\\resources\\server.php(16): require_once('D:\\\\PROYECTOS\\\\IM...')
#64 {main}
"} 
[2026-07-03 22:54:56] local.ERROR: Undefined variable $desde {"view":{"view":"D:\\PROYECTOS\\IMPORTACIONES RAMIREZ\\ERP-RAMIREZ\\resources\\views\\purchase\\importaciones\\index.blade.php","data":{"asset_v":"<pre class=sf-dump id=sf-dump-1904978408 data-indent-pad=\"  \"><span class=sf-dump-num>511</span>
</pre><script>Sfdump(\"sf-dump-1904978408\", {\"maxDepth\":3,\"maxStringLength\":160})</script>
","errors":"<pre class=sf-dump id=sf-dump-209311371 data-indent-pad=\"  \"><span class=sf-dump-note>Illuminate\\Support\\ViewErrorBag</span> {<a class=sf-dump-ref>#3313</a><samp data-depth=1 class=sf-dump-expanded>
  #<span class=sf-dump-protected title=\"Protected property\">bags</span>: []
</samp>}
</pre><script>Sfdump(\"sf-dump-209311371\", {\"maxDepth\":3,\"maxStringLength\":160})</script>
","transacciones":"<pre class=sf-dump id=sf-dump-1524583145 data-indent-pad=\"  \"><span class=sf-dump-note>Illuminate\\Pagination\\LengthAwarePaginator</span> {<a class=sf-dump-ref>#3948</a><samp data-depth=1 class=sf-dump-expanded>
  #<span class=sf-dump-protected title=\"Protected property\">items</span>: <span class=sf-dump-note title=\"Illuminate\\Support\\Collection
\"><span class=\"sf-dump-ellipsis sf-dump-ellipsis-note\">Illuminate\\Support</span><span class=\"sf-dump-ellipsis sf-dump-ellipsis-note\">\\</span>Collection</span> {<a class=sf-dump-ref>#3615</a><samp data-depth=2 class=sf-dump-compact>
    #<span class=sf-dump-protected title=\"Protected property\">items</span>: <span class=sf-dump-note>array:5</span> [<samp data-depth=3 class=sf-dump-compact>
      <span class=sf-dump-index>0</span> => {<a class=sf-dump-ref>#3913</a> &#8230;7}
      <span class=sf-dump-index>1</span> => {<a class=sf-dump-ref>#3908</a> &#8230;7}
      <span class=sf-dump-index>2</span> => {<a class=sf-dump-ref>#3893</a> &#8230;7}
      <span class=sf-dump-index>3</span> => {<a class=sf-dump-ref>#3894</a> &#8230;7}
      <span class=sf-dump-index>4</span> => {<a class=sf-dump-ref>#3775</a> &#8230;7}
    </samp>]
    #<span class=sf-dump-protected title=\"Protected property\">escapeWhenCastingToString</span>: <span class=sf-dump-const>false</span>
  </samp>}
  #<span class=sf-dump-protected title=\"Protected property\">perPage</span>: <span class=sf-dump-num>20</span>
  #<span class=sf-dump-protected title=\"Protected property\">currentPage</span>: <span class=sf-dump-num>1</span>
  #<span class=sf-dump-protected title=\"Protected property\">path</span>: \"<span class=sf-dump-str title=\"45 characters\">http://127.0.0.1:8000/historial-importaciones</span>\"
  #<span class=sf-dump-protected title=\"Protected property\">query</span>: []
  #<span class=sf-dump-protected title=\"Protected property\">fragment</span>: <span class=sf-dump-const>null</span>
  #<span class=sf-dump-protected title=\"Protected property\">pageName</span>: \"<span class=sf-dump-str title=\"4 characters\">page</span>\"
  +<span class=sf-dump-public title=\"Public property\">onEachSide</span>: <span class=sf-dump-num>3</span>
  #<span class=sf-dump-protected title=\"Protected property\">options</span>: <span class=sf-dump-note>array:2</span> [<samp data-depth=2 class=sf-dump-compact>
    \"<span class=sf-dump-key>path</span>\" => \"<span class=sf-dump-str title=\"45 characters\">http://127.0.0.1:8000/historial-importaciones</span>\"
    \"<span class=sf-dump-key>pageName</span>\" => \"<span class=sf-dump-str title=\"4 characters\">page</span>\"
  </samp>]
  #<span class=sf-dump-protected title=\"Protected property\">total</span>: <span class=sf-dump-num>5</span>
  #<span class=sf-dump-protected title=\"Protected property\">lastPage</span>: <span class=sf-dump-num>1</span>
</samp>}
</pre><script>Sfdump(\"sf-dump-1524583145\", {\"maxDepth\":3,\"maxStringLength\":160})</script>
","productos":"<pre class=sf-dump id=sf-dump-2009772001 data-indent-pad=\"  \"><span class=sf-dump-note>Illuminate\\Support\\Collection</span> {<a class=sf-dump-ref>#3808</a><samp data-depth=1 class=sf-dump-expanded>
  #<span class=sf-dump-protected title=\"Protected property\">items</span>: <span class=sf-dump-note>array:7</span> [<samp data-depth=2 class=sf-dump-compact>
    <span class=sf-dump-key>4</span> => \"<span class=sf-dump-str title=\"10 characters\">Carroceria</span>\"
    <span class=sf-dump-key>7</span> => \"<span class=sf-dump-str title=\"14 characters\">ENSAMBLAJE 150</span>\"
    <span class=sf-dump-key>6</span> => \"<span class=sf-dump-str title=\"21 characters\">MATERIALES CARROCERIA</span>\"
    <span class=sf-dump-key>8</span> => \"<span class=sf-dump-str title=\"12 characters\">MOTOTAXI 150</span>\"
    <span class=sf-dump-key>2</span> => \"<span class=sf-dump-str title=\"15 characters\">RETROEXCAVADORA</span>\"
    <span class=sf-dump-key>5</span> => \"<span class=sf-dump-str title=\"9 characters\">Tapiceria</span>\"
    <span class=sf-dump-key>1</span> => \"<span class=sf-dump-str title=\"7 characters\">WX-150A</span>\"
  </samp>]
  #<span class=sf-dump-protected title=\"Protected property\">escapeWhenCastingToString</span>: <span class=sf-dump-const>false</span>
</samp>}
</pre><script>Sfdump(\"sf-dump-2009772001\", {\"maxDepth\":3,\"maxStringLength\":160})</script>
","enabled_modules":"<pre class=sf-dump id=sf-dump-1857650077 data-indent-pad=\"  \"><span class=sf-dump-note>array:7</span> [<samp data-depth=1 class=sf-dump-expanded>
  <span class=sf-dump-index>0</span> => \"<span class=sf-dump-str title=\"9 characters\">purchases</span>\"
  <span class=sf-dump-index>1</span> => \"<span class=sf-dump-str title=\"8 characters\">add_sale</span>\"
  <span class=sf-dump-index>2</span> => \"<span class=sf-dump-str title=\"8 characters\">pos_sale</span>\"
  <span class=sf-dump-index>3</span> => \"<span class=sf-dump-str title=\"15 characters\">stock_transfers</span>\"
  <span class=sf-dump-index>4</span> => \"<span class=sf-dump-str title=\"16 characters\">stock_adjustment</span>\"
  <span class=sf-dump-index>5</span> => \"<span class=sf-dump-str title=\"8 characters\">expenses</span>\"
  <span class=sf-dump-index>6</span> => \"<span class=sf-dump-str title=\"7 characters\">account</span>\"
</samp>]
</pre><script>Sfdump(\"sf-dump-1857650077\", {\"maxDepth\":3,\"maxStringLength\":160})</script>
","__is_pusher_enabled":"<pre class=sf-dump id=sf-dump-1265742965 data-indent-pad=\"  \"><span class=sf-dump-const>false</span>
</pre><script>Sfdump(\"sf-dump-1265742965\", {\"maxDepth\":3,\"maxStringLength\":160})</script>
"}},"userId":1,"exception":"[object] (Spatie\\LaravelIgnition\\Exceptions\\ViewException(code: 0): Undefined variable $desde at D:\\PROYECTOS\\IMPORTACIONES RAMIREZ\\ERP-RAMIREZ\\resources\\views\\purchase\\importaciones\\index.blade.php:24)
[stacktrace]
#0 D:\\PROYECTOS\\IMPORTACIONES RAMIREZ\\ERP-RAMIREZ\\vendor\\laravel\\framework\\src\\Illuminate\\Foundation\\Bootstrap\\HandleExceptions.php(266): Illuminate\\Foundation\\Bootstrap\\HandleExceptions->handleError(2, 'Undefined varia...', 'D:\\\\PROYECTOS\\\\IM...', 24)
#1 D:\\PROYECTOS\\IMPORTACIONES RAMIREZ\\ERP-RAMIREZ\\resources\\views\\purchase\\importaciones\\index.blade.php(24): Illuminate\\Foundation\\Bootstrap\\HandleExceptions->Illuminate\\Foundation\\Bootstrap\\{closure}(2, 'Undefined varia...', 'D:\\\\PROYECTOS\\\\IM...', 24)
#2 D:\\PROYECTOS\\IMPORTACIONES RAMIREZ\\ERP-RAMIREZ\\vendor\\laravel\\framework\\src\\Illuminate\\Filesystem\\Filesystem.php(109): require('D:\\\\PROYECTOS\\\\IM...')
#3 D:\\PROYECTOS\\IMPORTACIONES RAMIREZ\\ERP-RAMIREZ\\vendor\\laravel\\framework\\src\\Illuminate\\Filesystem\\Filesystem.php(110): Illuminate\\Filesystem\\Filesystem::Illuminate\\Filesystem\\{closure}()
#4 D:\\PROYECTOS\\IMPORTACIONES RAMIREZ\\ERP-RAMIREZ\\vendor\\laravel\\framework\\src\\Illuminate\\View\\Engines\\PhpEngine.php(58): Illuminate\\Filesystem\\Filesystem->getRequire('D:\\\\PROYECTOS\\\\IM...', Array)
#5 D:\\PROYECTOS\\IMPORTACIONES RAMIREZ\\ERP-RAMIREZ\\vendor\\laravel\\framework\\src\\Illuminate\\View\\Engines\\CompilerEngine.php(70): Illuminate\\View\\Engines\\PhpEngine->evaluatePath('D:\\\\PROYECTOS\\\\IM...', Array)
#6 D:\\PROYECTOS\\IMPORTACIONES RAMIREZ\\ERP-RAMIREZ\\vendor\\laravel\\framework\\src\\Illuminate\\View\\View.php(195): Illuminate\\View\\Engines\\CompilerEngine->get('D:\\\\PROYECTOS\\\\IM...', Array)
#7 D:\\PROYECTOS\\IMPORTACIONES RAMIREZ\\ERP-RAMIREZ\\vendor\\laravel\\framework\\src\\Illuminate\\View\\View.php(178): Illuminate\\View\\View->getContents()
#8 D:\\PROYECTOS\\IMPORTACIONES RAMIREZ\\ERP-RAMIREZ\\vendor\\laravel\\framework\\src\\Illuminate\\View\\View.php(147): Illuminate\\View\\View->renderContents()
#9 D:\\PROYECTOS\\IMPORTACIONES RAMIREZ\\ERP-RAMIREZ\\vendor\\laravel\\framework\\src\\Illuminate\\Http\\Response.php(69): Illuminate\\View\\View->render()
#10 D:\\PROYECTOS\\IMPORTACIONES RAMIREZ\\ERP-RAMIREZ\\vendor\\laravel\\framework\\src\\Illuminate\\Http\\Response.php(35): Illuminate\\Http\\Response->setContent(Object(Illuminate\\View\\View))
#11 D:\\PROYECTOS\\IMPORTACIONES RAMIREZ\\ERP-RAMIREZ\\vendor\\laravel\\framework\\src\\Illuminate\\Routing\\Router.php(906): Illuminate\\Http\\Response->__construct(Object(Illuminate\\View\\View), 200, Array)
#12 D:\\PROYECTOS\\IMPORTACIONES RAMIREZ\\ERP-RAMIREZ\\vendor\\laravel\\framework\\src\\Illuminate\\Routing\\Router.php(875): Illuminate\\Routing\\Router::toResponse(Object(Illuminate\\Http\\Request), Object(Illuminate\\View\\View))
#13 D:\\PROYECTOS\\IMPORTACIONES RAMIREZ\\ERP-RAMIREZ\\vendor\\laravel\\framework\\src\\Illuminate\\Routing\\Router.php(797): Illuminate\\Routing\\Router->prepareResponse(Object(Illuminate\\Http\\Request), Object(Illuminate\\View\\View))
#14 D:\\PROYECTOS\\IMPORTACIONES RAMIREZ\\ERP-RAMIREZ\\vendor\\laravel\\framework\\src\\Illuminate\\Pipeline\\Pipeline.php(141): Illuminate\\Routing\\Router->Illuminate\\Routing\\{closure}(Object(Illuminate\\Http\\Request))
#15 D:\\PROYECTOS\\IMPORTACIONES RAMIREZ\\ERP-RAMIREZ\\app\\Http\\Middleware\\CheckUserLogin.php(22): Illuminate\\Pipeline\\Pipeline->Illuminate\\Pipeline\\{closure}(Object(Illuminate\\Http\\Request))
#16 D:\\PROYECTOS\\IMPORTACIONES RAMIREZ\\ERP-RAMIREZ\\vendor\\laravel\\framework\\src\\Illuminate\\Pipeline\\Pipeline.php(180): App\\Http\\Middleware\\CheckUserLogin->handle(Object(Illuminate\\Http\\Request), Object(Closure))
#17 D:\\PROYECTOS\\IMPORTACIONES RAMIREZ\\ERP-RAMIREZ\\app\\Http\\Middleware\\AdminSidebarMenu.php(906): Illuminate\\Pipeline\\Pipeline->Illuminate\\Pipeline\\{closure}(Object(Illuminate\\Http\\Request))
#18 D:\\PROYECTOS\\IMPORTACIONES RAMIREZ\\ERP-RAMIREZ\\vendor\\laravel\\framework\\src\\Illuminate\\Pipeline\\Pipeline.php(180): App\\Http\\Middleware\\AdminSidebarMenu->handle(Object(Illuminate\\Http\\Request), Object(Closure))
#19 D:\\PROYECTOS\\IMPORTACIONES RAMIREZ\\ERP-RAMIREZ\\app\\Http\\Middleware\\Timezone.php(30): Illuminate\\Pipeline\\Pipeline->Illuminate\\Pipeline\\{closure}(Object(Illuminate\\Http\\Request))
#20 D:\\PROYECTOS\\IMPORTACIONES RAMIREZ\\ERP-RAMIREZ\\vendor\\laravel\\framework\\src\\Illuminate\\Pipeline\\Pipeline.php(180): App\\Http\\Middleware\\Timezone->handle(Object(Illuminate\\Http\\Request), Object(Closure))
#21 D:\\PROYECTOS\\IMPORTACIONES RAMIREZ\\ERP-RAMIREZ\\app\\Http\\Middleware\\Language.php(25): Illuminate\\Pipeline\\Pipeline->Illuminate\\Pipeline\\{closure}(Object(Illuminate\\Http\\Request))
#22 D:\\PROYECTOS\\IMPORTACIONES RAMIREZ\\ERP-RAMIREZ\\vendor\\laravel\\framework\\src\\Illuminate\\Pipeline\\Pipeline.php(180): App\\Http\\Middleware\\Language->handle(Object(Illuminate\\Http\\Request), Object(Closure))
#23 D:\\PROYECTOS\\IMPORTACIONES RAMIREZ\\ERP-RAMIREZ\\app\\Http\\Middleware\\SetSessionData.php(52): Illuminate\\Pipeline\\Pipeline->Illuminate\\Pipeline\\{closure}(Object(Illuminate\\Http\\Request))
#24 D:\\PROYECTOS\\IMPORTACIONES RAMIREZ\\ERP-RAMIREZ\\vendor\\laravel\\framework\\src\\Illuminate\\Pipeline\\Pipeline.php(180): App\\Http\\Middleware\\SetSessionData->handle(Object(Illuminate\\Http\\Request), Object(Closure))
#25 D:\\PROYECTOS\\IMPORTACIONES RAMIREZ\\ERP-RAMIREZ\\app\\Http\\Middleware\\IsInstalled.php(50): Illuminate\\Pipeline\\Pipeline->Illuminate\\Pipeline\\{closure}(Object(Illuminate\\Http\\Request))
#26 D:\\PROYECTOS\\IMPORTACIONES RAMIREZ\\ERP-RAMIREZ\\vendor\\laravel\\framework\\src\\Illuminate\\Pipeline\\Pipeline.php(180): App\\Http\\Middleware\\IsInstalled->handle(Object(Illuminate\\Http\\Request), Object(Closure))
#27 D:\\PROYECTOS\\IMPORTACIONES RAMIREZ\\ERP-RAMIREZ\\vendor\\laravel\\framework\\src\\Illuminate\\Routing\\Middleware\\SubstituteBindings.php(50): Illuminate\\Pipeline\\Pipeline->Illuminate\\Pipeline\\{closure}(Object(Illuminate\\Http\\Request))
#28 D:\\PROYECTOS\\IMPORTACIONES RAMIREZ\\ERP-RAMIREZ\\vendor\\laravel\\framework\\src\\Illuminate\\Pipeline\\Pipeline.php(180): Illuminate\\Routing\\Middleware\\SubstituteBindings->handle(Object(Illuminate\\Http\\Request), Object(Closure))
#29 D:\\PROYECTOS\\IMPORTACIONES RAMIREZ\\ERP-RAMIREZ\\vendor\\laravel\\framework\\src\\Illuminate\\Auth\\Middleware\\Authenticate.php(44): Illuminate\\Pipeline\\Pipeline->Illuminate\\Pipeline\\{closure}(Object(Illuminate\\Http\\Request))
#30 D:\\PROYECTOS\\IMPORTACIONES RAMIREZ\\ERP-RAMIREZ\\vendor\\laravel\\framework\\src\\Illuminate\\Pipeline\\Pipeline.php(180): Illuminate\\Auth\\Middleware\\Authenticate->handle(Object(Illuminate\\Http\\Request), Object(Closure))
#31 D:\\PROYECTOS\\IMPORTACIONES RAMIREZ\\ERP-RAMIREZ\\vendor\\laravel\\framework\\src\\Illuminate\\Foundation\\Http\\Middleware\\VerifyCsrfToken.php(78): Illuminate\\Pipeline\\Pipeline->Illuminate\\Pipeline\\{closure}(Object(Illuminate\\Http\\Request))
#32 D:\\PROYECTOS\\IMPORTACIONES RAMIREZ\\ERP-RAMIREZ\\vendor\\laravel\\framework\\src\\Illuminate\\Pipeline\\Pipeline.php(180): Illuminate\\Foundation\\Http\\Middleware\\VerifyCsrfToken->handle(Object(Illuminate\\Http\\Request), Object(Closure))
#33 D:\\PROYECTOS\\IMPORTACIONES RAMIREZ\\ERP-RAMIREZ\\vendor\\laravel\\framework\\src\\Illuminate\\View\\Middleware\\ShareErrorsFromSession.php(49): Illuminate\\Pipeline\\Pipeline->Illuminate\\Pipeline\\{closure}(Object(Illuminate\\Http\\Request))
#34 D:\\PROYECTOS\\IMPORTACIONES RAMIREZ\\ERP-RAMIREZ\\vendor\\laravel\\framework\\src\\Illuminate\\Pipeline\\Pipeline.php(180): Illuminate\\View\\Middleware\\ShareErrorsFromSession->handle(Object(Illuminate\\Http\\Request), Object(Closure))
#35 D:\\PROYECTOS\\IMPORTACIONES RAMIREZ\\ERP-RAMIREZ\\vendor\\laravel\\framework\\src\\Illuminate\\Session\\Middleware\\StartSession.php(121): Illuminate\\Pipeline\\Pipeline->Illuminate\\Pipeline\\{closure}(Object(Illuminate\\Http\\Request))
#36 D:\\PROYECTOS\\IMPORTACIONES RAMIREZ\\ERP-RAMIREZ\\vendor\\laravel\\framework\\src\\Illuminate\\Session\\Middleware\\StartSession.php(64): Illuminate\\Session\\Middleware\\StartSession->handleStatefulRequest(Object(Illuminate\\Http\\Request), Object(Illuminate\\Session\\Store), Object(Closure))
#37 D:\\PROYECTOS\\IMPORTACIONES RAMIREZ\\ERP-RAMIREZ\\vendor\\laravel\\framework\\src\\Illuminate\\Pipeline\\Pipeline.php(180): Illuminate\\Session\\Middleware\\StartSession->handle(Object(Illuminate\\Http\\Request), Object(Closure))
#38 D:\\PROYECTOS\\IMPORTACIONES RAMIREZ\\ERP-RAMIREZ\\vendor\\laravel\\framework\\src\\Illuminate\\Cookie\\Middleware\\AddQueuedCookiesToResponse.php(37): Illuminate\\Pipeline\\Pipeline->Illuminate\\Pipeline\\{closure}(Object(Illuminate\\Http\\Request))
#39 D:\\PROYECTOS\\IMPORTACIONES RAMIREZ\\ERP-RAMIREZ\\vendor\\laravel\\framework\\src\\Illuminate\\Pipeline\\Pipeline.php(180): Illuminate\\Cookie\\Middleware\\AddQueuedCookiesToResponse->handle(Object(Illuminate\\Http\\Request), Object(Closure))
#40 D:\\PROYECTOS\\IMPORTACIONES RAMIREZ\\ERP-RAMIREZ\\vendor\\laravel\\framework\\src\\Illuminate\\Cookie\\Middleware\\EncryptCookies.php(67): Illuminate\\Pipeline\\Pipeline->Illuminate\\Pipeline\\{closure}(Object(Illuminate\\Http\\Request))
#41 D:\\PROYECTOS\\IMPORTACIONES RAMIREZ\\ERP-RAMIREZ\\vendor\\laravel\\framework\\src\\Illuminate\\Pipeline\\Pipeline.php(180): Illuminate\\Cookie\\Middleware\\EncryptCookies->handle(Object(Illuminate\\Http\\Request), Object(Closure))
#42 D:\\PROYECTOS\\IMPORTACIONES RAMIREZ\\ERP-RAMIREZ\\vendor\\laravel\\framework\\src\\Illuminate\\Pipeline\\Pipeline.php(116): Illuminate\\Pipeline\\Pipeline->Illuminate\\Pipeline\\{closure}(Object(Illuminate\\Http\\Request))
#43 D:\\PROYECTOS\\IMPORTACIONES RAMIREZ\\ERP-RAMIREZ\\vendor\\laravel\\framework\\src\\Illuminate\\Routing\\Router.php(797): Illuminate\\Pipeline\\Pipeline->then(Object(Closure))
#44 D:\\PROYECTOS\\IMPORTACIONES RAMIREZ\\ERP-RAMIREZ\\vendor\\laravel\\framework\\src\\Illuminate\\Routing\\Router.php(776): Illuminate\\Routing\\Router->runRouteWithinStack(Object(Illuminate\\Routing\\Route), Object(Illuminate\\Http\\Request))
#45 D:\\PROYECTOS\\IMPORTACIONES RAMIREZ\\ERP-RAMIREZ\\vendor\\laravel\\framework\\src\\Illuminate\\Routing\\Router.php(740): Illuminate\\Routing\\Router->runRoute(Object(Illuminate\\Http\\Request), Object(Illuminate\\Routing\\Route))
#46 D:\\PROYECTOS\\IMPORTACIONES RAMIREZ\\ERP-RAMIREZ\\vendor\\laravel\\framework\\src\\Illuminate\\Routing\\Router.php(729): Illuminate\\Routing\\Router->dispatchToRoute(Object(Illuminate\\Http\\Request))
#47 D:\\PROYECTOS\\IMPORTACIONES RAMIREZ\\ERP-RAMIREZ\\vendor\\laravel\\framework\\src\\Illuminate\\Foundation\\Http\\Kernel.php(190): Illuminate\\Routing\\Router->dispatch(Object(Illuminate\\Http\\Request))
#48 D:\\PROYECTOS\\IMPORTACIONES RAMIREZ\\ERP-RAMIREZ\\vendor\\laravel\\framework\\src\\Illuminate\\Pipeline\\Pipeline.php(141): Illuminate\\Foundation\\Http\\Kernel->Illuminate\\Foundation\\Http\\{closure}(Object(Illuminate\\Http\\Request))
#49 D:\\PROYECTOS\\IMPORTACIONES RAMIREZ\\ERP-RAMIREZ\\vendor\\barryvdh\\laravel-debugbar\\src\\Middleware\\InjectDebugbar.php(59): Illuminate\\Pipeline\\Pipeline->Illuminate\\Pipeline\\{closure}(Object(Illuminate\\Http\\Request))
#50 D:\\PROYECTOS\\IMPORTACIONES RAMIREZ\\ERP-RAMIREZ\\vendor\\laravel\\framework\\src\\Illuminate\\Pipeline\\Pipeline.php(180): Barryvdh\\Debugbar\\Middleware\\InjectDebugbar->handle(Object(Illuminate\\Http\\Request), Object(Closure))
#51 D:\\PROYECTOS\\IMPORTACIONES RAMIREZ\\ERP-RAMIREZ\\vendor\\laravel\\framework\\src\\Illuminate\\Foundation\\Http\\Middleware\\TransformsRequest.php(21): Illuminate\\Pipeline\\Pipeline->Illuminate\\Pipeline\\{closure}(Object(Illuminate\\Http\\Request))
#52 D:\\PROYECTOS\\IMPORTACIONES RAMIREZ\\ERP-RAMIREZ\\vendor\\laravel\\framework\\src\\Illuminate\\Foundation\\Http\\Middleware\\ConvertEmptyStringsToNull.php(31): Illuminate\\Foundation\\Http\\Middleware\\TransformsRequest->handle(Object(Illuminate\\Http\\Request), Object(Closure))
#53 D:\\PROYECTOS\\IMPORTACIONES RAMIREZ\\ERP-RAMIREZ\\vendor\\laravel\\framework\\src\\Illuminate\\Pipeline\\Pipeline.php(180): Illuminate\\Foundation\\Http\\Middleware\\ConvertEmptyStringsToNull->handle(Object(Illuminate\\Http\\Request), Object(Closure))
#54 D:\\PROYECTOS\\IMPORTACIONES RAMIREZ\\ERP-RAMIREZ\\vendor\\laravel\\framework\\src\\Illuminate\\Foundation\\Http\\Middleware\\TransformsRequest.php(21): Illuminate\\Pipeline\\Pipeline->Illuminate\\Pipeline\\{closure}(Object(Illuminate\\Http\\Request))
#55 D:\\PROYECTOS\\IMPORTACIONES RAMIREZ\\ERP-RAMIREZ\\vendor\\laravel\\framework\\src\\Illuminate\\Foundation\\Http\\Middleware\\TrimStrings.php(40): Illuminate\\Foundation\\Http\\Middleware\\TransformsRequest->handle(Object(Illuminate\\Http\\Request), Object(Closure))
#56 D:\\PROYECTOS\\IMPORTACIONES RAMIREZ\\ERP-RAMIREZ\\vendor\\laravel\\framework\\src\\Illuminate\\Pipeline\\Pipeline.php(180): Illuminate\\Foundation\\Http\\Middleware\\TrimStrings->handle(Object(Illuminate\\Http\\Request), Object(Closure))
#57 D:\\PROYECTOS\\IMPORTACIONES RAMIREZ\\ERP-RAMIREZ\\vendor\\laravel\\framework\\src\\Illuminate\\Foundation\\Http\\Middleware\\ValidatePostSize.php(27): Illuminate\\Pipeline\\Pipeline->Illuminate\\Pipeline\\{closure}(Object(Illuminate\\Http\\Request))
#58 D:\\PROYECTOS\\IMPORTACIONES RAMIREZ\\ERP-RAMIREZ\\vendor\\laravel\\framework\\src\\Illuminate\\Pipeline\\Pipeline.php(180): Illuminate\\Foundation\\Http\\Middleware\\ValidatePostSize->handle(Object(Illuminate\\Http\\Request), Object(Closure))
#59 D:\\PROYECTOS\\IMPORTACIONES RAMIREZ\\ERP-RAMIREZ\\vendor\\laravel\\framework\\src\\Illuminate\\Foundation\\Http\\Middleware\\PreventRequestsDuringMaintenance.php(86): Illuminate\\Pipeline\\Pipeline->Illuminate\\Pipeline\\{closure}(Object(Illuminate\\Http\\Request))
#60 D:\\PROYECTOS\\IMPORTACIONES RAMIREZ\\ERP-RAMIREZ\\vendor\\laravel\\framework\\src\\Illuminate\\Pipeline\\Pipeline.php(180): Illuminate\\Foundation\\Http\\Middleware\\PreventRequestsDuringMaintenance->handle(Object(Illuminate\\Http\\Request), Object(Closure))
#61 D:\\PROYECTOS\\IMPORTACIONES RAMIREZ\\ERP-RAMIREZ\\vendor\\laravel\\framework\\src\\Illuminate\\Http\\Middleware\\HandleCors.php(49): Illuminate\\Pipeline\\Pipeline->Illuminate\\Pipeline\\{closure}(Object(Illuminate\\Http\\Request))
#62 D:\\PROYECTOS\\IMPORTACIONES RAMIREZ\\ERP-RAMIREZ\\vendor\\laravel\\framework\\src\\Illuminate\\Pipeline\\Pipeline.php(180): Illuminate\\Http\\Middleware\\HandleCors->handle(Object(Illuminate\\Http\\Request), Object(Closure))
#63 D:\\PROYECTOS\\IMPORTACIONES RAMIREZ\\ERP-RAMIREZ\\vendor\\laravel\\framework\\src\\Illuminate\\Http\\Middleware\\TrustProxies.php(39): Illuminate\\Pipeline\\Pipeline->Illuminate\\Pipeline\\{closure}(Object(Illuminate\\Http\\Request))
#64 D:\\PROYECTOS\\IMPORTACIONES RAMIREZ\\ERP-RAMIREZ\\vendor\\laravel\\framework\\src\\Illuminate\\Pipeline\\Pipeline.php(180): Illuminate\\Http\\Middleware\\TrustProxies->handle(Object(Illuminate\\Http\\Request), Object(Closure))
#65 D:\\PROYECTOS\\IMPORTACIONES RAMIREZ\\ERP-RAMIREZ\\vendor\\laravel\\framework\\src\\Illuminate\\Pipeline\\Pipeline.php(116): Illuminate\\Pipeline\\Pipeline->Illuminate\\Pipeline\\{closure}(Object(Illuminate\\Http\\Request))
#66 D:\\PROYECTOS\\IMPORTACIONES RAMIREZ\\ERP-RAMIREZ\\vendor\\laravel\\framework\\src\\Illuminate\\Foundation\\Http\\Kernel.php(165): Illuminate\\Pipeline\\Pipeline->then(Object(Closure))
#67 D:\\PROYECTOS\\IMPORTACIONES RAMIREZ\\ERP-RAMIREZ\\vendor\\laravel\\framework\\src\\Illuminate\\Foundation\\Http\\Kernel.php(134): Illuminate\\Foundation\\Http\\Kernel->sendRequestThroughRouter(Object(Illuminate\\Http\\Request))
#68 D:\\PROYECTOS\\IMPORTACIONES RAMIREZ\\ERP-RAMIREZ\\public\\index.php(51): Illuminate\\Foundation\\Http\\Kernel->handle(Object(Illuminate\\Http\\Request))
#69 D:\\PROYECTOS\\IMPORTACIONES RAMIREZ\\ERP-RAMIREZ\\vendor\\laravel\\framework\\src\\Illuminate\\Foundation\\resources\\server.php(16): require_once('D:\\\\PROYECTOS\\\\IM...')
#70 {main}

[previous exception] [object] (ErrorException(code: 0): Undefined variable $desde at D:\\PROYECTOS\\IMPORTACIONES RAMIREZ\\ERP-RAMIREZ\\storage\\framework\\views\\dc6f0818c41a1e845a314568edf6dc99a1727aa6.php:24)
[stacktrace]
#0 D:\\PROYECTOS\\IMPORTACIONES RAMIREZ\\ERP-RAMIREZ\\vendor\\laravel\\framework\\src\\Illuminate\\Foundation\\Bootstrap\\HandleExceptions.php(266): Illuminate\\Foundation\\Bootstrap\\HandleExceptions->handleError(2, 'Undefined varia...', 'D:\\\\PROYECTOS\\\\IM...', 24)
#1 D:\\PROYECTOS\\IMPORTACIONES RAMIREZ\\ERP-RAMIREZ\\storage\\framework\\views\\dc6f0818c41a1e845a314568edf6dc99a1727aa6.php(24): Illuminate\\Foundation\\Bootstrap\\HandleExceptions->Illuminate\\Foundation\\Bootstrap\\{closure}(2, 'Undefined varia...', 'D:\\\\PROYECTOS\\\\IM...', 24)
#2 D:\\PROYECTOS\\IMPORTACIONES RAMIREZ\\ERP-RAMIREZ\\vendor\\laravel\\framework\\src\\Illuminate\\Filesystem\\Filesystem.php(109): require('D:\\\\PROYECTOS\\\\IM...')
#3 D:\\PROYECTOS\\IMPORTACIONES RAMIREZ\\ERP-RAMIREZ\\vendor\\laravel\\framework\\src\\Illuminate\\Filesystem\\Filesystem.php(110): Illuminate\\Filesystem\\Filesystem::Illuminate\\Filesystem\\{closure}()
#4 D:\\PROYECTOS\\IMPORTACIONES RAMIREZ\\ERP-RAMIREZ\\vendor\\laravel\\framework\\src\\Illuminate\\View\\Engines\\PhpEngine.php(58): Illuminate\\Filesystem\\Filesystem->getRequire('D:\\\\PROYECTOS\\\\IM...', Array)
#5 D:\\PROYECTOS\\IMPORTACIONES RAMIREZ\\ERP-RAMIREZ\\vendor\\laravel\\framework\\src\\Illuminate\\View\\Engines\\CompilerEngine.php(70): Illuminate\\View\\Engines\\PhpEngine->evaluatePath('D:\\\\PROYECTOS\\\\IM...', Array)
#6 D:\\PROYECTOS\\IMPORTACIONES RAMIREZ\\ERP-RAMIREZ\\vendor\\laravel\\framework\\src\\Illuminate\\View\\View.php(195): Illuminate\\View\\Engines\\CompilerEngine->get('D:\\\\PROYECTOS\\\\IM...', Array)
#7 D:\\PROYECTOS\\IMPORTACIONES RAMIREZ\\ERP-RAMIREZ\\vendor\\laravel\\framework\\src\\Illuminate\\View\\View.php(178): Illuminate\\View\\View->getContents()
#8 D:\\PROYECTOS\\IMPORTACIONES RAMIREZ\\ERP-RAMIREZ\\vendor\\laravel\\framework\\src\\Illuminate\\View\\View.php(147): Illuminate\\View\\View->renderContents()
#9 D:\\PROYECTOS\\IMPORTACIONES RAMIREZ\\ERP-RAMIREZ\\vendor\\laravel\\framework\\src\\Illuminate\\Http\\Response.php(69): Illuminate\\View\\View->render()
#10 D:\\PROYECTOS\\IMPORTACIONES RAMIREZ\\ERP-RAMIREZ\\vendor\\laravel\\framework\\src\\Illuminate\\Http\\Response.php(35): Illuminate\\Http\\Response->setContent(Object(Illuminate\\View\\View))
#11 D:\\PROYECTOS\\IMPORTACIONES RAMIREZ\\ERP-RAMIREZ\\vendor\\laravel\\framework\\src\\Illuminate\\Routing\\Router.php(906): Illuminate\\Http\\Response->__construct(Object(Illuminate\\View\\View), 200, Array)
#12 D:\\PROYECTOS\\IMPORTACIONES RAMIREZ\\ERP-RAMIREZ\\vendor\\laravel\\framework\\src\\Illuminate\\Routing\\Router.php(875): Illuminate\\Routing\\Router::toResponse(Object(Illuminate\\Http\\Request), Object(Illuminate\\View\\View))
#13 D:\\PROYECTOS\\IMPORTACIONES RAMIREZ\\ERP-RAMIREZ\\vendor\\laravel\\framework\\src\\Illuminate\\Routing\\Router.php(797): Illuminate\\Routing\\Router->prepareResponse(Object(Illuminate\\Http\\Request), Object(Illuminate\\View\\View))
#14 D:\\PROYECTOS\\IMPORTACIONES RAMIREZ\\ERP-RAMIREZ\\vendor\\laravel\\framework\\src\\Illuminate\\Pipeline\\Pipeline.php(141): Illuminate\\Routing\\Router->Illuminate\\Routing\\{closure}(Object(Illuminate\\Http\\Request))
#15 D:\\PROYECTOS\\IMPORTACIONES RAMIREZ\\ERP-RAMIREZ\\app\\Http\\Middleware\\CheckUserLogin.php(22): Illuminate\\Pipeline\\Pipeline->Illuminate\\Pipeline\\{closure}(Object(Illuminate\\Http\\Request))
#16 D:\\PROYECTOS\\IMPORTACIONES RAMIREZ\\ERP-RAMIREZ\\vendor\\laravel\\framework\\src\\Illuminate\\Pipeline\\Pipeline.php(180): App\\Http\\Middleware\\CheckUserLogin->handle(Object(Illuminate\\Http\\Request), Object(Closure))
#17 D:\\PROYECTOS\\IMPORTACIONES RAMIREZ\\ERP-RAMIREZ\\app\\Http\\Middleware\\AdminSidebarMenu.php(906): Illuminate\\Pipeline\\Pipeline->Illuminate\\Pipeline\\{closure}(Object(Illuminate\\Http\\Request))
#18 D:\\PROYECTOS\\IMPORTACIONES RAMIREZ\\ERP-RAMIREZ\\vendor\\laravel\\framework\\src\\Illuminate\\Pipeline\\Pipeline.php(180): App\\Http\\Middleware\\AdminSidebarMenu->handle(Object(Illuminate\\Http\\Request), Object(Closure))
#19 D:\\PROYECTOS\\IMPORTACIONES RAMIREZ\\ERP-RAMIREZ\\app\\Http\\Middleware\\Timezone.php(30): Illuminate\\Pipeline\\Pipeline->Illuminate\\Pipeline\\{closure}(Object(Illuminate\\Http\\Request))
#20 D:\\PROYECTOS\\IMPORTACIONES RAMIREZ\\ERP-RAMIREZ\\vendor\\laravel\\framework\\src\\Illuminate\\Pipeline\\Pipeline.php(180): App\\Http\\Middleware\\Timezone->handle(Object(Illuminate\\Http\\Request), Object(Closure))
#21 D:\\PROYECTOS\\IMPORTACIONES RAMIREZ\\ERP-RAMIREZ\\app\\Http\\Middleware\\Language.php(25): Illuminate\\Pipeline\\Pipeline->Illuminate\\Pipeline\\{closure}(Object(Illuminate\\Http\\Request))
#22 D:\\PROYECTOS\\IMPORTACIONES RAMIREZ\\ERP-RAMIREZ\\vendor\\laravel\\framework\\src\\Illuminate\\Pipeline\\Pipeline.php(180): App\\Http\\Middleware\\Language->handle(Object(Illuminate\\Http\\Request), Object(Closure))
#23 D:\\PROYECTOS\\IMPORTACIONES RAMIREZ\\ERP-RAMIREZ\\app\\Http\\Middleware\\SetSessionData.php(52): Illuminate\\Pipeline\\Pipeline->Illuminate\\Pipeline\\{closure}(Object(Illuminate\\Http\\Request))
#24 D:\\PROYECTOS\\IMPORTACIONES RAMIREZ\\ERP-RAMIREZ\\vendor\\laravel\\framework\\src\\Illuminate\\Pipeline\\Pipeline.php(180): App\\Http\\Middleware\\SetSessionData->handle(Object(Illuminate\\Http\\Request), Object(Closure))
#25 D:\\PROYECTOS\\IMPORTACIONES RAMIREZ\\ERP-RAMIREZ\\app\\Http\\Middleware\\IsInstalled.php(50): Illuminate\\Pipeline\\Pipeline->Illuminate\\Pipeline\\{closure}(Object(Illuminate\\Http\\Request))
#26 D:\\PROYECTOS\\IMPORTACIONES RAMIREZ\\ERP-RAMIREZ\\vendor\\laravel\\framework\\src\\Illuminate\\Pipeline\\Pipeline.php(180): App\\Http\\Middleware\\IsInstalled->handle(Object(Illuminate\\Http\\Request), Object(Closure))
#27 D:\\PROYECTOS\\IMPORTACIONES RAMIREZ\\ERP-RAMIREZ\\vendor\\laravel\\framework\\src\\Illuminate\\Routing\\Middleware\\SubstituteBindings.php(50): Illuminate\\Pipeline\\Pipeline->Illuminate\\Pipeline\\{closure}(Object(Illuminate\\Http\\Request))
#28 D:\\PROYECTOS\\IMPORTACIONES RAMIREZ\\ERP-RAMIREZ\\vendor\\laravel\\framework\\src\\Illuminate\\Pipeline\\Pipeline.php(180): Illuminate\\Routing\\Middleware\\SubstituteBindings->handle(Object(Illuminate\\Http\\Request), Object(Closure))
#29 D:\\PROYECTOS\\IMPORTACIONES RAMIREZ\\ERP-RAMIREZ\\vendor\\laravel\\framework\\src\\Illuminate\\Auth\\Middleware\\Authenticate.php(44): Illuminate\\Pipeline\\Pipeline->Illuminate\\Pipeline\\{closure}(Object(Illuminate\\Http\\Request))
#30 D:\\PROYECTOS\\IMPORTACIONES RAMIREZ\\ERP-RAMIREZ\\vendor\\laravel\\framework\\src\\Illuminate\\Pipeline\\Pipeline.php(180): Illuminate\\Auth\\Middleware\\Authenticate->handle(Object(Illuminate\\Http\\Request), Object(Closure))
#31 D:\\PROYECTOS\\IMPORTACIONES RAMIREZ\\ERP-RAMIREZ\\vendor\\laravel\\framework\\src\\Illuminate\\Foundation\\Http\\Middleware\\VerifyCsrfToken.php(78): Illuminate\\Pipeline\\Pipeline->Illuminate\\Pipeline\\{closure}(Object(Illuminate\\Http\\Request))
#32 D:\\PROYECTOS\\IMPORTACIONES RAMIREZ\\ERP-RAMIREZ\\vendor\\laravel\\framework\\src\\Illuminate\\Pipeline\\Pipeline.php(180): Illuminate\\Foundation\\Http\\Middleware\\VerifyCsrfToken->handle(Object(Illuminate\\Http\\Request), Object(Closure))
#33 D:\\PROYECTOS\\IMPORTACIONES RAMIREZ\\ERP-RAMIREZ\\vendor\\laravel\\framework\\src\\Illuminate\\View\\Middleware\\ShareErrorsFromSession.php(49): Illuminate\\Pipeline\\Pipeline->Illuminate\\Pipeline\\{closure}(Object(Illuminate\\Http\\Request))
#34 D:\\PROYECTOS\\IMPORTACIONES RAMIREZ\\ERP-RAMIREZ\\vendor\\laravel\\framework\\src\\Illuminate\\Pipeline\\Pipeline.php(180): Illuminate\\View\\Middleware\\ShareErrorsFromSession->handle(Object(Illuminate\\Http\\Request), Object(Closure))
#35 D:\\PROYECTOS\\IMPORTACIONES RAMIREZ\\ERP-RAMIREZ\\vendor\\laravel\\framework\\src\\Illuminate\\Session\\Middleware\\StartSession.php(121): Illuminate\\Pipeline\\Pipeline->Illuminate\\Pipeline\\{closure}(Object(Illuminate\\Http\\Request))
#36 D:\\PROYECTOS\\IMPORTACIONES RAMIREZ\\ERP-RAMIREZ\\vendor\\laravel\\framework\\src\\Illuminate\\Session\\Middleware\\StartSession.php(64): Illuminate\\Session\\Middleware\\StartSession->handleStatefulRequest(Object(Illuminate\\Http\\Request), Object(Illuminate\\Session\\Store), Object(Closure))
#37 D:\\PROYECTOS\\IMPORTACIONES RAMIREZ\\ERP-RAMIREZ\\vendor\\laravel\\framework\\src\\Illuminate\\Pipeline\\Pipeline.php(180): Illuminate\\Session\\Middleware\\StartSession->handle(Object(Illuminate\\Http\\Request), Object(Closure))
#38 D:\\PROYECTOS\\IMPORTACIONES RAMIREZ\\ERP-RAMIREZ\\vendor\\laravel\\framework\\src\\Illuminate\\Cookie\\Middleware\\AddQueuedCookiesToResponse.php(37): Illuminate\\Pipeline\\Pipeline->Illuminate\\Pipeline\\{closure}(Object(Illuminate\\Http\\Request))
#39 D:\\PROYECTOS\\IMPORTACIONES RAMIREZ\\ERP-RAMIREZ\\vendor\\laravel\\framework\\src\\Illuminate\\Pipeline\\Pipeline.php(180): Illuminate\\Cookie\\Middleware\\AddQueuedCookiesToResponse->handle(Object(Illuminate\\Http\\Request), Object(Closure))
#40 D:\\PROYECTOS\\IMPORTACIONES RAMIREZ\\ERP-RAMIREZ\\vendor\\laravel\\framework\\src\\Illuminate\\Cookie\\Middleware\\EncryptCookies.php(67): Illuminate\\Pipeline\\Pipeline->Illuminate\\Pipeline\\{closure}(Object(Illuminate\\Http\\Request))
#41 D:\\PROYECTOS\\IMPORTACIONES RAMIREZ\\ERP-RAMIREZ\\vendor\\laravel\\framework\\src\\Illuminate\\Pipeline\\Pipeline.php(180): Illuminate\\Cookie\\Middleware\\EncryptCookies->handle(Object(Illuminate\\Http\\Request), Object(Closure))
#42 D:\\PROYECTOS\\IMPORTACIONES RAMIREZ\\ERP-RAMIREZ\\vendor\\laravel\\framework\\src\\Illuminate\\Pipeline\\Pipeline.php(116): Illuminate\\Pipeline\\Pipeline->Illuminate\\Pipeline\\{closure}(Object(Illuminate\\Http\\Request))
#43 D:\\PROYECTOS\\IMPORTACIONES RAMIREZ\\ERP-RAMIREZ\\vendor\\laravel\\framework\\src\\Illuminate\\Routing\\Router.php(797): Illuminate\\Pipeline\\Pipeline->then(Object(Closure))
#44 D:\\PROYECTOS\\IMPORTACIONES RAMIREZ\\ERP-RAMIREZ\\vendor\\laravel\\framework\\src\\Illuminate\\Routing\\Router.php(776): Illuminate\\Routing\\Router->runRouteWithinStack(Object(Illuminate\\Routing\\Route), Object(Illuminate\\Http\\Request))
#45 D:\\PROYECTOS\\IMPORTACIONES RAMIREZ\\ERP-RAMIREZ\\vendor\\laravel\\framework\\src\\Illuminate\\Routing\\Router.php(740): Illuminate\\Routing\\Router->runRoute(Object(Illuminate\\Http\\Request), Object(Illuminate\\Routing\\Route))
#46 D:\\PROYECTOS\\IMPORTACIONES RAMIREZ\\ERP-RAMIREZ\\vendor\\laravel\\framework\\src\\Illuminate\\Routing\\Router.php(729): Illuminate\\Routing\\Router->dispatchToRoute(Object(Illuminate\\Http\\Request))
#47 D:\\PROYECTOS\\IMPORTACIONES RAMIREZ\\ERP-RAMIREZ\\vendor\\laravel\\framework\\src\\Illuminate\\Foundation\\Http\\Kernel.php(190): Illuminate\\Routing\\Router->dispatch(Object(Illuminate\\Http\\Request))
#48 D:\\PROYECTOS\\IMPORTACIONES RAMIREZ\\ERP-RAMIREZ\\vendor\\laravel\\framework\\src\\Illuminate\\Pipeline\\Pipeline.php(141): Illuminate\\Foundation\\Http\\Kernel->Illuminate\\Foundation\\Http\\{closure}(Object(Illuminate\\Http\\Request))
#49 D:\\PROYECTOS\\IMPORTACIONES RAMIREZ\\ERP-RAMIREZ\\vendor\\barryvdh\\laravel-debugbar\\src\\Middleware\\InjectDebugbar.php(59): Illuminate\\Pipeline\\Pipeline->Illuminate\\Pipeline\\{closure}(Object(Illuminate\\Http\\Request))
#50 D:\\PROYECTOS\\IMPORTACIONES RAMIREZ\\ERP-RAMIREZ\\vendor\\laravel\\framework\\src\\Illuminate\\Pipeline\\Pipeline.php(180): Barryvdh\\Debugbar\\Middleware\\InjectDebugbar->handle(Object(Illuminate\\Http\\Request), Object(Closure))
#51 D:\\PROYECTOS\\IMPORTACIONES RAMIREZ\\ERP-RAMIREZ\\vendor\\laravel\\framework\\src\\Illuminate\\Foundation\\Http\\Middleware\\TransformsRequest.php(21): Illuminate\\Pipeline\\Pipeline->Illuminate\\Pipeline\\{closure}(Object(Illuminate\\Http\\Request))
#52 D:\\PROYECTOS\\IMPORTACIONES RAMIREZ\\ERP-RAMIREZ\\vendor\\laravel\\framework\\src\\Illuminate\\Foundation\\Http\\Middleware\\ConvertEmptyStringsToNull.php(31): Illuminate\\Foundation\\Http\\Middleware\\TransformsRequest->handle(Object(Illuminate\\Http\\Request), Object(Closure))
#53 D:\\PROYECTOS\\IMPORTACIONES RAMIREZ\\ERP-RAMIREZ\\vendor\\laravel\\framework\\src\\Illuminate\\Pipeline\\Pipeline.php(180): Illuminate\\Foundation\\Http\\Middleware\\ConvertEmptyStringsToNull->handle(Object(Illuminate\\Http\\Request), Object(Closure))
#54 D:\\PROYECTOS\\IMPORTACIONES RAMIREZ\\ERP-RAMIREZ\\vendor\\laravel\\framework\\src\\Illuminate\\Foundation\\Http\\Middleware\\TransformsRequest.php(21): Illuminate\\Pipeline\\Pipeline->Illuminate\\Pipeline\\{closure}(Object(Illuminate\\Http\\Request))
#55 D:\\PROYECTOS\\IMPORTACIONES RAMIREZ\\ERP-RAMIREZ\\vendor\\laravel\\framework\\src\\Illuminate\\Foundation\\Http\\Middleware\\TrimStrings.php(40): Illuminate\\Foundation\\Http\\Middleware\\TransformsRequest->handle(Object(Illuminate\\Http\\Request), Object(Closure))
#56 D:\\PROYECTOS\\IMPORTACIONES RAMIREZ\\ERP-RAMIREZ\\vendor\\laravel\\framework\\src\\Illuminate\\Pipeline\\Pipeline.php(180): Illuminate\\Foundation\\Http\\Middleware\\TrimStrings->handle(Object(Illuminate\\Http\\Request), Object(Closure))
#57 D:\\PROYECTOS\\IMPORTACIONES RAMIREZ\\ERP-RAMIREZ\\vendor\\laravel\\framework\\src\\Illuminate\\Foundation\\Http\\Middleware\\ValidatePostSize.php(27): Illuminate\\Pipeline\\Pipeline->Illuminate\\Pipeline\\{closure}(Object(Illuminate\\Http\\Request))
#58 D:\\PROYECTOS\\IMPORTACIONES RAMIREZ\\ERP-RAMIREZ\\vendor\\laravel\\framework\\src\\Illuminate\\Pipeline\\Pipeline.php(180): Illuminate\\Foundation\\Http\\Middleware\\ValidatePostSize->handle(Object(Illuminate\\Http\\Request), Object(Closure))
#59 D:\\PROYECTOS\\IMPORTACIONES RAMIREZ\\ERP-RAMIREZ\\vendor\\laravel\\framework\\src\\Illuminate\\Foundation\\Http\\Middleware\\PreventRequestsDuringMaintenance.php(86): Illuminate\\Pipeline\\Pipeline->Illuminate\\Pipeline\\{closure}(Object(Illuminate\\Http\\Request))
#60 D:\\PROYECTOS\\IMPORTACIONES RAMIREZ\\ERP-RAMIREZ\\vendor\\laravel\\framework\\src\\Illuminate\\Pipeline\\Pipeline.php(180): Illuminate\\Foundation\\Http\\Middleware\\PreventRequestsDuringMaintenance->handle(Object(Illuminate\\Http\\Request), Object(Closure))
#61 D:\\PROYECTOS\\IMPORTACIONES RAMIREZ\\ERP-RAMIREZ\\vendor\\laravel\\framework\\src\\Illuminate\\Http\\Middleware\\HandleCors.php(49): Illuminate\\Pipeline\\Pipeline->Illuminate\\Pipeline\\{closure}(Object(Illuminate\\Http\\Request))
#62 D:\\PROYECTOS\\IMPORTACIONES RAMIREZ\\ERP-RAMIREZ\\vendor\\laravel\\framework\\src\\Illuminate\\Pipeline\\Pipeline.php(180): Illuminate\\Http\\Middleware\\HandleCors->handle(Object(Illuminate\\Http\\Request), Object(Closure))
#63 D:\\PROYECTOS\\IMPORTACIONES RAMIREZ\\ERP-RAMIREZ\\vendor\\laravel\\framework\\src\\Illuminate\\Http\\Middleware\\TrustProxies.php(39): Illuminate\\Pipeline\\Pipeline->Illuminate\\Pipeline\\{closure}(Object(Illuminate\\Http\\Request))
#64 D:\\PROYECTOS\\IMPORTACIONES RAMIREZ\\ERP-RAMIREZ\\vendor\\laravel\\framework\\src\\Illuminate\\Pipeline\\Pipeline.php(180): Illuminate\\Http\\Middleware\\TrustProxies->handle(Object(Illuminate\\Http\\Request), Object(Closure))
#65 D:\\PROYECTOS\\IMPORTACIONES RAMIREZ\\ERP-RAMIREZ\\vendor\\laravel\\framework\\src\\Illuminate\\Pipeline\\Pipeline.php(116): Illuminate\\Pipeline\\Pipeline->Illuminate\\Pipeline\\{closure}(Object(Illuminate\\Http\\Request))
#66 D:\\PROYECTOS\\IMPORTACIONES RAMIREZ\\ERP-RAMIREZ\\vendor\\laravel\\framework\\src\\Illuminate\\Foundation\\Http\\Kernel.php(165): Illuminate\\Pipeline\\Pipeline->then(Object(Closure))
#67 D:\\PROYECTOS\\IMPORTACIONES RAMIREZ\\ERP-RAMIREZ\\vendor\\laravel\\framework\\src\\Illuminate\\Foundation\\Http\\Kernel.php(134): Illuminate\\Foundation\\Http\\Kernel->sendRequestThroughRouter(Object(Illuminate\\Http\\Request))
#68 D:\\PROYECTOS\\IMPORTACIONES RAMIREZ\\ERP-RAMIREZ\\public\\index.php(51): Illuminate\\Foundation\\Http\\Kernel->handle(Object(Illuminate\\Http\\Request))
#69 D:\\PROYECTOS\\IMPORTACIONES RAMIREZ\\ERP-RAMIREZ\\vendor\\laravel\\framework\\src\\Illuminate\\Foundation\\resources\\server.php(16): require_once('D:\\\\PROYECTOS\\\\IM...')
#70 {main}
"} 
[2026-07-03 22:56:11] local.ERROR: Undefined variable $desde {"view":{"view":"D:\\PROYECTOS\\IMPORTACIONES RAMIREZ\\ERP-RAMIREZ\\resources\\views\\purchase\\importaciones\\index.blade.php","data":{"asset_v":"<pre class=sf-dump id=sf-dump-533543756 data-indent-pad=\"  \"><span class=sf-dump-num>511</span>
</pre><script>Sfdump(\"sf-dump-533543756\", {\"maxDepth\":3,\"maxStringLength\":160})</script>
","errors":"<pre class=sf-dump id=sf-dump-293084954 data-indent-pad=\"  \"><span class=sf-dump-note>Illuminate\\Support\\ViewErrorBag</span> {<a class=sf-dump-ref>#3313</a><samp data-depth=1 class=sf-dump-expanded>
  #<span class=sf-dump-protected title=\"Protected property\">bags</span>: []
</samp>}
</pre><script>Sfdump(\"sf-dump-293084954\", {\"maxDepth\":3,\"maxStringLength\":160})</script>
","transacciones":"<pre class=sf-dump id=sf-dump-1448634289 data-indent-pad=\"  \"><span class=sf-dump-note>Illuminate\\Pagination\\LengthAwarePaginator</span> {<a class=sf-dump-ref>#3948</a><samp data-depth=1 class=sf-dump-expanded>
  #<span class=sf-dump-protected title=\"Protected property\">items</span>: <span class=sf-dump-note title=\"Illuminate\\Support\\Collection
\"><span class=\"sf-dump-ellipsis sf-dump-ellipsis-note\">Illuminate\\Support</span><span class=\"sf-dump-ellipsis sf-dump-ellipsis-note\">\\</span>Collection</span> {<a class=sf-dump-ref>#3615</a><samp data-depth=2 class=sf-dump-compact>
    #<span class=sf-dump-protected title=\"Protected property\">items</span>: <span class=sf-dump-note>array:5</span> [<samp data-depth=3 class=sf-dump-compact>
      <span class=sf-dump-index>0</span> => {<a class=sf-dump-ref>#3913</a> &#8230;7}
      <span class=sf-dump-index>1</span> => {<a class=sf-dump-ref>#3908</a> &#8230;7}
      <span class=sf-dump-index>2</span> => {<a class=sf-dump-ref>#3893</a> &#8230;7}
      <span class=sf-dump-index>3</span> => {<a class=sf-dump-ref>#3894</a> &#8230;7}
      <span class=sf-dump-index>4</span> => {<a class=sf-dump-ref>#3775</a> &#8230;7}
    </samp>]
    #<span class=sf-dump-protected title=\"Protected property\">escapeWhenCastingToString</span>: <span class=sf-dump-const>false</span>
  </samp>}
  #<span class=sf-dump-protected title=\"Protected property\">perPage</span>: <span class=sf-dump-num>20</span>
  #<span class=sf-dump-protected title=\"Protected property\">currentPage</span>: <span class=sf-dump-num>1</span>
  #<span class=sf-dump-protected title=\"Protected property\">path</span>: \"<span class=sf-dump-str title=\"45 characters\">http://127.0.0.1:8000/historial-importaciones</span>\"
  #<span class=sf-dump-protected title=\"Protected property\">query</span>: []
  #<span class=sf-dump-protected title=\"Protected property\">fragment</span>: <span class=sf-dump-const>null</span>
  #<span class=sf-dump-protected title=\"Protected property\">pageName</span>: \"<span class=sf-dump-str title=\"4 characters\">page</span>\"
  +<span class=sf-dump-public title=\"Public property\">onEachSide</span>: <span class=sf-dump-num>3</span>
  #<span class=sf-dump-protected title=\"Protected property\">options</span>: <span class=sf-dump-note>array:2</span> [<samp data-depth=2 class=sf-dump-compact>
    \"<span class=sf-dump-key>path</span>\" => \"<span class=sf-dump-str title=\"45 characters\">http://127.0.0.1:8000/historial-importaciones</span>\"
    \"<span class=sf-dump-key>pageName</span>\" => \"<span class=sf-dump-str title=\"4 characters\">page</span>\"
  </samp>]
  #<span class=sf-dump-protected title=\"Protected property\">total</span>: <span class=sf-dump-num>5</span>
  #<span class=sf-dump-protected title=\"Protected property\">lastPage</span>: <span class=sf-dump-num>1</span>
</samp>}
</pre><script>Sfdump(\"sf-dump-1448634289\", {\"maxDepth\":3,\"maxStringLength\":160})</script>
","productos":"<pre class=sf-dump id=sf-dump-547225649 data-indent-pad=\"  \"><span class=sf-dump-note>Illuminate\\Support\\Collection</span> {<a class=sf-dump-ref>#3808</a><samp data-depth=1 class=sf-dump-expanded>
  #<span class=sf-dump-protected title=\"Protected property\">items</span>: <span class=sf-dump-note>array:7</span> [<samp data-depth=2 class=sf-dump-compact>
    <span class=sf-dump-key>4</span> => \"<span class=sf-dump-str title=\"10 characters\">Carroceria</span>\"
    <span class=sf-dump-key>7</span> => \"<span class=sf-dump-str title=\"14 characters\">ENSAMBLAJE 150</span>\"
    <span class=sf-dump-key>6</span> => \"<span class=sf-dump-str title=\"21 characters\">MATERIALES CARROCERIA</span>\"
    <span class=sf-dump-key>8</span> => \"<span class=sf-dump-str title=\"12 characters\">MOTOTAXI 150</span>\"
    <span class=sf-dump-key>2</span> => \"<span class=sf-dump-str title=\"15 characters\">RETROEXCAVADORA</span>\"
    <span class=sf-dump-key>5</span> => \"<span class=sf-dump-str title=\"9 characters\">Tapiceria</span>\"
    <span class=sf-dump-key>1</span> => \"<span class=sf-dump-str title=\"7 characters\">WX-150A</span>\"
  </samp>]
  #<span class=sf-dump-protected title=\"Protected property\">escapeWhenCastingToString</span>: <span class=sf-dump-const>false</span>
</samp>}
</pre><script>Sfdump(\"sf-dump-547225649\", {\"maxDepth\":3,\"maxStringLength\":160})</script>
","enabled_modules":"<pre class=sf-dump id=sf-dump-98367286 data-indent-pad=\"  \"><span class=sf-dump-note>array:7</span> [<samp data-depth=1 class=sf-dump-expanded>
  <span class=sf-dump-index>0</span> => \"<span class=sf-dump-str title=\"9 characters\">purchases</span>\"
  <span class=sf-dump-index>1</span> => \"<span class=sf-dump-str title=\"8 characters\">add_sale</span>\"
  <span class=sf-dump-index>2</span> => \"<span class=sf-dump-str title=\"8 characters\">pos_sale</span>\"
  <span class=sf-dump-index>3</span> => \"<span class=sf-dump-str title=\"15 characters\">stock_transfers</span>\"
  <span class=sf-dump-index>4</span> => \"<span class=sf-dump-str title=\"16 characters\">stock_adjustment</span>\"
  <span class=sf-dump-index>5</span> => \"<span class=sf-dump-str title=\"8 characters\">expenses</span>\"
  <span class=sf-dump-index>6</span> => \"<span class=sf-dump-str title=\"7 characters\">account</span>\"
</samp>]
</pre><script>Sfdump(\"sf-dump-98367286\", {\"maxDepth\":3,\"maxStringLength\":160})</script>
","__is_pusher_enabled":"<pre class=sf-dump id=sf-dump-321596907 data-indent-pad=\"  \"><span class=sf-dump-const>false</span>
</pre><script>Sfdump(\"sf-dump-321596907\", {\"maxDepth\":3,\"maxStringLength\":160})</script>
"}},"userId":1,"exception":"[object] (Spatie\\LaravelIgnition\\Exceptions\\ViewException(code: 0): Undefined variable $desde at D:\\PROYECTOS\\IMPORTACIONES RAMIREZ\\ERP-RAMIREZ\\resources\\views\\purchase\\importaciones\\index.blade.php:24)
[stacktrace]
#0 D:\\PROYECTOS\\IMPORTACIONES RAMIREZ\\ERP-RAMIREZ\\vendor\\laravel\\framework\\src\\Illuminate\\Foundation\\Bootstrap\\HandleExceptions.php(266): Illuminate\\Foundation\\Bootstrap\\HandleExceptions->handleError(2, 'Undefined varia...', 'D:\\\\PROYECTOS\\\\IM...', 24)
#1 D:\\PROYECTOS\\IMPORTACIONES RAMIREZ\\ERP-RAMIREZ\\resources\\views\\purchase\\importaciones\\index.blade.php(24): Illuminate\\Foundation\\Bootstrap\\HandleExceptions->Illuminate\\Foundation\\Bootstrap\\{closure}(2, 'Undefined varia...', 'D:\\\\PROYECTOS\\\\IM...', 24)
#2 D:\\PROYECTOS\\IMPORTACIONES RAMIREZ\\ERP-RAMIREZ\\vendor\\laravel\\framework\\src\\Illuminate\\Filesystem\\Filesystem.php(109): require('D:\\\\PROYECTOS\\\\IM...')
#3 D:\\PROYECTOS\\IMPORTACIONES RAMIREZ\\ERP-RAMIREZ\\vendor\\laravel\\framework\\src\\Illuminate\\Filesystem\\Filesystem.php(110): Illuminate\\Filesystem\\Filesystem::Illuminate\\Filesystem\\{closure}()
#4 D:\\PROYECTOS\\IMPORTACIONES RAMIREZ\\ERP-RAMIREZ\\vendor\\laravel\\framework\\src\\Illuminate\\View\\Engines\\PhpEngine.php(58): Illuminate\\Filesystem\\Filesystem->getRequire('D:\\\\PROYECTOS\\\\IM...', Array)
#5 D:\\PROYECTOS\\IMPORTACIONES RAMIREZ\\ERP-RAMIREZ\\vendor\\laravel\\framework\\src\\Illuminate\\View\\Engines\\CompilerEngine.php(70): Illuminate\\View\\Engines\\PhpEngine->evaluatePath('D:\\\\PROYECTOS\\\\IM...', Array)
#6 D:\\PROYECTOS\\IMPORTACIONES RAMIREZ\\ERP-RAMIREZ\\vendor\\laravel\\framework\\src\\Illuminate\\View\\View.php(195): Illuminate\\View\\Engines\\CompilerEngine->get('D:\\\\PROYECTOS\\\\IM...', Array)
#7 D:\\PROYECTOS\\IMPORTACIONES RAMIREZ\\ERP-RAMIREZ\\vendor\\laravel\\framework\\src\\Illuminate\\View\\View.php(178): Illuminate\\View\\View->getContents()
#8 D:\\PROYECTOS\\IMPORTACIONES RAMIREZ\\ERP-RAMIREZ\\vendor\\laravel\\framework\\src\\Illuminate\\View\\View.php(147): Illuminate\\View\\View->renderContents()
#9 D:\\PROYECTOS\\IMPORTACIONES RAMIREZ\\ERP-RAMIREZ\\vendor\\laravel\\framework\\src\\Illuminate\\Http\\Response.php(69): Illuminate\\View\\View->render()
#10 D:\\PROYECTOS\\IMPORTACIONES RAMIREZ\\ERP-RAMIREZ\\vendor\\laravel\\framework\\src\\Illuminate\\Http\\Response.php(35): Illuminate\\Http\\Response->setContent(Object(Illuminate\\View\\View))
#11 D:\\PROYECTOS\\IMPORTACIONES RAMIREZ\\ERP-RAMIREZ\\vendor\\laravel\\framework\\src\\Illuminate\\Routing\\Router.php(906): Illuminate\\Http\\Response->__construct(Object(Illuminate\\View\\View), 200, Array)
#12 D:\\PROYECTOS\\IMPORTACIONES RAMIREZ\\ERP-RAMIREZ\\vendor\\laravel\\framework\\src\\Illuminate\\Routing\\Router.php(875): Illuminate\\Routing\\Router::toResponse(Object(Illuminate\\Http\\Request), Object(Illuminate\\View\\View))
#13 D:\\PROYECTOS\\IMPORTACIONES RAMIREZ\\ERP-RAMIREZ\\vendor\\laravel\\framework\\src\\Illuminate\\Routing\\Router.php(797): Illuminate\\Routing\\Router->prepareResponse(Object(Illuminate\\Http\\Request), Object(Illuminate\\View\\View))
#14 D:\\PROYECTOS\\IMPORTACIONES RAMIREZ\\ERP-RAMIREZ\\vendor\\laravel\\framework\\src\\Illuminate\\Pipeline\\Pipeline.php(141): Illuminate\\Routing\\Router->Illuminate\\Routing\\{closure}(Object(Illuminate\\Http\\Request))
#15 D:\\PROYECTOS\\IMPORTACIONES RAMIREZ\\ERP-RAMIREZ\\app\\Http\\Middleware\\CheckUserLogin.php(22): Illuminate\\Pipeline\\Pipeline->Illuminate\\Pipeline\\{closure}(Object(Illuminate\\Http\\Request))
#16 D:\\PROYECTOS\\IMPORTACIONES RAMIREZ\\ERP-RAMIREZ\\vendor\\laravel\\framework\\src\\Illuminate\\Pipeline\\Pipeline.php(180): App\\Http\\Middleware\\CheckUserLogin->handle(Object(Illuminate\\Http\\Request), Object(Closure))
#17 D:\\PROYECTOS\\IMPORTACIONES RAMIREZ\\ERP-RAMIREZ\\app\\Http\\Middleware\\AdminSidebarMenu.php(906): Illuminate\\Pipeline\\Pipeline->Illuminate\\Pipeline\\{closure}(Object(Illuminate\\Http\\Request))
#18 D:\\PROYECTOS\\IMPORTACIONES RAMIREZ\\ERP-RAMIREZ\\vendor\\laravel\\framework\\src\\Illuminate\\Pipeline\\Pipeline.php(180): App\\Http\\Middleware\\AdminSidebarMenu->handle(Object(Illuminate\\Http\\Request), Object(Closure))
#19 D:\\PROYECTOS\\IMPORTACIONES RAMIREZ\\ERP-RAMIREZ\\app\\Http\\Middleware\\Timezone.php(30): Illuminate\\Pipeline\\Pipeline->Illuminate\\Pipeline\\{closure}(Object(Illuminate\\Http\\Request))
#20 D:\\PROYECTOS\\IMPORTACIONES RAMIREZ\\ERP-RAMIREZ\\vendor\\laravel\\framework\\src\\Illuminate\\Pipeline\\Pipeline.php(180): App\\Http\\Middleware\\Timezone->handle(Object(Illuminate\\Http\\Request), Object(Closure))
#21 D:\\PROYECTOS\\IMPORTACIONES RAMIREZ\\ERP-RAMIREZ\\app\\Http\\Middleware\\Language.php(25): Illuminate\\Pipeline\\Pipeline->Illuminate\\Pipeline\\{closure}(Object(Illuminate\\Http\\Request))
#22 D:\\PROYECTOS\\IMPORTACIONES RAMIREZ\\ERP-RAMIREZ\\vendor\\laravel\\framework\\src\\Illuminate\\Pipeline\\Pipeline.php(180): App\\Http\\Middleware\\Language->handle(Object(Illuminate\\Http\\Request), Object(Closure))
#23 D:\\PROYECTOS\\IMPORTACIONES RAMIREZ\\ERP-RAMIREZ\\app\\Http\\Middleware\\SetSessionData.php(52): Illuminate\\Pipeline\\Pipeline->Illuminate\\Pipeline\\{closure}(Object(Illuminate\\Http\\Request))
#24 D:\\PROYECTOS\\IMPORTACIONES RAMIREZ\\ERP-RAMIREZ\\vendor\\laravel\\framework\\src\\Illuminate\\Pipeline\\Pipeline.php(180): App\\Http\\Middleware\\SetSessionData->handle(Object(Illuminate\\Http\\Request), Object(Closure))
#25 D:\\PROYECTOS\\IMPORTACIONES RAMIREZ\\ERP-RAMIREZ\\app\\Http\\Middleware\\IsInstalled.php(50): Illuminate\\Pipeline\\Pipeline->Illuminate\\Pipeline\\{closure}(Object(Illuminate\\Http\\Request))
#26 D:\\PROYECTOS\\IMPORTACIONES RAMIREZ\\ERP-RAMIREZ\\vendor\\laravel\\framework\\src\\Illuminate\\Pipeline\\Pipeline.php(180): App\\Http\\Middleware\\IsInstalled->handle(Object(Illuminate\\Http\\Request), Object(Closure))
#27 D:\\PROYECTOS\\IMPORTACIONES RAMIREZ\\ERP-RAMIREZ\\vendor\\laravel\\framework\\src\\Illuminate\\Routing\\Middleware\\SubstituteBindings.php(50): Illuminate\\Pipeline\\Pipeline->Illuminate\\Pipeline\\{closure}(Object(Illuminate\\Http\\Request))
#28 D:\\PROYECTOS\\IMPORTACIONES RAMIREZ\\ERP-RAMIREZ\\vendor\\laravel\\framework\\src\\Illuminate\\Pipeline\\Pipeline.php(180): Illuminate\\Routing\\Middleware\\SubstituteBindings->handle(Object(Illuminate\\Http\\Request), Object(Closure))
#29 D:\\PROYECTOS\\IMPORTACIONES RAMIREZ\\ERP-RAMIREZ\\vendor\\laravel\\framework\\src\\Illuminate\\Auth\\Middleware\\Authenticate.php(44): Illuminate\\Pipeline\\Pipeline->Illuminate\\Pipeline\\{closure}(Object(Illuminate\\Http\\Request))
#30 D:\\PROYECTOS\\IMPORTACIONES RAMIREZ\\ERP-RAMIREZ\\vendor\\laravel\\framework\\src\\Illuminate\\Pipeline\\Pipeline.php(180): Illuminate\\Auth\\Middleware\\Authenticate->handle(Object(Illuminate\\Http\\Request), Object(Closure))
#31 D:\\PROYECTOS\\IMPORTACIONES RAMIREZ\\ERP-RAMIREZ\\vendor\\laravel\\framework\\src\\Illuminate\\Foundation\\Http\\Middleware\\VerifyCsrfToken.php(78): Illuminate\\Pipeline\\Pipeline->Illuminate\\Pipeline\\{closure}(Object(Illuminate\\Http\\Request))
#32 D:\\PROYECTOS\\IMPORTACIONES RAMIREZ\\ERP-RAMIREZ\\vendor\\laravel\\framework\\src\\Illuminate\\Pipeline\\Pipeline.php(180): Illuminate\\Foundation\\Http\\Middleware\\VerifyCsrfToken->handle(Object(Illuminate\\Http\\Request), Object(Closure))
#33 D:\\PROYECTOS\\IMPORTACIONES RAMIREZ\\ERP-RAMIREZ\\vendor\\laravel\\framework\\src\\Illuminate\\View\\Middleware\\ShareErrorsFromSession.php(49): Illuminate\\Pipeline\\Pipeline->Illuminate\\Pipeline\\{closure}(Object(Illuminate\\Http\\Request))
#34 D:\\PROYECTOS\\IMPORTACIONES RAMIREZ\\ERP-RAMIREZ\\vendor\\laravel\\framework\\src\\Illuminate\\Pipeline\\Pipeline.php(180): Illuminate\\View\\Middleware\\ShareErrorsFromSession->handle(Object(Illuminate\\Http\\Request), Object(Closure))
#35 D:\\PROYECTOS\\IMPORTACIONES RAMIREZ\\ERP-RAMIREZ\\vendor\\laravel\\framework\\src\\Illuminate\\Session\\Middleware\\StartSession.php(121): Illuminate\\Pipeline\\Pipeline->Illuminate\\Pipeline\\{closure}(Object(Illuminate\\Http\\Request))
#36 D:\\PROYECTOS\\IMPORTACIONES RAMIREZ\\ERP-RAMIREZ\\vendor\\laravel\\framework\\src\\Illuminate\\Session\\Middleware\\StartSession.php(64): Illuminate\\Session\\Middleware\\StartSession->handleStatefulRequest(Object(Illuminate\\Http\\Request), Object(Illuminate\\Session\\Store), Object(Closure))
#37 D:\\PROYECTOS\\IMPORTACIONES RAMIREZ\\ERP-RAMIREZ\\vendor\\laravel\\framework\\src\\Illuminate\\Pipeline\\Pipeline.php(180): Illuminate\\Session\\Middleware\\StartSession->handle(Object(Illuminate\\Http\\Request), Object(Closure))
#38 D:\\PROYECTOS\\IMPORTACIONES RAMIREZ\\ERP-RAMIREZ\\vendor\\laravel\\framework\\src\\Illuminate\\Cookie\\Middleware\\AddQueuedCookiesToResponse.php(37): Illuminate\\Pipeline\\Pipeline->Illuminate\\Pipeline\\{closure}(Object(Illuminate\\Http\\Request))
#39 D:\\PROYECTOS\\IMPORTACIONES RAMIREZ\\ERP-RAMIREZ\\vendor\\laravel\\framework\\src\\Illuminate\\Pipeline\\Pipeline.php(180): Illuminate\\Cookie\\Middleware\\AddQueuedCookiesToResponse->handle(Object(Illuminate\\Http\\Request), Object(Closure))
#40 D:\\PROYECTOS\\IMPORTACIONES RAMIREZ\\ERP-RAMIREZ\\vendor\\laravel\\framework\\src\\Illuminate\\Cookie\\Middleware\\EncryptCookies.php(67): Illuminate\\Pipeline\\Pipeline->Illuminate\\Pipeline\\{closure}(Object(Illuminate\\Http\\Request))
#41 D:\\PROYECTOS\\IMPORTACIONES RAMIREZ\\ERP-RAMIREZ\\vendor\\laravel\\framework\\src\\Illuminate\\Pipeline\\Pipeline.php(180): Illuminate\\Cookie\\Middleware\\EncryptCookies->handle(Object(Illuminate\\Http\\Request), Object(Closure))
#42 D:\\PROYECTOS\\IMPORTACIONES RAMIREZ\\ERP-RAMIREZ\\vendor\\laravel\\framework\\src\\Illuminate\\Pipeline\\Pipeline.php(116): Illuminate\\Pipeline\\Pipeline->Illuminate\\Pipeline\\{closure}(Object(Illuminate\\Http\\Request))
#43 D:\\PROYECTOS\\IMPORTACIONES RAMIREZ\\ERP-RAMIREZ\\vendor\\laravel\\framework\\src\\Illuminate\\Routing\\Router.php(797): Illuminate\\Pipeline\\Pipeline->then(Object(Closure))
#44 D:\\PROYECTOS\\IMPORTACIONES RAMIREZ\\ERP-RAMIREZ\\vendor\\laravel\\framework\\src\\Illuminate\\Routing\\Router.php(776): Illuminate\\Routing\\Router->runRouteWithinStack(Object(Illuminate\\Routing\\Route), Object(Illuminate\\Http\\Request))
#45 D:\\PROYECTOS\\IMPORTACIONES RAMIREZ\\ERP-RAMIREZ\\vendor\\laravel\\framework\\src\\Illuminate\\Routing\\Router.php(740): Illuminate\\Routing\\Router->runRoute(Object(Illuminate\\Http\\Request), Object(Illuminate\\Routing\\Route))
#46 D:\\PROYECTOS\\IMPORTACIONES RAMIREZ\\ERP-RAMIREZ\\vendor\\laravel\\framework\\src\\Illuminate\\Routing\\Router.php(729): Illuminate\\Routing\\Router->dispatchToRoute(Object(Illuminate\\Http\\Request))
#47 D:\\PROYECTOS\\IMPORTACIONES RAMIREZ\\ERP-RAMIREZ\\vendor\\laravel\\framework\\src\\Illuminate\\Foundation\\Http\\Kernel.php(190): Illuminate\\Routing\\Router->dispatch(Object(Illuminate\\Http\\Request))
#48 D:\\PROYECTOS\\IMPORTACIONES RAMIREZ\\ERP-RAMIREZ\\vendor\\laravel\\framework\\src\\Illuminate\\Pipeline\\Pipeline.php(141): Illuminate\\Foundation\\Http\\Kernel->Illuminate\\Foundation\\Http\\{closure}(Object(Illuminate\\Http\\Request))
#49 D:\\PROYECTOS\\IMPORTACIONES RAMIREZ\\ERP-RAMIREZ\\vendor\\barryvdh\\laravel-debugbar\\src\\Middleware\\InjectDebugbar.php(59): Illuminate\\Pipeline\\Pipeline->Illuminate\\Pipeline\\{closure}(Object(Illuminate\\Http\\Request))
#50 D:\\PROYECTOS\\IMPORTACIONES RAMIREZ\\ERP-RAMIREZ\\vendor\\laravel\\framework\\src\\Illuminate\\Pipeline\\Pipeline.php(180): Barryvdh\\Debugbar\\Middleware\\InjectDebugbar->handle(Object(Illuminate\\Http\\Request), Object(Closure))
#51 D:\\PROYECTOS\\IMPORTACIONES RAMIREZ\\ERP-RAMIREZ\\vendor\\laravel\\framework\\src\\Illuminate\\Foundation\\Http\\Middleware\\TransformsRequest.php(21): Illuminate\\Pipeline\\Pipeline->Illuminate\\Pipeline\\{closure}(Object(Illuminate\\Http\\Request))
#52 D:\\PROYECTOS\\IMPORTACIONES RAMIREZ\\ERP-RAMIREZ\\vendor\\laravel\\framework\\src\\Illuminate\\Foundation\\Http\\Middleware\\ConvertEmptyStringsToNull.php(31): Illuminate\\Foundation\\Http\\Middleware\\TransformsRequest->handle(Object(Illuminate\\Http\\Request), Object(Closure))
#53 D:\\PROYECTOS\\IMPORTACIONES RAMIREZ\\ERP-RAMIREZ\\vendor\\laravel\\framework\\src\\Illuminate\\Pipeline\\Pipeline.php(180): Illuminate\\Foundation\\Http\\Middleware\\ConvertEmptyStringsToNull->handle(Object(Illuminate\\Http\\Request), Object(Closure))
#54 D:\\PROYECTOS\\IMPORTACIONES RAMIREZ\\ERP-RAMIREZ\\vendor\\laravel\\framework\\src\\Illuminate\\Foundation\\Http\\Middleware\\TransformsRequest.php(21): Illuminate\\Pipeline\\Pipeline->Illuminate\\Pipeline\\{closure}(Object(Illuminate\\Http\\Request))
#55 D:\\PROYECTOS\\IMPORTACIONES RAMIREZ\\ERP-RAMIREZ\\vendor\\laravel\\framework\\src\\Illuminate\\Foundation\\Http\\Middleware\\TrimStrings.php(40): Illuminate\\Foundation\\Http\\Middleware\\TransformsRequest->handle(Object(Illuminate\\Http\\Request), Object(Closure))
#56 D:\\PROYECTOS\\IMPORTACIONES RAMIREZ\\ERP-RAMIREZ\\vendor\\laravel\\framework\\src\\Illuminate\\Pipeline\\Pipeline.php(180): Illuminate\\Foundation\\Http\\Middleware\\TrimStrings->handle(Object(Illuminate\\Http\\Request), Object(Closure))
#57 D:\\PROYECTOS\\IMPORTACIONES RAMIREZ\\ERP-RAMIREZ\\vendor\\laravel\\framework\\src\\Illuminate\\Foundation\\Http\\Middleware\\ValidatePostSize.php(27): Illuminate\\Pipeline\\Pipeline->Illuminate\\Pipeline\\{closure}(Object(Illuminate\\Http\\Request))
#58 D:\\PROYECTOS\\IMPORTACIONES RAMIREZ\\ERP-RAMIREZ\\vendor\\laravel\\framework\\src\\Illuminate\\Pipeline\\Pipeline.php(180): Illuminate\\Foundation\\Http\\Middleware\\ValidatePostSize->handle(Object(Illuminate\\Http\\Request), Object(Closure))
#59 D:\\PROYECTOS\\IMPORTACIONES RAMIREZ\\ERP-RAMIREZ\\vendor\\laravel\\framework\\src\\Illuminate\\Foundation\\Http\\Middleware\\PreventRequestsDuringMaintenance.php(86): Illuminate\\Pipeline\\Pipeline->Illuminate\\Pipeline\\{closure}(Object(Illuminate\\Http\\Request))
#60 D:\\PROYECTOS\\IMPORTACIONES RAMIREZ\\ERP-RAMIREZ\\vendor\\laravel\\framework\\src\\Illuminate\\Pipeline\\Pipeline.php(180): Illuminate\\Foundation\\Http\\Middleware\\PreventRequestsDuringMaintenance->handle(Object(Illuminate\\Http\\Request), Object(Closure))
#61 D:\\PROYECTOS\\IMPORTACIONES RAMIREZ\\ERP-RAMIREZ\\vendor\\laravel\\framework\\src\\Illuminate\\Http\\Middleware\\HandleCors.php(49): Illuminate\\Pipeline\\Pipeline->Illuminate\\Pipeline\\{closure}(Object(Illuminate\\Http\\Request))
#62 D:\\PROYECTOS\\IMPORTACIONES RAMIREZ\\ERP-RAMIREZ\\vendor\\laravel\\framework\\src\\Illuminate\\Pipeline\\Pipeline.php(180): Illuminate\\Http\\Middleware\\HandleCors->handle(Object(Illuminate\\Http\\Request), Object(Closure))
#63 D:\\PROYECTOS\\IMPORTACIONES RAMIREZ\\ERP-RAMIREZ\\vendor\\laravel\\framework\\src\\Illuminate\\Http\\Middleware\\TrustProxies.php(39): Illuminate\\Pipeline\\Pipeline->Illuminate\\Pipeline\\{closure}(Object(Illuminate\\Http\\Request))
#64 D:\\PROYECTOS\\IMPORTACIONES RAMIREZ\\ERP-RAMIREZ\\vendor\\laravel\\framework\\src\\Illuminate\\Pipeline\\Pipeline.php(180): Illuminate\\Http\\Middleware\\TrustProxies->handle(Object(Illuminate\\Http\\Request), Object(Closure))
#65 D:\\PROYECTOS\\IMPORTACIONES RAMIREZ\\ERP-RAMIREZ\\vendor\\laravel\\framework\\src\\Illuminate\\Pipeline\\Pipeline.php(116): Illuminate\\Pipeline\\Pipeline->Illuminate\\Pipeline\\{closure}(Object(Illuminate\\Http\\Request))
#66 D:\\PROYECTOS\\IMPORTACIONES RAMIREZ\\ERP-RAMIREZ\\vendor\\laravel\\framework\\src\\Illuminate\\Foundation\\Http\\Kernel.php(165): Illuminate\\Pipeline\\Pipeline->then(Object(Closure))
#67 D:\\PROYECTOS\\IMPORTACIONES RAMIREZ\\ERP-RAMIREZ\\vendor\\laravel\\framework\\src\\Illuminate\\Foundation\\Http\\Kernel.php(134): Illuminate\\Foundation\\Http\\Kernel->sendRequestThroughRouter(Object(Illuminate\\Http\\Request))
#68 D:\\PROYECTOS\\IMPORTACIONES RAMIREZ\\ERP-RAMIREZ\\public\\index.php(51): Illuminate\\Foundation\\Http\\Kernel->handle(Object(Illuminate\\Http\\Request))
#69 D:\\PROYECTOS\\IMPORTACIONES RAMIREZ\\ERP-RAMIREZ\\vendor\\laravel\\framework\\src\\Illuminate\\Foundation\\resources\\server.php(16): require_once('D:\\\\PROYECTOS\\\\IM...')
#70 {main}

[previous exception] [object] (ErrorException(code: 0): Undefined variable $desde at D:\\PROYECTOS\\IMPORTACIONES RAMIREZ\\ERP-RAMIREZ\\storage\\framework\\views\\dc6f0818c41a1e845a314568edf6dc99a1727aa6.php:24)
[stacktrace]
#0 D:\\PROYECTOS\\IMPORTACIONES RAMIREZ\\ERP-RAMIREZ\\vendor\\laravel\\framework\\src\\Illuminate\\Foundation\\Bootstrap\\HandleExceptions.php(266): Illuminate\\Foundation\\Bootstrap\\HandleExceptions->handleError(2, 'Undefined varia...', 'D:\\\\PROYECTOS\\\\IM...', 24)
#1 D:\\PROYECTOS\\IMPORTACIONES RAMIREZ\\ERP-RAMIREZ\\storage\\framework\\views\\dc6f0818c41a1e845a314568edf6dc99a1727aa6.php(24): Illuminate\\Foundation\\Bootstrap\\HandleExceptions->Illuminate\\Foundation\\Bootstrap\\{closure}(2, 'Undefined varia...', 'D:\\\\PROYECTOS\\\\IM...', 24)
#2 D:\\PROYECTOS\\IMPORTACIONES RAMIREZ\\ERP-RAMIREZ\\vendor\\laravel\\framework\\src\\Illuminate\\Filesystem\\Filesystem.php(109): require('D:\\\\PROYECTOS\\\\IM...')
#3 D:\\PROYECTOS\\IMPORTACIONES RAMIREZ\\ERP-RAMIREZ\\vendor\\laravel\\framework\\src\\Illuminate\\Filesystem\\Filesystem.php(110): Illuminate\\Filesystem\\Filesystem::Illuminate\\Filesystem\\{closure}()
#4 D:\\PROYECTOS\\IMPORTACIONES RAMIREZ\\ERP-RAMIREZ\\vendor\\laravel\\framework\\src\\Illuminate\\View\\Engines\\PhpEngine.php(58): Illuminate\\Filesystem\\Filesystem->getRequire('D:\\\\PROYECTOS\\\\IM...', Array)
#5 D:\\PROYECTOS\\IMPORTACIONES RAMIREZ\\ERP-RAMIREZ\\vendor\\laravel\\framework\\src\\Illuminate\\View\\Engines\\CompilerEngine.php(70): Illuminate\\View\\Engines\\PhpEngine->evaluatePath('D:\\\\PROYECTOS\\\\IM...', Array)
#6 D:\\PROYECTOS\\IMPORTACIONES RAMIREZ\\ERP-RAMIREZ\\vendor\\laravel\\framework\\src\\Illuminate\\View\\View.php(195): Illuminate\\View\\Engines\\CompilerEngine->get('D:\\\\PROYECTOS\\\\IM...', Array)
#7 D:\\PROYECTOS\\IMPORTACIONES RAMIREZ\\ERP-RAMIREZ\\vendor\\laravel\\framework\\src\\Illuminate\\View\\View.php(178): Illuminate\\View\\View->getContents()
#8 D:\\PROYECTOS\\IMPORTACIONES RAMIREZ\\ERP-RAMIREZ\\vendor\\laravel\\framework\\src\\Illuminate\\View\\View.php(147): Illuminate\\View\\View->renderContents()
#9 D:\\PROYECTOS\\IMPORTACIONES RAMIREZ\\ERP-RAMIREZ\\vendor\\laravel\\framework\\src\\Illuminate\\Http\\Response.php(69): Illuminate\\View\\View->render()
#10 D:\\PROYECTOS\\IMPORTACIONES RAMIREZ\\ERP-RAMIREZ\\vendor\\laravel\\framework\\src\\Illuminate\\Http\\Response.php(35): Illuminate\\Http\\Response->setContent(Object(Illuminate\\View\\View))
#11 D:\\PROYECTOS\\IMPORTACIONES RAMIREZ\\ERP-RAMIREZ\\vendor\\laravel\\framework\\src\\Illuminate\\Routing\\Router.php(906): Illuminate\\Http\\Response->__construct(Object(Illuminate\\View\\View), 200, Array)
#12 D:\\PROYECTOS\\IMPORTACIONES RAMIREZ\\ERP-RAMIREZ\\vendor\\laravel\\framework\\src\\Illuminate\\Routing\\Router.php(875): Illuminate\\Routing\\Router::toResponse(Object(Illuminate\\Http\\Request), Object(Illuminate\\View\\View))
#13 D:\\PROYECTOS\\IMPORTACIONES RAMIREZ\\ERP-RAMIREZ\\vendor\\laravel\\framework\\src\\Illuminate\\Routing\\Router.php(797): Illuminate\\Routing\\Router->prepareResponse(Object(Illuminate\\Http\\Request), Object(Illuminate\\View\\View))
#14 D:\\PROYECTOS\\IMPORTACIONES RAMIREZ\\ERP-RAMIREZ\\vendor\\laravel\\framework\\src\\Illuminate\\Pipeline\\Pipeline.php(141): Illuminate\\Routing\\Router->Illuminate\\Routing\\{closure}(Object(Illuminate\\Http\\Request))
#15 D:\\PROYECTOS\\IMPORTACIONES RAMIREZ\\ERP-RAMIREZ\\app\\Http\\Middleware\\CheckUserLogin.php(22): Illuminate\\Pipeline\\Pipeline->Illuminate\\Pipeline\\{closure}(Object(Illuminate\\Http\\Request))
#16 D:\\PROYECTOS\\IMPORTACIONES RAMIREZ\\ERP-RAMIREZ\\vendor\\laravel\\framework\\src\\Illuminate\\Pipeline\\Pipeline.php(180): App\\Http\\Middleware\\CheckUserLogin->handle(Object(Illuminate\\Http\\Request), Object(Closure))
#17 D:\\PROYECTOS\\IMPORTACIONES RAMIREZ\\ERP-RAMIREZ\\app\\Http\\Middleware\\AdminSidebarMenu.php(906): Illuminate\\Pipeline\\Pipeline->Illuminate\\Pipeline\\{closure}(Object(Illuminate\\Http\\Request))
#18 D:\\PROYECTOS\\IMPORTACIONES RAMIREZ\\ERP-RAMIREZ\\vendor\\laravel\\framework\\src\\Illuminate\\Pipeline\\Pipeline.php(180): App\\Http\\Middleware\\AdminSidebarMenu->handle(Object(Illuminate\\Http\\Request), Object(Closure))
#19 D:\\PROYECTOS\\IMPORTACIONES RAMIREZ\\ERP-RAMIREZ\\app\\Http\\Middleware\\Timezone.php(30): Illuminate\\Pipeline\\Pipeline->Illuminate\\Pipeline\\{closure}(Object(Illuminate\\Http\\Request))
#20 D:\\PROYECTOS\\IMPORTACIONES RAMIREZ\\ERP-RAMIREZ\\vendor\\laravel\\framework\\src\\Illuminate\\Pipeline\\Pipeline.php(180): App\\Http\\Middleware\\Timezone->handle(Object(Illuminate\\Http\\Request), Object(Closure))
#21 D:\\PROYECTOS\\IMPORTACIONES RAMIREZ\\ERP-RAMIREZ\\app\\Http\\Middleware\\Language.php(25): Illuminate\\Pipeline\\Pipeline->Illuminate\\Pipeline\\{closure}(Object(Illuminate\\Http\\Request))
#22 D:\\PROYECTOS\\IMPORTACIONES RAMIREZ\\ERP-RAMIREZ\\vendor\\laravel\\framework\\src\\Illuminate\\Pipeline\\Pipeline.php(180): App\\Http\\Middleware\\Language->handle(Object(Illuminate\\Http\\Request), Object(Closure))
#23 D:\\PROYECTOS\\IMPORTACIONES RAMIREZ\\ERP-RAMIREZ\\app\\Http\\Middleware\\SetSessionData.php(52): Illuminate\\Pipeline\\Pipeline->Illuminate\\Pipeline\\{closure}(Object(Illuminate\\Http\\Request))
#24 D:\\PROYECTOS\\IMPORTACIONES RAMIREZ\\ERP-RAMIREZ\\vendor\\laravel\\framework\\src\\Illuminate\\Pipeline\\Pipeline.php(180): App\\Http\\Middleware\\SetSessionData->handle(Object(Illuminate\\Http\\Request), Object(Closure))
#25 D:\\PROYECTOS\\IMPORTACIONES RAMIREZ\\ERP-RAMIREZ\\app\\Http\\Middleware\\IsInstalled.php(50): Illuminate\\Pipeline\\Pipeline->Illuminate\\Pipeline\\{closure}(Object(Illuminate\\Http\\Request))
#26 D:\\PROYECTOS\\IMPORTACIONES RAMIREZ\\ERP-RAMIREZ\\vendor\\laravel\\framework\\src\\Illuminate\\Pipeline\\Pipeline.php(180): App\\Http\\Middleware\\IsInstalled->handle(Object(Illuminate\\Http\\Request), Object(Closure))
#27 D:\\PROYECTOS\\IMPORTACIONES RAMIREZ\\ERP-RAMIREZ\\vendor\\laravel\\framework\\src\\Illuminate\\Routing\\Middleware\\SubstituteBindings.php(50): Illuminate\\Pipeline\\Pipeline->Illuminate\\Pipeline\\{closure}(Object(Illuminate\\Http\\Request))
#28 D:\\PROYECTOS\\IMPORTACIONES RAMIREZ\\ERP-RAMIREZ\\vendor\\laravel\\framework\\src\\Illuminate\\Pipeline\\Pipeline.php(180): Illuminate\\Routing\\Middleware\\SubstituteBindings->handle(Object(Illuminate\\Http\\Request), Object(Closure))
#29 D:\\PROYECTOS\\IMPORTACIONES RAMIREZ\\ERP-RAMIREZ\\vendor\\laravel\\framework\\src\\Illuminate\\Auth\\Middleware\\Authenticate.php(44): Illuminate\\Pipeline\\Pipeline->Illuminate\\Pipeline\\{closure}(Object(Illuminate\\Http\\Request))
#30 D:\\PROYECTOS\\IMPORTACIONES RAMIREZ\\ERP-RAMIREZ\\vendor\\laravel\\framework\\src\\Illuminate\\Pipeline\\Pipeline.php(180): Illuminate\\Auth\\Middleware\\Authenticate->handle(Object(Illuminate\\Http\\Request), Object(Closure))
#31 D:\\PROYECTOS\\IMPORTACIONES RAMIREZ\\ERP-RAMIREZ\\vendor\\laravel\\framework\\src\\Illuminate\\Foundation\\Http\\Middleware\\VerifyCsrfToken.php(78): Illuminate\\Pipeline\\Pipeline->Illuminate\\Pipeline\\{closure}(Object(Illuminate\\Http\\Request))
#32 D:\\PROYECTOS\\IMPORTACIONES RAMIREZ\\ERP-RAMIREZ\\vendor\\laravel\\framework\\src\\Illuminate\\Pipeline\\Pipeline.php(180): Illuminate\\Foundation\\Http\\Middleware\\VerifyCsrfToken->handle(Object(Illuminate\\Http\\Request), Object(Closure))
#33 D:\\PROYECTOS\\IMPORTACIONES RAMIREZ\\ERP-RAMIREZ\\vendor\\laravel\\framework\\src\\Illuminate\\View\\Middleware\\ShareErrorsFromSession.php(49): Illuminate\\Pipeline\\Pipeline->Illuminate\\Pipeline\\{closure}(Object(Illuminate\\Http\\Request))
#34 D:\\PROYECTOS\\IMPORTACIONES RAMIREZ\\ERP-RAMIREZ\\vendor\\laravel\\framework\\src\\Illuminate\\Pipeline\\Pipeline.php(180): Illuminate\\View\\Middleware\\ShareErrorsFromSession->handle(Object(Illuminate\\Http\\Request), Object(Closure))
#35 D:\\PROYECTOS\\IMPORTACIONES RAMIREZ\\ERP-RAMIREZ\\vendor\\laravel\\framework\\src\\Illuminate\\Session\\Middleware\\StartSession.php(121): Illuminate\\Pipeline\\Pipeline->Illuminate\\Pipeline\\{closure}(Object(Illuminate\\Http\\Request))
#36 D:\\PROYECTOS\\IMPORTACIONES RAMIREZ\\ERP-RAMIREZ\\vendor\\laravel\\framework\\src\\Illuminate\\Session\\Middleware\\StartSession.php(64): Illuminate\\Session\\Middleware\\StartSession->handleStatefulRequest(Object(Illuminate\\Http\\Request), Object(Illuminate\\Session\\Store), Object(Closure))
#37 D:\\PROYECTOS\\IMPORTACIONES RAMIREZ\\ERP-RAMIREZ\\vendor\\laravel\\framework\\src\\Illuminate\\Pipeline\\Pipeline.php(180): Illuminate\\Session\\Middleware\\StartSession->handle(Object(Illuminate\\Http\\Request), Object(Closure))
#38 D:\\PROYECTOS\\IMPORTACIONES RAMIREZ\\ERP-RAMIREZ\\vendor\\laravel\\framework\\src\\Illuminate\\Cookie\\Middleware\\AddQueuedCookiesToResponse.php(37): Illuminate\\Pipeline\\Pipeline->Illuminate\\Pipeline\\{closure}(Object(Illuminate\\Http\\Request))
#39 D:\\PROYECTOS\\IMPORTACIONES RAMIREZ\\ERP-RAMIREZ\\vendor\\laravel\\framework\\src\\Illuminate\\Pipeline\\Pipeline.php(180): Illuminate\\Cookie\\Middleware\\AddQueuedCookiesToResponse->handle(Object(Illuminate\\Http\\Request), Object(Closure))
#40 D:\\PROYECTOS\\IMPORTACIONES RAMIREZ\\ERP-RAMIREZ\\vendor\\laravel\\framework\\src\\Illuminate\\Cookie\\Middleware\\EncryptCookies.php(67): Illuminate\\Pipeline\\Pipeline->Illuminate\\Pipeline\\{closure}(Object(Illuminate\\Http\\Request))
#41 D:\\PROYECTOS\\IMPORTACIONES RAMIREZ\\ERP-RAMIREZ\\vendor\\laravel\\framework\\src\\Illuminate\\Pipeline\\Pipeline.php(180): Illuminate\\Cookie\\Middleware\\EncryptCookies->handle(Object(Illuminate\\Http\\Request), Object(Closure))
#42 D:\\PROYECTOS\\IMPORTACIONES RAMIREZ\\ERP-RAMIREZ\\vendor\\laravel\\framework\\src\\Illuminate\\Pipeline\\Pipeline.php(116): Illuminate\\Pipeline\\Pipeline->Illuminate\\Pipeline\\{closure}(Object(Illuminate\\Http\\Request))
#43 D:\\PROYECTOS\\IMPORTACIONES RAMIREZ\\ERP-RAMIREZ\\vendor\\laravel\\framework\\src\\Illuminate\\Routing\\Router.php(797): Illuminate\\Pipeline\\Pipeline->then(Object(Closure))
#44 D:\\PROYECTOS\\IMPORTACIONES RAMIREZ\\ERP-RAMIREZ\\vendor\\laravel\\framework\\src\\Illuminate\\Routing\\Router.php(776): Illuminate\\Routing\\Router->runRouteWithinStack(Object(Illuminate\\Routing\\Route), Object(Illuminate\\Http\\Request))
#45 D:\\PROYECTOS\\IMPORTACIONES RAMIREZ\\ERP-RAMIREZ\\vendor\\laravel\\framework\\src\\Illuminate\\Routing\\Router.php(740): Illuminate\\Routing\\Router->runRoute(Object(Illuminate\\Http\\Request), Object(Illuminate\\Routing\\Route))
#46 D:\\PROYECTOS\\IMPORTACIONES RAMIREZ\\ERP-RAMIREZ\\vendor\\laravel\\framework\\src\\Illuminate\\Routing\\Router.php(729): Illuminate\\Routing\\Router->dispatchToRoute(Object(Illuminate\\Http\\Request))
#47 D:\\PROYECTOS\\IMPORTACIONES RAMIREZ\\ERP-RAMIREZ\\vendor\\laravel\\framework\\src\\Illuminate\\Foundation\\Http\\Kernel.php(190): Illuminate\\Routing\\Router->dispatch(Object(Illuminate\\Http\\Request))
#48 D:\\PROYECTOS\\IMPORTACIONES RAMIREZ\\ERP-RAMIREZ\\vendor\\laravel\\framework\\src\\Illuminate\\Pipeline\\Pipeline.php(141): Illuminate\\Foundation\\Http\\Kernel->Illuminate\\Foundation\\Http\\{closure}(Object(Illuminate\\Http\\Request))
#49 D:\\PROYECTOS\\IMPORTACIONES RAMIREZ\\ERP-RAMIREZ\\vendor\\barryvdh\\laravel-debugbar\\src\\Middleware\\InjectDebugbar.php(59): Illuminate\\Pipeline\\Pipeline->Illuminate\\Pipeline\\{closure}(Object(Illuminate\\Http\\Request))
#50 D:\\PROYECTOS\\IMPORTACIONES RAMIREZ\\ERP-RAMIREZ\\vendor\\laravel\\framework\\src\\Illuminate\\Pipeline\\Pipeline.php(180): Barryvdh\\Debugbar\\Middleware\\InjectDebugbar->handle(Object(Illuminate\\Http\\Request), Object(Closure))
#51 D:\\PROYECTOS\\IMPORTACIONES RAMIREZ\\ERP-RAMIREZ\\vendor\\laravel\\framework\\src\\Illuminate\\Foundation\\Http\\Middleware\\TransformsRequest.php(21): Illuminate\\Pipeline\\Pipeline->Illuminate\\Pipeline\\{closure}(Object(Illuminate\\Http\\Request))
#52 D:\\PROYECTOS\\IMPORTACIONES RAMIREZ\\ERP-RAMIREZ\\vendor\\laravel\\framework\\src\\Illuminate\\Foundation\\Http\\Middleware\\ConvertEmptyStringsToNull.php(31): Illuminate\\Foundation\\Http\\Middleware\\TransformsRequest->handle(Object(Illuminate\\Http\\Request), Object(Closure))
#53 D:\\PROYECTOS\\IMPORTACIONES RAMIREZ\\ERP-RAMIREZ\\vendor\\laravel\\framework\\src\\Illuminate\\Pipeline\\Pipeline.php(180): Illuminate\\Foundation\\Http\\Middleware\\ConvertEmptyStringsToNull->handle(Object(Illuminate\\Http\\Request), Object(Closure))
#54 D:\\PROYECTOS\\IMPORTACIONES RAMIREZ\\ERP-RAMIREZ\\vendor\\laravel\\framework\\src\\Illuminate\\Foundation\\Http\\Middleware\\TransformsRequest.php(21): Illuminate\\Pipeline\\Pipeline->Illuminate\\Pipeline\\{closure}(Object(Illuminate\\Http\\Request))
#55 D:\\PROYECTOS\\IMPORTACIONES RAMIREZ\\ERP-RAMIREZ\\vendor\\laravel\\framework\\src\\Illuminate\\Foundation\\Http\\Middleware\\TrimStrings.php(40): Illuminate\\Foundation\\Http\\Middleware\\TransformsRequest->handle(Object(Illuminate\\Http\\Request), Object(Closure))
#56 D:\\PROYECTOS\\IMPORTACIONES RAMIREZ\\ERP-RAMIREZ\\vendor\\laravel\\framework\\src\\Illuminate\\Pipeline\\Pipeline.php(180): Illuminate\\Foundation\\Http\\Middleware\\TrimStrings->handle(Object(Illuminate\\Http\\Request), Object(Closure))
#57 D:\\PROYECTOS\\IMPORTACIONES RAMIREZ\\ERP-RAMIREZ\\vendor\\laravel\\framework\\src\\Illuminate\\Foundation\\Http\\Middleware\\ValidatePostSize.php(27): Illuminate\\Pipeline\\Pipeline->Illuminate\\Pipeline\\{closure}(Object(Illuminate\\Http\\Request))
#58 D:\\PROYECTOS\\IMPORTACIONES RAMIREZ\\ERP-RAMIREZ\\vendor\\laravel\\framework\\src\\Illuminate\\Pipeline\\Pipeline.php(180): Illuminate\\Foundation\\Http\\Middleware\\ValidatePostSize->handle(Object(Illuminate\\Http\\Request), Object(Closure))
#59 D:\\PROYECTOS\\IMPORTACIONES RAMIREZ\\ERP-RAMIREZ\\vendor\\laravel\\framework\\src\\Illuminate\\Foundation\\Http\\Middleware\\PreventRequestsDuringMaintenance.php(86): Illuminate\\Pipeline\\Pipeline->Illuminate\\Pipeline\\{closure}(Object(Illuminate\\Http\\Request))
#60 D:\\PROYECTOS\\IMPORTACIONES RAMIREZ\\ERP-RAMIREZ\\vendor\\laravel\\framework\\src\\Illuminate\\Pipeline\\Pipeline.php(180): Illuminate\\Foundation\\Http\\Middleware\\PreventRequestsDuringMaintenance->handle(Object(Illuminate\\Http\\Request), Object(Closure))
#61 D:\\PROYECTOS\\IMPORTACIONES RAMIREZ\\ERP-RAMIREZ\\vendor\\laravel\\framework\\src\\Illuminate\\Http\\Middleware\\HandleCors.php(49): Illuminate\\Pipeline\\Pipeline->Illuminate\\Pipeline\\{closure}(Object(Illuminate\\Http\\Request))
#62 D:\\PROYECTOS\\IMPORTACIONES RAMIREZ\\ERP-RAMIREZ\\vendor\\laravel\\framework\\src\\Illuminate\\Pipeline\\Pipeline.php(180): Illuminate\\Http\\Middleware\\HandleCors->handle(Object(Illuminate\\Http\\Request), Object(Closure))
#63 D:\\PROYECTOS\\IMPORTACIONES RAMIREZ\\ERP-RAMIREZ\\vendor\\laravel\\framework\\src\\Illuminate\\Http\\Middleware\\TrustProxies.php(39): Illuminate\\Pipeline\\Pipeline->Illuminate\\Pipeline\\{closure}(Object(Illuminate\\Http\\Request))
#64 D:\\PROYECTOS\\IMPORTACIONES RAMIREZ\\ERP-RAMIREZ\\vendor\\laravel\\framework\\src\\Illuminate\\Pipeline\\Pipeline.php(180): Illuminate\\Http\\Middleware\\TrustProxies->handle(Object(Illuminate\\Http\\Request), Object(Closure))
#65 D:\\PROYECTOS\\IMPORTACIONES RAMIREZ\\ERP-RAMIREZ\\vendor\\laravel\\framework\\src\\Illuminate\\Pipeline\\Pipeline.php(116): Illuminate\\Pipeline\\Pipeline->Illuminate\\Pipeline\\{closure}(Object(Illuminate\\Http\\Request))
#66 D:\\PROYECTOS\\IMPORTACIONES RAMIREZ\\ERP-RAMIREZ\\vendor\\laravel\\framework\\src\\Illuminate\\Foundation\\Http\\Kernel.php(165): Illuminate\\Pipeline\\Pipeline->then(Object(Closure))
#67 D:\\PROYECTOS\\IMPORTACIONES RAMIREZ\\ERP-RAMIREZ\\vendor\\laravel\\framework\\src\\Illuminate\\Foundation\\Http\\Kernel.php(134): Illuminate\\Foundation\\Http\\Kernel->sendRequestThroughRouter(Object(Illuminate\\Http\\Request))
#68 D:\\PROYECTOS\\IMPORTACIONES RAMIREZ\\ERP-RAMIREZ\\public\\index.php(51): Illuminate\\Foundation\\Http\\Kernel->handle(Object(Illuminate\\Http\\Request))
#69 D:\\PROYECTOS\\IMPORTACIONES RAMIREZ\\ERP-RAMIREZ\\vendor\\laravel\\framework\\src\\Illuminate\\Foundation\\resources\\server.php(16): require_once('D:\\\\PROYECTOS\\\\IM...')
#70 {main}
"} 
[2026-07-03 22:56:29] local.ERROR: Undefined variable $transacciones {"view":{"view":"D:\\PROYECTOS\\IMPORTACIONES RAMIREZ\\ERP-RAMIREZ\\resources\\views\\purchase\\importaciones\\index.blade.php","data":{"asset_v":"<pre class=sf-dump id=sf-dump-779342550 data-indent-pad=\"  \"><span class=sf-dump-num>511</span>
</pre><script>Sfdump(\"sf-dump-779342550\", {\"maxDepth\":3,\"maxStringLength\":160})</script>
","errors":"<pre class=sf-dump id=sf-dump-580158047 data-indent-pad=\"  \"><span class=sf-dump-note>Illuminate\\Support\\ViewErrorBag</span> {<a class=sf-dump-ref>#3313</a><samp data-depth=1 class=sf-dump-expanded>
  #<span class=sf-dump-protected title=\"Protected property\">bags</span>: []
</samp>}
</pre><script>Sfdump(\"sf-dump-580158047\", {\"maxDepth\":3,\"maxStringLength\":160})</script>
","registros":"<pre class=sf-dump id=sf-dump-1491911929 data-indent-pad=\"  \"><span class=sf-dump-note>Illuminate\\Support\\Collection</span> {<a class=sf-dump-ref>#3946</a><samp data-depth=1 class=sf-dump-expanded>
  #<span class=sf-dump-protected title=\"Protected property\">items</span>: <span class=sf-dump-note>array:2</span> [<samp data-depth=2 class=sf-dump-compact>
    <span class=sf-dump-key>61</span> => <span class=sf-dump-note title=\"Illuminate\\Support\\Collection
\"><span class=\"sf-dump-ellipsis sf-dump-ellipsis-note\">Illuminate\\Support</span><span class=\"sf-dump-ellipsis sf-dump-ellipsis-note\">\\</span>Collection</span> {<a class=sf-dump-ref>#3843</a><samp data-depth=3 class=sf-dump-compact>
      #<span class=sf-dump-protected title=\"Protected property\">items</span>: <span class=sf-dump-note>array:5</span> [ &#8230;5]
      #<span class=sf-dump-protected title=\"Protected property\">escapeWhenCastingToString</span>: <span class=sf-dump-const>false</span>
    </samp>}
    <span class=sf-dump-key>6</span> => <span class=sf-dump-note title=\"Illuminate\\Support\\Collection
\"><span class=\"sf-dump-ellipsis sf-dump-ellipsis-note\">Illuminate\\Support</span><span class=\"sf-dump-ellipsis sf-dump-ellipsis-note\">\\</span>Collection</span> {<a class=sf-dump-ref>#3944</a><samp data-depth=3 class=sf-dump-compact>
      #<span class=sf-dump-protected title=\"Protected property\">items</span>: <span class=sf-dump-note>array:3</span> [ &#8230;3]
      #<span class=sf-dump-protected title=\"Protected property\">escapeWhenCastingToString</span>: <span class=sf-dump-const>false</span>
    </samp>}
  </samp>]
  #<span class=sf-dump-protected title=\"Protected property\">escapeWhenCastingToString</span>: <span class=sf-dump-const>false</span>
</samp>}
</pre><script>Sfdump(\"sf-dump-1491911929\", {\"maxDepth\":3,\"maxStringLength\":160})</script>
","productos":"<pre class=sf-dump id=sf-dump-914510462 data-indent-pad=\"  \"><span class=sf-dump-note>Illuminate\\Support\\Collection</span> {<a class=sf-dump-ref>#3615</a><samp data-depth=1 class=sf-dump-expanded>
  #<span class=sf-dump-protected title=\"Protected property\">items</span>: <span class=sf-dump-note>array:7</span> [<samp data-depth=2 class=sf-dump-compact>
    <span class=sf-dump-key>4</span> => \"<span class=sf-dump-str title=\"10 characters\">Carroceria</span>\"
    <span class=sf-dump-key>7</span> => \"<span class=sf-dump-str title=\"14 characters\">ENSAMBLAJE 150</span>\"
    <span class=sf-dump-key>6</span> => \"<span class=sf-dump-str title=\"21 characters\">MATERIALES CARROCERIA</span>\"
    <span class=sf-dump-key>8</span> => \"<span class=sf-dump-str title=\"12 characters\">MOTOTAXI 150</span>\"
    <span class=sf-dump-key>2</span> => \"<span class=sf-dump-str title=\"15 characters\">RETROEXCAVADORA</span>\"
    <span class=sf-dump-key>5</span> => \"<span class=sf-dump-str title=\"9 characters\">Tapiceria</span>\"
    <span class=sf-dump-key>1</span> => \"<span class=sf-dump-str title=\"7 characters\">WX-150A</span>\"
  </samp>]
  #<span class=sf-dump-protected title=\"Protected property\">escapeWhenCastingToString</span>: <span class=sf-dump-const>false</span>
</samp>}
</pre><script>Sfdump(\"sf-dump-914510462\", {\"maxDepth\":3,\"maxStringLength\":160})</script>
","desde":"<pre class=sf-dump id=sf-dump-1621083933 data-indent-pad=\"  \"><span class=sf-dump-const>null</span>
</pre><script>Sfdump(\"sf-dump-1621083933\", {\"maxDepth\":3,\"maxStringLength\":160})</script>
","hasta":"<pre class=sf-dump id=sf-dump-1560561206 data-indent-pad=\"  \"><span class=sf-dump-const>null</span>
</pre><script>Sfdump(\"sf-dump-1560561206\", {\"maxDepth\":3,\"maxStringLength\":160})</script>
","producto":"<pre class=sf-dump id=sf-dump-2051508182 data-indent-pad=\"  \"><span class=sf-dump-const>null</span>
</pre><script>Sfdump(\"sf-dump-2051508182\", {\"maxDepth\":3,\"maxStringLength\":160})</script>
","motor":"<pre class=sf-dump id=sf-dump-528339485 data-indent-pad=\"  \"><span class=sf-dump-const>null</span>
</pre><script>Sfdump(\"sf-dump-528339485\", {\"maxDepth\":3,\"maxStringLength\":160})</script>
","guia":"<pre class=sf-dump id=sf-dump-81507200 data-indent-pad=\"  \"><span class=sf-dump-const>null</span>
</pre><script>Sfdump(\"sf-dump-81507200\", {\"maxDepth\":3,\"maxStringLength\":160})</script>
","contenedor":"<pre class=sf-dump id=sf-dump-1435502014 data-indent-pad=\"  \"><span class=sf-dump-const>null</span>
</pre><script>Sfdump(\"sf-dump-1435502014\", {\"maxDepth\":3,\"maxStringLength\":160})</script>
","enabled_modules":"<pre class=sf-dump id=sf-dump-19234347 data-indent-pad=\"  \"><span class=sf-dump-note>array:7</span> [<samp data-depth=1 class=sf-dump-expanded>
  <span class=sf-dump-index>0</span> => \"<span class=sf-dump-str title=\"9 characters\">purchases</span>\"
  <span class=sf-dump-index>1</span> => \"<span class=sf-dump-str title=\"8 characters\">add_sale</span>\"
  <span class=sf-dump-index>2</span> => \"<span class=sf-dump-str title=\"8 characters\">pos_sale</span>\"
  <span class=sf-dump-index>3</span> => \"<span class=sf-dump-str title=\"15 characters\">stock_transfers</span>\"
  <span class=sf-dump-index>4</span> => \"<span class=sf-dump-str title=\"16 characters\">stock_adjustment</span>\"
  <span class=sf-dump-index>5</span> => \"<span class=sf-dump-str title=\"8 characters\">expenses</span>\"
  <span class=sf-dump-index>6</span> => \"<span class=sf-dump-str title=\"7 characters\">account</span>\"
</samp>]
</pre><script>Sfdump(\"sf-dump-19234347\", {\"maxDepth\":3,\"maxStringLength\":160})</script>
","__is_pusher_enabled":"<pre class=sf-dump id=sf-dump-1530322929 data-indent-pad=\"  \"><span class=sf-dump-const>false</span>
</pre><script>Sfdump(\"sf-dump-1530322929\", {\"maxDepth\":3,\"maxStringLength\":160})</script>
"}},"userId":1,"exception":"[object] (Spatie\\LaravelIgnition\\Exceptions\\ViewException(code: 0): Undefined variable $transacciones at D:\\PROYECTOS\\IMPORTACIONES RAMIREZ\\ERP-RAMIREZ\\resources\\views\\purchase\\importaciones\\index.blade.php:110)
[stacktrace]
#0 D:\\PROYECTOS\\IMPORTACIONES RAMIREZ\\ERP-RAMIREZ\\vendor\\laravel\\framework\\src\\Illuminate\\Foundation\\Bootstrap\\HandleExceptions.php(266): Illuminate\\Foundation\\Bootstrap\\HandleExceptions->handleError(2, 'Undefined varia...', 'D:\\\\PROYECTOS\\\\IM...', 111)
#1 D:\\PROYECTOS\\IMPORTACIONES RAMIREZ\\ERP-RAMIREZ\\resources\\views\\purchase\\importaciones\\index.blade.php(110): Illuminate\\Foundation\\Bootstrap\\HandleExceptions->Illuminate\\Foundation\\Bootstrap\\{closure}(2, 'Undefined varia...', 'D:\\\\PROYECTOS\\\\IM...', 111)
#2 D:\\PROYECTOS\\IMPORTACIONES RAMIREZ\\ERP-RAMIREZ\\vendor\\laravel\\framework\\src\\Illuminate\\Filesystem\\Filesystem.php(109): require('D:\\\\PROYECTOS\\\\IM...')
#3 D:\\PROYECTOS\\IMPORTACIONES RAMIREZ\\ERP-RAMIREZ\\vendor\\laravel\\framework\\src\\Illuminate\\Filesystem\\Filesystem.php(110): Illuminate\\Filesystem\\Filesystem::Illuminate\\Filesystem\\{closure}()
#4 D:\\PROYECTOS\\IMPORTACIONES RAMIREZ\\ERP-RAMIREZ\\vendor\\laravel\\framework\\src\\Illuminate\\View\\Engines\\PhpEngine.php(58): Illuminate\\Filesystem\\Filesystem->getRequire('D:\\\\PROYECTOS\\\\IM...', Array)
#5 D:\\PROYECTOS\\IMPORTACIONES RAMIREZ\\ERP-RAMIREZ\\vendor\\laravel\\framework\\src\\Illuminate\\View\\Engines\\CompilerEngine.php(70): Illuminate\\View\\Engines\\PhpEngine->evaluatePath('D:\\\\PROYECTOS\\\\IM...', Array)
#6 D:\\PROYECTOS\\IMPORTACIONES RAMIREZ\\ERP-RAMIREZ\\vendor\\laravel\\framework\\src\\Illuminate\\View\\View.php(195): Illuminate\\View\\Engines\\CompilerEngine->get('D:\\\\PROYECTOS\\\\IM...', Array)
#7 D:\\PROYECTOS\\IMPORTACIONES RAMIREZ\\ERP-RAMIREZ\\vendor\\laravel\\framework\\src\\Illuminate\\View\\View.php(178): Illuminate\\View\\View->getContents()
#8 D:\\PROYECTOS\\IMPORTACIONES RAMIREZ\\ERP-RAMIREZ\\vendor\\laravel\\framework\\src\\Illuminate\\View\\View.php(147): Illuminate\\View\\View->renderContents()
#9 D:\\PROYECTOS\\IMPORTACIONES RAMIREZ\\ERP-RAMIREZ\\vendor\\laravel\\framework\\src\\Illuminate\\Http\\Response.php(69): Illuminate\\View\\View->render()
#10 D:\\PROYECTOS\\IMPORTACIONES RAMIREZ\\ERP-RAMIREZ\\vendor\\laravel\\framework\\src\\Illuminate\\Http\\Response.php(35): Illuminate\\Http\\Response->setContent(Object(Illuminate\\View\\View))
#11 D:\\PROYECTOS\\IMPORTACIONES RAMIREZ\\ERP-RAMIREZ\\vendor\\laravel\\framework\\src\\Illuminate\\Routing\\Router.php(906): Illuminate\\Http\\Response->__construct(Object(Illuminate\\View\\View), 200, Array)
#12 D:\\PROYECTOS\\IMPORTACIONES RAMIREZ\\ERP-RAMIREZ\\vendor\\laravel\\framework\\src\\Illuminate\\Routing\\Router.php(875): Illuminate\\Routing\\Router::toResponse(Object(Illuminate\\Http\\Request), Object(Illuminate\\View\\View))
#13 D:\\PROYECTOS\\IMPORTACIONES RAMIREZ\\ERP-RAMIREZ\\vendor\\laravel\\framework\\src\\Illuminate\\Routing\\Router.php(797): Illuminate\\Routing\\Router->prepareResponse(Object(Illuminate\\Http\\Request), Object(Illuminate\\View\\View))
#14 D:\\PROYECTOS\\IMPORTACIONES RAMIREZ\\ERP-RAMIREZ\\vendor\\laravel\\framework\\src\\Illuminate\\Pipeline\\Pipeline.php(141): Illuminate\\Routing\\Router->Illuminate\\Routing\\{closure}(Object(Illuminate\\Http\\Request))
#15 D:\\PROYECTOS\\IMPORTACIONES RAMIREZ\\ERP-RAMIREZ\\app\\Http\\Middleware\\CheckUserLogin.php(22): Illuminate\\Pipeline\\Pipeline->Illuminate\\Pipeline\\{closure}(Object(Illuminate\\Http\\Request))
#16 D:\\PROYECTOS\\IMPORTACIONES RAMIREZ\\ERP-RAMIREZ\\vendor\\laravel\\framework\\src\\Illuminate\\Pipeline\\Pipeline.php(180): App\\Http\\Middleware\\CheckUserLogin->handle(Object(Illuminate\\Http\\Request), Object(Closure))
#17 D:\\PROYECTOS\\IMPORTACIONES RAMIREZ\\ERP-RAMIREZ\\app\\Http\\Middleware\\AdminSidebarMenu.php(906): Illuminate\\Pipeline\\Pipeline->Illuminate\\Pipeline\\{closure}(Object(Illuminate\\Http\\Request))
#18 D:\\PROYECTOS\\IMPORTACIONES RAMIREZ\\ERP-RAMIREZ\\vendor\\laravel\\framework\\src\\Illuminate\\Pipeline\\Pipeline.php(180): App\\Http\\Middleware\\AdminSidebarMenu->handle(Object(Illuminate\\Http\\Request), Object(Closure))
#19 D:\\PROYECTOS\\IMPORTACIONES RAMIREZ\\ERP-RAMIREZ\\app\\Http\\Middleware\\Timezone.php(30): Illuminate\\Pipeline\\Pipeline->Illuminate\\Pipeline\\{closure}(Object(Illuminate\\Http\\Request))
#20 D:\\PROYECTOS\\IMPORTACIONES RAMIREZ\\ERP-RAMIREZ\\vendor\\laravel\\framework\\src\\Illuminate\\Pipeline\\Pipeline.php(180): App\\Http\\Middleware\\Timezone->handle(Object(Illuminate\\Http\\Request), Object(Closure))
#21 D:\\PROYECTOS\\IMPORTACIONES RAMIREZ\\ERP-RAMIREZ\\app\\Http\\Middleware\\Language.php(25): Illuminate\\Pipeline\\Pipeline->Illuminate\\Pipeline\\{closure}(Object(Illuminate\\Http\\Request))
#22 D:\\PROYECTOS\\IMPORTACIONES RAMIREZ\\ERP-RAMIREZ\\vendor\\laravel\\framework\\src\\Illuminate\\Pipeline\\Pipeline.php(180): App\\Http\\Middleware\\Language->handle(Object(Illuminate\\Http\\Request), Object(Closure))
#23 D:\\PROYECTOS\\IMPORTACIONES RAMIREZ\\ERP-RAMIREZ\\app\\Http\\Middleware\\SetSessionData.php(52): Illuminate\\Pipeline\\Pipeline->Illuminate\\Pipeline\\{closure}(Object(Illuminate\\Http\\Request))
#24 D:\\PROYECTOS\\IMPORTACIONES RAMIREZ\\ERP-RAMIREZ\\vendor\\laravel\\framework\\src\\Illuminate\\Pipeline\\Pipeline.php(180): App\\Http\\Middleware\\SetSessionData->handle(Object(Illuminate\\Http\\Request), Object(Closure))
#25 D:\\PROYECTOS\\IMPORTACIONES RAMIREZ\\ERP-RAMIREZ\\app\\Http\\Middleware\\IsInstalled.php(50): Illuminate\\Pipeline\\Pipeline->Illuminate\\Pipeline\\{closure}(Object(Illuminate\\Http\\Request))
#26 D:\\PROYECTOS\\IMPORTACIONES RAMIREZ\\ERP-RAMIREZ\\vendor\\laravel\\framework\\src\\Illuminate\\Pipeline\\Pipeline.php(180): App\\Http\\Middleware\\IsInstalled->handle(Object(Illuminate\\Http\\Request), Object(Closure))
#27 D:\\PROYECTOS\\IMPORTACIONES RAMIREZ\\ERP-RAMIREZ\\vendor\\laravel\\framework\\src\\Illuminate\\Routing\\Middleware\\SubstituteBindings.php(50): Illuminate\\Pipeline\\Pipeline->Illuminate\\Pipeline\\{closure}(Object(Illuminate\\Http\\Request))
#28 D:\\PROYECTOS\\IMPORTACIONES RAMIREZ\\ERP-RAMIREZ\\vendor\\laravel\\framework\\src\\Illuminate\\Pipeline\\Pipeline.php(180): Illuminate\\Routing\\Middleware\\SubstituteBindings->handle(Object(Illuminate\\Http\\Request), Object(Closure))
#29 D:\\PROYECTOS\\IMPORTACIONES RAMIREZ\\ERP-RAMIREZ\\vendor\\laravel\\framework\\src\\Illuminate\\Auth\\Middleware\\Authenticate.php(44): Illuminate\\Pipeline\\Pipeline->Illuminate\\Pipeline\\{closure}(Object(Illuminate\\Http\\Request))
#30 D:\\PROYECTOS\\IMPORTACIONES RAMIREZ\\ERP-RAMIREZ\\vendor\\laravel\\framework\\src\\Illuminate\\Pipeline\\Pipeline.php(180): Illuminate\\Auth\\Middleware\\Authenticate->handle(Object(Illuminate\\Http\\Request), Object(Closure))
#31 D:\\PROYECTOS\\IMPORTACIONES RAMIREZ\\ERP-RAMIREZ\\vendor\\laravel\\framework\\src\\Illuminate\\Foundation\\Http\\Middleware\\VerifyCsrfToken.php(78): Illuminate\\Pipeline\\Pipeline->Illuminate\\Pipeline\\{closure}(Object(Illuminate\\Http\\Request))
#32 D:\\PROYECTOS\\IMPORTACIONES RAMIREZ\\ERP-RAMIREZ\\vendor\\laravel\\framework\\src\\Illuminate\\Pipeline\\Pipeline.php(180): Illuminate\\Foundation\\Http\\Middleware\\VerifyCsrfToken->handle(Object(Illuminate\\Http\\Request), Object(Closure))
#33 D:\\PROYECTOS\\IMPORTACIONES RAMIREZ\\ERP-RAMIREZ\\vendor\\laravel\\framework\\src\\Illuminate\\View\\Middleware\\ShareErrorsFromSession.php(49): Illuminate\\Pipeline\\Pipeline->Illuminate\\Pipeline\\{closure}(Object(Illuminate\\Http\\Request))
#34 D:\\PROYECTOS\\IMPORTACIONES RAMIREZ\\ERP-RAMIREZ\\vendor\\laravel\\framework\\src\\Illuminate\\Pipeline\\Pipeline.php(180): Illuminate\\View\\Middleware\\ShareErrorsFromSession->handle(Object(Illuminate\\Http\\Request), Object(Closure))
#35 D:\\PROYECTOS\\IMPORTACIONES RAMIREZ\\ERP-RAMIREZ\\vendor\\laravel\\framework\\src\\Illuminate\\Session\\Middleware\\StartSession.php(121): Illuminate\\Pipeline\\Pipeline->Illuminate\\Pipeline\\{closure}(Object(Illuminate\\Http\\Request))
#36 D:\\PROYECTOS\\IMPORTACIONES RAMIREZ\\ERP-RAMIREZ\\vendor\\laravel\\framework\\src\\Illuminate\\Session\\Middleware\\StartSession.php(64): Illuminate\\Session\\Middleware\\StartSession->handleStatefulRequest(Object(Illuminate\\Http\\Request), Object(Illuminate\\Session\\Store), Object(Closure))
#37 D:\\PROYECTOS\\IMPORTACIONES RAMIREZ\\ERP-RAMIREZ\\vendor\\laravel\\framework\\src\\Illuminate\\Pipeline\\Pipeline.php(180): Illuminate\\Session\\Middleware\\StartSession->handle(Object(Illuminate\\Http\\Request), Object(Closure))
#38 D:\\PROYECTOS\\IMPORTACIONES RAMIREZ\\ERP-RAMIREZ\\vendor\\laravel\\framework\\src\\Illuminate\\Cookie\\Middleware\\AddQueuedCookiesToResponse.php(37): Illuminate\\Pipeline\\Pipeline->Illuminate\\Pipeline\\{closure}(Object(Illuminate\\Http\\Request))
#39 D:\\PROYECTOS\\IMPORTACIONES RAMIREZ\\ERP-RAMIREZ\\vendor\\laravel\\framework\\src\\Illuminate\\Pipeline\\Pipeline.php(180): Illuminate\\Cookie\\Middleware\\AddQueuedCookiesToResponse->handle(Object(Illuminate\\Http\\Request), Object(Closure))
#40 D:\\PROYECTOS\\IMPORTACIONES RAMIREZ\\ERP-RAMIREZ\\vendor\\laravel\\framework\\src\\Illuminate\\Cookie\\Middleware\\EncryptCookies.php(67): Illuminate\\Pipeline\\Pipeline->Illuminate\\Pipeline\\{closure}(Object(Illuminate\\Http\\Request))
#41 D:\\PROYECTOS\\IMPORTACIONES RAMIREZ\\ERP-RAMIREZ\\vendor\\laravel\\framework\\src\\Illuminate\\Pipeline\\Pipeline.php(180): Illuminate\\Cookie\\Middleware\\EncryptCookies->handle(Object(Illuminate\\Http\\Request), Object(Closure))
#42 D:\\PROYECTOS\\IMPORTACIONES RAMIREZ\\ERP-RAMIREZ\\vendor\\laravel\\framework\\src\\Illuminate\\Pipeline\\Pipeline.php(116): Illuminate\\Pipeline\\Pipeline->Illuminate\\Pipeline\\{closure}(Object(Illuminate\\Http\\Request))
#43 D:\\PROYECTOS\\IMPORTACIONES RAMIREZ\\ERP-RAMIREZ\\vendor\\laravel\\framework\\src\\Illuminate\\Routing\\Router.php(797): Illuminate\\Pipeline\\Pipeline->then(Object(Closure))
#44 D:\\PROYECTOS\\IMPORTACIONES RAMIREZ\\ERP-RAMIREZ\\vendor\\laravel\\framework\\src\\Illuminate\\Routing\\Router.php(776): Illuminate\\Routing\\Router->runRouteWithinStack(Object(Illuminate\\Routing\\Route), Object(Illuminate\\Http\\Request))
#45 D:\\PROYECTOS\\IMPORTACIONES RAMIREZ\\ERP-RAMIREZ\\vendor\\laravel\\framework\\src\\Illuminate\\Routing\\Router.php(740): Illuminate\\Routing\\Router->runRoute(Object(Illuminate\\Http\\Request), Object(Illuminate\\Routing\\Route))
#46 D:\\PROYECTOS\\IMPORTACIONES RAMIREZ\\ERP-RAMIREZ\\vendor\\laravel\\framework\\src\\Illuminate\\Routing\\Router.php(729): Illuminate\\Routing\\Router->dispatchToRoute(Object(Illuminate\\Http\\Request))
#47 D:\\PROYECTOS\\IMPORTACIONES RAMIREZ\\ERP-RAMIREZ\\vendor\\laravel\\framework\\src\\Illuminate\\Foundation\\Http\\Kernel.php(190): Illuminate\\Routing\\Router->dispatch(Object(Illuminate\\Http\\Request))
#48 D:\\PROYECTOS\\IMPORTACIONES RAMIREZ\\ERP-RAMIREZ\\vendor\\laravel\\framework\\src\\Illuminate\\Pipeline\\Pipeline.php(141): Illuminate\\Foundation\\Http\\Kernel->Illuminate\\Foundation\\Http\\{closure}(Object(Illuminate\\Http\\Request))
#49 D:\\PROYECTOS\\IMPORTACIONES RAMIREZ\\ERP-RAMIREZ\\vendor\\barryvdh\\laravel-debugbar\\src\\Middleware\\InjectDebugbar.php(59): Illuminate\\Pipeline\\Pipeline->Illuminate\\Pipeline\\{closure}(Object(Illuminate\\Http\\Request))
#50 D:\\PROYECTOS\\IMPORTACIONES RAMIREZ\\ERP-RAMIREZ\\vendor\\laravel\\framework\\src\\Illuminate\\Pipeline\\Pipeline.php(180): Barryvdh\\Debugbar\\Middleware\\InjectDebugbar->handle(Object(Illuminate\\Http\\Request), Object(Closure))
#51 D:\\PROYECTOS\\IMPORTACIONES RAMIREZ\\ERP-RAMIREZ\\vendor\\laravel\\framework\\src\\Illuminate\\Foundation\\Http\\Middleware\\TransformsRequest.php(21): Illuminate\\Pipeline\\Pipeline->Illuminate\\Pipeline\\{closure}(Object(Illuminate\\Http\\Request))
#52 D:\\PROYECTOS\\IMPORTACIONES RAMIREZ\\ERP-RAMIREZ\\vendor\\laravel\\framework\\src\\Illuminate\\Foundation\\Http\\Middleware\\ConvertEmptyStringsToNull.php(31): Illuminate\\Foundation\\Http\\Middleware\\TransformsRequest->handle(Object(Illuminate\\Http\\Request), Object(Closure))
#53 D:\\PROYECTOS\\IMPORTACIONES RAMIREZ\\ERP-RAMIREZ\\vendor\\laravel\\framework\\src\\Illuminate\\Pipeline\\Pipeline.php(180): Illuminate\\Foundation\\Http\\Middleware\\ConvertEmptyStringsToNull->handle(Object(Illuminate\\Http\\Request), Object(Closure))
#54 D:\\PROYECTOS\\IMPORTACIONES RAMIREZ\\ERP-RAMIREZ\\vendor\\laravel\\framework\\src\\Illuminate\\Foundation\\Http\\Middleware\\TransformsRequest.php(21): Illuminate\\Pipeline\\Pipeline->Illuminate\\Pipeline\\{closure}(Object(Illuminate\\Http\\Request))
#55 D:\\PROYECTOS\\IMPORTACIONES RAMIREZ\\ERP-RAMIREZ\\vendor\\laravel\\framework\\src\\Illuminate\\Foundation\\Http\\Middleware\\TrimStrings.php(40): Illuminate\\Foundation\\Http\\Middleware\\TransformsRequest->handle(Object(Illuminate\\Http\\Request), Object(Closure))
#56 D:\\PROYECTOS\\IMPORTACIONES RAMIREZ\\ERP-RAMIREZ\\vendor\\laravel\\framework\\src\\Illuminate\\Pipeline\\Pipeline.php(180): Illuminate\\Foundation\\Http\\Middleware\\TrimStrings->handle(Object(Illuminate\\Http\\Request), Object(Closure))
#57 D:\\PROYECTOS\\IMPORTACIONES RAMIREZ\\ERP-RAMIREZ\\vendor\\laravel\\framework\\src\\Illuminate\\Foundation\\Http\\Middleware\\ValidatePostSize.php(27): Illuminate\\Pipeline\\Pipeline->Illuminate\\Pipeline\\{closure}(Object(Illuminate\\Http\\Request))
#58 D:\\PROYECTOS\\IMPORTACIONES RAMIREZ\\ERP-RAMIREZ\\vendor\\laravel\\framework\\src\\Illuminate\\Pipeline\\Pipeline.php(180): Illuminate\\Foundation\\Http\\Middleware\\ValidatePostSize->handle(Object(Illuminate\\Http\\Request), Object(Closure))
#59 D:\\PROYECTOS\\IMPORTACIONES RAMIREZ\\ERP-RAMIREZ\\vendor\\laravel\\framework\\src\\Illuminate\\Foundation\\Http\\Middleware\\PreventRequestsDuringMaintenance.php(86): Illuminate\\Pipeline\\Pipeline->Illuminate\\Pipeline\\{closure}(Object(Illuminate\\Http\\Request))
#60 D:\\PROYECTOS\\IMPORTACIONES RAMIREZ\\ERP-RAMIREZ\\vendor\\laravel\\framework\\src\\Illuminate\\Pipeline\\Pipeline.php(180): Illuminate\\Foundation\\Http\\Middleware\\PreventRequestsDuringMaintenance->handle(Object(Illuminate\\Http\\Request), Object(Closure))
#61 D:\\PROYECTOS\\IMPORTACIONES RAMIREZ\\ERP-RAMIREZ\\vendor\\laravel\\framework\\src\\Illuminate\\Http\\Middleware\\HandleCors.php(49): Illuminate\\Pipeline\\Pipeline->Illuminate\\Pipeline\\{closure}(Object(Illuminate\\Http\\Request))
#62 D:\\PROYECTOS\\IMPORTACIONES RAMIREZ\\ERP-RAMIREZ\\vendor\\laravel\\framework\\src\\Illuminate\\Pipeline\\Pipeline.php(180): Illuminate\\Http\\Middleware\\HandleCors->handle(Object(Illuminate\\Http\\Request), Object(Closure))
#63 D:\\PROYECTOS\\IMPORTACIONES RAMIREZ\\ERP-RAMIREZ\\vendor\\laravel\\framework\\src\\Illuminate\\Http\\Middleware\\TrustProxies.php(39): Illuminate\\Pipeline\\Pipeline->Illuminate\\Pipeline\\{closure}(Object(Illuminate\\Http\\Request))
#64 D:\\PROYECTOS\\IMPORTACIONES RAMIREZ\\ERP-RAMIREZ\\vendor\\laravel\\framework\\src\\Illuminate\\Pipeline\\Pipeline.php(180): Illuminate\\Http\\Middleware\\TrustProxies->handle(Object(Illuminate\\Http\\Request), Object(Closure))
#65 D:\\PROYECTOS\\IMPORTACIONES RAMIREZ\\ERP-RAMIREZ\\vendor\\laravel\\framework\\src\\Illuminate\\Pipeline\\Pipeline.php(116): Illuminate\\Pipeline\\Pipeline->Illuminate\\Pipeline\\{closure}(Object(Illuminate\\Http\\Request))
#66 D:\\PROYECTOS\\IMPORTACIONES RAMIREZ\\ERP-RAMIREZ\\vendor\\laravel\\framework\\src\\Illuminate\\Foundation\\Http\\Kernel.php(165): Illuminate\\Pipeline\\Pipeline->then(Object(Closure))
#67 D:\\PROYECTOS\\IMPORTACIONES RAMIREZ\\ERP-RAMIREZ\\vendor\\laravel\\framework\\src\\Illuminate\\Foundation\\Http\\Kernel.php(134): Illuminate\\Foundation\\Http\\Kernel->sendRequestThroughRouter(Object(Illuminate\\Http\\Request))
#68 D:\\PROYECTOS\\IMPORTACIONES RAMIREZ\\ERP-RAMIREZ\\public\\index.php(51): Illuminate\\Foundation\\Http\\Kernel->handle(Object(Illuminate\\Http\\Request))
#69 D:\\PROYECTOS\\IMPORTACIONES RAMIREZ\\ERP-RAMIREZ\\vendor\\laravel\\framework\\src\\Illuminate\\Foundation\\resources\\server.php(16): require_once('D:\\\\PROYECTOS\\\\IM...')
#70 {main}

[previous exception] [object] (ErrorException(code: 0): Undefined variable $transacciones at D:\\PROYECTOS\\IMPORTACIONES RAMIREZ\\ERP-RAMIREZ\\storage\\framework\\views\\dc6f0818c41a1e845a314568edf6dc99a1727aa6.php:111)
[stacktrace]
#0 D:\\PROYECTOS\\IMPORTACIONES RAMIREZ\\ERP-RAMIREZ\\vendor\\laravel\\framework\\src\\Illuminate\\Foundation\\Bootstrap\\HandleExceptions.php(266): Illuminate\\Foundation\\Bootstrap\\HandleExceptions->handleError(2, 'Undefined varia...', 'D:\\\\PROYECTOS\\\\IM...', 111)
#1 D:\\PROYECTOS\\IMPORTACIONES RAMIREZ\\ERP-RAMIREZ\\storage\\framework\\views\\dc6f0818c41a1e845a314568edf6dc99a1727aa6.php(111): Illuminate\\Foundation\\Bootstrap\\HandleExceptions->Illuminate\\Foundation\\Bootstrap\\{closure}(2, 'Undefined varia...', 'D:\\\\PROYECTOS\\\\IM...', 111)
#2 D:\\PROYECTOS\\IMPORTACIONES RAMIREZ\\ERP-RAMIREZ\\vendor\\laravel\\framework\\src\\Illuminate\\Filesystem\\Filesystem.php(109): require('D:\\\\PROYECTOS\\\\IM...')
#3 D:\\PROYECTOS\\IMPORTACIONES RAMIREZ\\ERP-RAMIREZ\\vendor\\laravel\\framework\\src\\Illuminate\\Filesystem\\Filesystem.php(110): Illuminate\\Filesystem\\Filesystem::Illuminate\\Filesystem\\{closure}()
#4 D:\\PROYECTOS\\IMPORTACIONES RAMIREZ\\ERP-RAMIREZ\\vendor\\laravel\\framework\\src\\Illuminate\\View\\Engines\\PhpEngine.php(58): Illuminate\\Filesystem\\Filesystem->getRequire('D:\\\\PROYECTOS\\\\IM...', Array)
#5 D:\\PROYECTOS\\IMPORTACIONES RAMIREZ\\ERP-RAMIREZ\\vendor\\laravel\\framework\\src\\Illuminate\\View\\Engines\\CompilerEngine.php(70): Illuminate\\View\\Engines\\PhpEngine->evaluatePath('D:\\\\PROYECTOS\\\\IM...', Array)
#6 D:\\PROYECTOS\\IMPORTACIONES RAMIREZ\\ERP-RAMIREZ\\vendor\\laravel\\framework\\src\\Illuminate\\View\\View.php(195): Illuminate\\View\\Engines\\CompilerEngine->get('D:\\\\PROYECTOS\\\\IM...', Array)
#7 D:\\PROYECTOS\\IMPORTACIONES RAMIREZ\\ERP-RAMIREZ\\vendor\\laravel\\framework\\src\\Illuminate\\View\\View.php(178): Illuminate\\View\\View->getContents()
#8 D:\\PROYECTOS\\IMPORTACIONES RAMIREZ\\ERP-RAMIREZ\\vendor\\laravel\\framework\\src\\Illuminate\\View\\View.php(147): Illuminate\\View\\View->renderContents()
#9 D:\\PROYECTOS\\IMPORTACIONES RAMIREZ\\ERP-RAMIREZ\\vendor\\laravel\\framework\\src\\Illuminate\\Http\\Response.php(69): Illuminate\\View\\View->render()
#10 D:\\PROYECTOS\\IMPORTACIONES RAMIREZ\\ERP-RAMIREZ\\vendor\\laravel\\framework\\src\\Illuminate\\Http\\Response.php(35): Illuminate\\Http\\Response->setContent(Object(Illuminate\\View\\View))
#11 D:\\PROYECTOS\\IMPORTACIONES RAMIREZ\\ERP-RAMIREZ\\vendor\\laravel\\framework\\src\\Illuminate\\Routing\\Router.php(906): Illuminate\\Http\\Response->__construct(Object(Illuminate\\View\\View), 200, Array)
#12 D:\\PROYECTOS\\IMPORTACIONES RAMIREZ\\ERP-RAMIREZ\\vendor\\laravel\\framework\\src\\Illuminate\\Routing\\Router.php(875): Illuminate\\Routing\\Router::toResponse(Object(Illuminate\\Http\\Request), Object(Illuminate\\View\\View))
#13 D:\\PROYECTOS\\IMPORTACIONES RAMIREZ\\ERP-RAMIREZ\\vendor\\laravel\\framework\\src\\Illuminate\\Routing\\Router.php(797): Illuminate\\Routing\\Router->prepareResponse(Object(Illuminate\\Http\\Request), Object(Illuminate\\View\\View))
#14 D:\\PROYECTOS\\IMPORTACIONES RAMIREZ\\ERP-RAMIREZ\\vendor\\laravel\\framework\\src\\Illuminate\\Pipeline\\Pipeline.php(141): Illuminate\\Routing\\Router->Illuminate\\Routing\\{closure}(Object(Illuminate\\Http\\Request))
#15 D:\\PROYECTOS\\IMPORTACIONES RAMIREZ\\ERP-RAMIREZ\\app\\Http\\Middleware\\CheckUserLogin.php(22): Illuminate\\Pipeline\\Pipeline->Illuminate\\Pipeline\\{closure}(Object(Illuminate\\Http\\Request))
#16 D:\\PROYECTOS\\IMPORTACIONES RAMIREZ\\ERP-RAMIREZ\\vendor\\laravel\\framework\\src\\Illuminate\\Pipeline\\Pipeline.php(180): App\\Http\\Middleware\\CheckUserLogin->handle(Object(Illuminate\\Http\\Request), Object(Closure))
#17 D:\\PROYECTOS\\IMPORTACIONES RAMIREZ\\ERP-RAMIREZ\\app\\Http\\Middleware\\AdminSidebarMenu.php(906): Illuminate\\Pipeline\\Pipeline->Illuminate\\Pipeline\\{closure}(Object(Illuminate\\Http\\Request))
#18 D:\\PROYECTOS\\IMPORTACIONES RAMIREZ\\ERP-RAMIREZ\\vendor\\laravel\\framework\\src\\Illuminate\\Pipeline\\Pipeline.php(180): App\\Http\\Middleware\\AdminSidebarMenu->handle(Object(Illuminate\\Http\\Request), Object(Closure))
#19 D:\\PROYECTOS\\IMPORTACIONES RAMIREZ\\ERP-RAMIREZ\\app\\Http\\Middleware\\Timezone.php(30): Illuminate\\Pipeline\\Pipeline->Illuminate\\Pipeline\\{closure}(Object(Illuminate\\Http\\Request))
#20 D:\\PROYECTOS\\IMPORTACIONES RAMIREZ\\ERP-RAMIREZ\\vendor\\laravel\\framework\\src\\Illuminate\\Pipeline\\Pipeline.php(180): App\\Http\\Middleware\\Timezone->handle(Object(Illuminate\\Http\\Request), Object(Closure))
#21 D:\\PROYECTOS\\IMPORTACIONES RAMIREZ\\ERP-RAMIREZ\\app\\Http\\Middleware\\Language.php(25): Illuminate\\Pipeline\\Pipeline->Illuminate\\Pipeline\\{closure}(Object(Illuminate\\Http\\Request))
#22 D:\\PROYECTOS\\IMPORTACIONES RAMIREZ\\ERP-RAMIREZ\\vendor\\laravel\\framework\\src\\Illuminate\\Pipeline\\Pipeline.php(180): App\\Http\\Middleware\\Language->handle(Object(Illuminate\\Http\\Request), Object(Closure))
#23 D:\\PROYECTOS\\IMPORTACIONES RAMIREZ\\ERP-RAMIREZ\\app\\Http\\Middleware\\SetSessionData.php(52): Illuminate\\Pipeline\\Pipeline->Illuminate\\Pipeline\\{closure}(Object(Illuminate\\Http\\Request))
#24 D:\\PROYECTOS\\IMPORTACIONES RAMIREZ\\ERP-RAMIREZ\\vendor\\laravel\\framework\\src\\Illuminate\\Pipeline\\Pipeline.php(180): App\\Http\\Middleware\\SetSessionData->handle(Object(Illuminate\\Http\\Request), Object(Closure))
#25 D:\\PROYECTOS\\IMPORTACIONES RAMIREZ\\ERP-RAMIREZ\\app\\Http\\Middleware\\IsInstalled.php(50): Illuminate\\Pipeline\\Pipeline->Illuminate\\Pipeline\\{closure}(Object(Illuminate\\Http\\Request))
#26 D:\\PROYECTOS\\IMPORTACIONES RAMIREZ\\ERP-RAMIREZ\\vendor\\laravel\\framework\\src\\Illuminate\\Pipeline\\Pipeline.php(180): App\\Http\\Middleware\\IsInstalled->handle(Object(Illuminate\\Http\\Request), Object(Closure))
#27 D:\\PROYECTOS\\IMPORTACIONES RAMIREZ\\ERP-RAMIREZ\\vendor\\laravel\\framework\\src\\Illuminate\\Routing\\Middleware\\SubstituteBindings.php(50): Illuminate\\Pipeline\\Pipeline->Illuminate\\Pipeline\\{closure}(Object(Illuminate\\Http\\Request))
#28 D:\\PROYECTOS\\IMPORTACIONES RAMIREZ\\ERP-RAMIREZ\\vendor\\laravel\\framework\\src\\Illuminate\\Pipeline\\Pipeline.php(180): Illuminate\\Routing\\Middleware\\SubstituteBindings->handle(Object(Illuminate\\Http\\Request), Object(Closure))
#29 D:\\PROYECTOS\\IMPORTACIONES RAMIREZ\\ERP-RAMIREZ\\vendor\\laravel\\framework\\src\\Illuminate\\Auth\\Middleware\\Authenticate.php(44): Illuminate\\Pipeline\\Pipeline->Illuminate\\Pipeline\\{closure}(Object(Illuminate\\Http\\Request))
#30 D:\\PROYECTOS\\IMPORTACIONES RAMIREZ\\ERP-RAMIREZ\\vendor\\laravel\\framework\\src\\Illuminate\\Pipeline\\Pipeline.php(180): Illuminate\\Auth\\Middleware\\Authenticate->handle(Object(Illuminate\\Http\\Request), Object(Closure))
#31 D:\\PROYECTOS\\IMPORTACIONES RAMIREZ\\ERP-RAMIREZ\\vendor\\laravel\\framework\\src\\Illuminate\\Foundation\\Http\\Middleware\\VerifyCsrfToken.php(78): Illuminate\\Pipeline\\Pipeline->Illuminate\\Pipeline\\{closure}(Object(Illuminate\\Http\\Request))
#32 D:\\PROYECTOS\\IMPORTACIONES RAMIREZ\\ERP-RAMIREZ\\vendor\\laravel\\framework\\src\\Illuminate\\Pipeline\\Pipeline.php(180): Illuminate\\Foundation\\Http\\Middleware\\VerifyCsrfToken->handle(Object(Illuminate\\Http\\Request), Object(Closure))
#33 D:\\PROYECTOS\\IMPORTACIONES RAMIREZ\\ERP-RAMIREZ\\vendor\\laravel\\framework\\src\\Illuminate\\View\\Middleware\\ShareErrorsFromSession.php(49): Illuminate\\Pipeline\\Pipeline->Illuminate\\Pipeline\\{closure}(Object(Illuminate\\Http\\Request))
#34 D:\\PROYECTOS\\IMPORTACIONES RAMIREZ\\ERP-RAMIREZ\\vendor\\laravel\\framework\\src\\Illuminate\\Pipeline\\Pipeline.php(180): Illuminate\\View\\Middleware\\ShareErrorsFromSession->handle(Object(Illuminate\\Http\\Request), Object(Closure))
#35 D:\\PROYECTOS\\IMPORTACIONES RAMIREZ\\ERP-RAMIREZ\\vendor\\laravel\\framework\\src\\Illuminate\\Session\\Middleware\\StartSession.php(121): Illuminate\\Pipeline\\Pipeline->Illuminate\\Pipeline\\{closure}(Object(Illuminate\\Http\\Request))
#36 D:\\PROYECTOS\\IMPORTACIONES RAMIREZ\\ERP-RAMIREZ\\vendor\\laravel\\framework\\src\\Illuminate\\Session\\Middleware\\StartSession.php(64): Illuminate\\Session\\Middleware\\StartSession->handleStatefulRequest(Object(Illuminate\\Http\\Request), Object(Illuminate\\Session\\Store), Object(Closure))
#37 D:\\PROYECTOS\\IMPORTACIONES RAMIREZ\\ERP-RAMIREZ\\vendor\\laravel\\framework\\src\\Illuminate\\Pipeline\\Pipeline.php(180): Illuminate\\Session\\Middleware\\StartSession->handle(Object(Illuminate\\Http\\Request), Object(Closure))
#38 D:\\PROYECTOS\\IMPORTACIONES RAMIREZ\\ERP-RAMIREZ\\vendor\\laravel\\framework\\src\\Illuminate\\Cookie\\Middleware\\AddQueuedCookiesToResponse.php(37): Illuminate\\Pipeline\\Pipeline->Illuminate\\Pipeline\\{closure}(Object(Illuminate\\Http\\Request))
#39 D:\\PROYECTOS\\IMPORTACIONES RAMIREZ\\ERP-RAMIREZ\\vendor\\laravel\\framework\\src\\Illuminate\\Pipeline\\Pipeline.php(180): Illuminate\\Cookie\\Middleware\\AddQueuedCookiesToResponse->handle(Object(Illuminate\\Http\\Request), Object(Closure))
#40 D:\\PROYECTOS\\IMPORTACIONES RAMIREZ\\ERP-RAMIREZ\\vendor\\laravel\\framework\\src\\Illuminate\\Cookie\\Middleware\\EncryptCookies.php(67): Illuminate\\Pipeline\\Pipeline->Illuminate\\Pipeline\\{closure}(Object(Illuminate\\Http\\Request))
#41 D:\\PROYECTOS\\IMPORTACIONES RAMIREZ\\ERP-RAMIREZ\\vendor\\laravel\\framework\\src\\Illuminate\\Pipeline\\Pipeline.php(180): Illuminate\\Cookie\\Middleware\\EncryptCookies->handle(Object(Illuminate\\Http\\Request), Object(Closure))
#42 D:\\PROYECTOS\\IMPORTACIONES RAMIREZ\\ERP-RAMIREZ\\vendor\\laravel\\framework\\src\\Illuminate\\Pipeline\\Pipeline.php(116): Illuminate\\Pipeline\\Pipeline->Illuminate\\Pipeline\\{closure}(Object(Illuminate\\Http\\Request))
#43 D:\\PROYECTOS\\IMPORTACIONES RAMIREZ\\ERP-RAMIREZ\\vendor\\laravel\\framework\\src\\Illuminate\\Routing\\Router.php(797): Illuminate\\Pipeline\\Pipeline->then(Object(Closure))
#44 D:\\PROYECTOS\\IMPORTACIONES RAMIREZ\\ERP-RAMIREZ\\vendor\\laravel\\framework\\src\\Illuminate\\Routing\\Router.php(776): Illuminate\\Routing\\Router->runRouteWithinStack(Object(Illuminate\\Routing\\Route), Object(Illuminate\\Http\\Request))
#45 D:\\PROYECTOS\\IMPORTACIONES RAMIREZ\\ERP-RAMIREZ\\vendor\\laravel\\framework\\src\\Illuminate\\Routing\\Router.php(740): Illuminate\\Routing\\Router->runRoute(Object(Illuminate\\Http\\Request), Object(Illuminate\\Routing\\Route))
#46 D:\\PROYECTOS\\IMPORTACIONES RAMIREZ\\ERP-RAMIREZ\\vendor\\laravel\\framework\\src\\Illuminate\\Routing\\Router.php(729): Illuminate\\Routing\\Router->dispatchToRoute(Object(Illuminate\\Http\\Request))
#47 D:\\PROYECTOS\\IMPORTACIONES RAMIREZ\\ERP-RAMIREZ\\vendor\\laravel\\framework\\src\\Illuminate\\Foundation\\Http\\Kernel.php(190): Illuminate\\Routing\\Router->dispatch(Object(Illuminate\\Http\\Request))
#48 D:\\PROYECTOS\\IMPORTACIONES RAMIREZ\\ERP-RAMIREZ\\vendor\\laravel\\framework\\src\\Illuminate\\Pipeline\\Pipeline.php(141): Illuminate\\Foundation\\Http\\Kernel->Illuminate\\Foundation\\Http\\{closure}(Object(Illuminate\\Http\\Request))
#49 D:\\PROYECTOS\\IMPORTACIONES RAMIREZ\\ERP-RAMIREZ\\vendor\\barryvdh\\laravel-debugbar\\src\\Middleware\\InjectDebugbar.php(59): Illuminate\\Pipeline\\Pipeline->Illuminate\\Pipeline\\{closure}(Object(Illuminate\\Http\\Request))
#50 D:\\PROYECTOS\\IMPORTACIONES RAMIREZ\\ERP-RAMIREZ\\vendor\\laravel\\framework\\src\\Illuminate\\Pipeline\\Pipeline.php(180): Barryvdh\\Debugbar\\Middleware\\InjectDebugbar->handle(Object(Illuminate\\Http\\Request), Object(Closure))
#51 D:\\PROYECTOS\\IMPORTACIONES RAMIREZ\\ERP-RAMIREZ\\vendor\\laravel\\framework\\src\\Illuminate\\Foundation\\Http\\Middleware\\TransformsRequest.php(21): Illuminate\\Pipeline\\Pipeline->Illuminate\\Pipeline\\{closure}(Object(Illuminate\\Http\\Request))
#52 D:\\PROYECTOS\\IMPORTACIONES RAMIREZ\\ERP-RAMIREZ\\vendor\\laravel\\framework\\src\\Illuminate\\Foundation\\Http\\Middleware\\ConvertEmptyStringsToNull.php(31): Illuminate\\Foundation\\Http\\Middleware\\TransformsRequest->handle(Object(Illuminate\\Http\\Request), Object(Closure))
#53 D:\\PROYECTOS\\IMPORTACIONES RAMIREZ\\ERP-RAMIREZ\\vendor\\laravel\\framework\\src\\Illuminate\\Pipeline\\Pipeline.php(180): Illuminate\\Foundation\\Http\\Middleware\\ConvertEmptyStringsToNull->handle(Object(Illuminate\\Http\\Request), Object(Closure))
#54 D:\\PROYECTOS\\IMPORTACIONES RAMIREZ\\ERP-RAMIREZ\\vendor\\laravel\\framework\\src\\Illuminate\\Foundation\\Http\\Middleware\\TransformsRequest.php(21): Illuminate\\Pipeline\\Pipeline->Illuminate\\Pipeline\\{closure}(Object(Illuminate\\Http\\Request))
#55 D:\\PROYECTOS\\IMPORTACIONES RAMIREZ\\ERP-RAMIREZ\\vendor\\laravel\\framework\\src\\Illuminate\\Foundation\\Http\\Middleware\\TrimStrings.php(40): Illuminate\\Foundation\\Http\\Middleware\\TransformsRequest->handle(Object(Illuminate\\Http\\Request), Object(Closure))
#56 D:\\PROYECTOS\\IMPORTACIONES RAMIREZ\\ERP-RAMIREZ\\vendor\\laravel\\framework\\src\\Illuminate\\Pipeline\\Pipeline.php(180): Illuminate\\Foundation\\Http\\Middleware\\TrimStrings->handle(Object(Illuminate\\Http\\Request), Object(Closure))
#57 D:\\PROYECTOS\\IMPORTACIONES RAMIREZ\\ERP-RAMIREZ\\vendor\\laravel\\framework\\src\\Illuminate\\Foundation\\Http\\Middleware\\ValidatePostSize.php(27): Illuminate\\Pipeline\\Pipeline->Illuminate\\Pipeline\\{closure}(Object(Illuminate\\Http\\Request))
#58 D:\\PROYECTOS\\IMPORTACIONES RAMIREZ\\ERP-RAMIREZ\\vendor\\laravel\\framework\\src\\Illuminate\\Pipeline\\Pipeline.php(180): Illuminate\\Foundation\\Http\\Middleware\\ValidatePostSize->handle(Object(Illuminate\\Http\\Request), Object(Closure))
#59 D:\\PROYECTOS\\IMPORTACIONES RAMIREZ\\ERP-RAMIREZ\\vendor\\laravel\\framework\\src\\Illuminate\\Foundation\\Http\\Middleware\\PreventRequestsDuringMaintenance.php(86): Illuminate\\Pipeline\\Pipeline->Illuminate\\Pipeline\\{closure}(Object(Illuminate\\Http\\Request))
#60 D:\\PROYECTOS\\IMPORTACIONES RAMIREZ\\ERP-RAMIREZ\\vendor\\laravel\\framework\\src\\Illuminate\\Pipeline\\Pipeline.php(180): Illuminate\\Foundation\\Http\\Middleware\\PreventRequestsDuringMaintenance->handle(Object(Illuminate\\Http\\Request), Object(Closure))
#61 D:\\PROYECTOS\\IMPORTACIONES RAMIREZ\\ERP-RAMIREZ\\vendor\\laravel\\framework\\src\\Illuminate\\Http\\Middleware\\HandleCors.php(49): Illuminate\\Pipeline\\Pipeline->Illuminate\\Pipeline\\{closure}(Object(Illuminate\\Http\\Request))
#62 D:\\PROYECTOS\\IMPORTACIONES RAMIREZ\\ERP-RAMIREZ\\vendor\\laravel\\framework\\src\\Illuminate\\Pipeline\\Pipeline.php(180): Illuminate\\Http\\Middleware\\HandleCors->handle(Object(Illuminate\\Http\\Request), Object(Closure))
#63 D:\\PROYECTOS\\IMPORTACIONES RAMIREZ\\ERP-RAMIREZ\\vendor\\laravel\\framework\\src\\Illuminate\\Http\\Middleware\\TrustProxies.php(39): Illuminate\\Pipeline\\Pipeline->Illuminate\\Pipeline\\{closure}(Object(Illuminate\\Http\\Request))
#64 D:\\PROYECTOS\\IMPORTACIONES RAMIREZ\\ERP-RAMIREZ\\vendor\\laravel\\framework\\src\\Illuminate\\Pipeline\\Pipeline.php(180): Illuminate\\Http\\Middleware\\TrustProxies->handle(Object(Illuminate\\Http\\Request), Object(Closure))
#65 D:\\PROYECTOS\\IMPORTACIONES RAMIREZ\\ERP-RAMIREZ\\vendor\\laravel\\framework\\src\\Illuminate\\Pipeline\\Pipeline.php(116): Illuminate\\Pipeline\\Pipeline->Illuminate\\Pipeline\\{closure}(Object(Illuminate\\Http\\Request))
#66 D:\\PROYECTOS\\IMPORTACIONES RAMIREZ\\ERP-RAMIREZ\\vendor\\laravel\\framework\\src\\Illuminate\\Foundation\\Http\\Kernel.php(165): Illuminate\\Pipeline\\Pipeline->then(Object(Closure))
#67 D:\\PROYECTOS\\IMPORTACIONES RAMIREZ\\ERP-RAMIREZ\\vendor\\laravel\\framework\\src\\Illuminate\\Foundation\\Http\\Kernel.php(134): Illuminate\\Foundation\\Http\\Kernel->sendRequestThroughRouter(Object(Illuminate\\Http\\Request))
#68 D:\\PROYECTOS\\IMPORTACIONES RAMIREZ\\ERP-RAMIREZ\\public\\index.php(51): Illuminate\\Foundation\\Http\\Kernel->handle(Object(Illuminate\\Http\\Request))
#69 D:\\PROYECTOS\\IMPORTACIONES RAMIREZ\\ERP-RAMIREZ\\vendor\\laravel\\framework\\src\\Illuminate\\Foundation\\resources\\server.php(16): require_once('D:\\\\PROYECTOS\\\\IM...')
#70 {main}
"} 
[2026-07-03 23:06:25] local.ERROR: Missing required parameter for [Route: historial-importaciones.excel] [URI: historial-importaciones/{transaction}/excel] [Missing parameter: transaction]. {"view":{"view":"D:\\PROYECTOS\\IMPORTACIONES RAMIREZ\\ERP-RAMIREZ\\resources\\views\\purchase\\importaciones\\index.blade.php","data":{"asset_v":"<pre class=sf-dump id=sf-dump-1655258089 data-indent-pad=\"  \"><span class=sf-dump-num>511</span>
</pre><script>Sfdump(\"sf-dump-1655258089\", {\"maxDepth\":3,\"maxStringLength\":160})</script>
","errors":"<pre class=sf-dump id=sf-dump-1103909227 data-indent-pad=\"  \"><span class=sf-dump-note>Illuminate\\Support\\ViewErrorBag</span> {<a class=sf-dump-ref>#3313</a><samp data-depth=1 class=sf-dump-expanded>
  #<span class=sf-dump-protected title=\"Protected property\">bags</span>: []
</samp>}
</pre><script>Sfdump(\"sf-dump-1103909227\", {\"maxDepth\":3,\"maxStringLength\":160})</script>
","registros":"<pre class=sf-dump id=sf-dump-637960528 data-indent-pad=\"  \"><span class=sf-dump-note>Illuminate\\Support\\Collection</span> {<a class=sf-dump-ref>#3946</a><samp data-depth=1 class=sf-dump-expanded>
  #<span class=sf-dump-protected title=\"Protected property\">items</span>: <span class=sf-dump-note>array:2</span> [<samp data-depth=2 class=sf-dump-compact>
    <span class=sf-dump-key>61</span> => <span class=sf-dump-note title=\"Illuminate\\Support\\Collection
\"><span class=\"sf-dump-ellipsis sf-dump-ellipsis-note\">Illuminate\\Support</span><span class=\"sf-dump-ellipsis sf-dump-ellipsis-note\">\\</span>Collection</span> {<a class=sf-dump-ref>#3843</a><samp data-depth=3 class=sf-dump-compact>
      #<span class=sf-dump-protected title=\"Protected property\">items</span>: <span class=sf-dump-note>array:5</span> [ &#8230;5]
      #<span class=sf-dump-protected title=\"Protected property\">escapeWhenCastingToString</span>: <span class=sf-dump-const>false</span>
    </samp>}
    <span class=sf-dump-key>6</span> => <span class=sf-dump-note title=\"Illuminate\\Support\\Collection
\"><span class=\"sf-dump-ellipsis sf-dump-ellipsis-note\">Illuminate\\Support</span><span class=\"sf-dump-ellipsis sf-dump-ellipsis-note\">\\</span>Collection</span> {<a class=sf-dump-ref>#3944</a><samp data-depth=3 class=sf-dump-compact>
      #<span class=sf-dump-protected title=\"Protected property\">items</span>: <span class=sf-dump-note>array:3</span> [ &#8230;3]
      #<span class=sf-dump-protected title=\"Protected property\">escapeWhenCastingToString</span>: <span class=sf-dump-const>false</span>
    </samp>}
  </samp>]
  #<span class=sf-dump-protected title=\"Protected property\">escapeWhenCastingToString</span>: <span class=sf-dump-const>false</span>
</samp>}
</pre><script>Sfdump(\"sf-dump-637960528\", {\"maxDepth\":3,\"maxStringLength\":160})</script>
","productos":"<pre class=sf-dump id=sf-dump-1103871320 data-indent-pad=\"  \"><span class=sf-dump-note>Illuminate\\Support\\Collection</span> {<a class=sf-dump-ref>#3615</a><samp data-depth=1 class=sf-dump-expanded>
  #<span class=sf-dump-protected title=\"Protected property\">items</span>: <span class=sf-dump-note>array:7</span> [<samp data-depth=2 class=sf-dump-compact>
    <span class=sf-dump-key>4</span> => \"<span class=sf-dump-str title=\"10 characters\">Carroceria</span>\"
    <span class=sf-dump-key>7</span> => \"<span class=sf-dump-str title=\"14 characters\">ENSAMBLAJE 150</span>\"
    <span class=sf-dump-key>6</span> => \"<span class=sf-dump-str title=\"21 characters\">MATERIALES CARROCERIA</span>\"
    <span class=sf-dump-key>8</span> => \"<span class=sf-dump-str title=\"12 characters\">MOTOTAXI 150</span>\"
    <span class=sf-dump-key>2</span> => \"<span class=sf-dump-str title=\"15 characters\">RETROEXCAVADORA</span>\"
    <span class=sf-dump-key>5</span> => \"<span class=sf-dump-str title=\"9 characters\">Tapiceria</span>\"
    <span class=sf-dump-key>1</span> => \"<span class=sf-dump-str title=\"7 characters\">WX-150A</span>\"
  </samp>]
  #<span class=sf-dump-protected title=\"Protected property\">escapeWhenCastingToString</span>: <span class=sf-dump-const>false</span>
</samp>}
</pre><script>Sfdump(\"sf-dump-1103871320\", {\"maxDepth\":3,\"maxStringLength\":160})</script>
","desde":"<pre class=sf-dump id=sf-dump-897914898 data-indent-pad=\"  \"><span class=sf-dump-const>null</span>
</pre><script>Sfdump(\"sf-dump-897914898\", {\"maxDepth\":3,\"maxStringLength\":160})</script>
","hasta":"<pre class=sf-dump id=sf-dump-1759719757 data-indent-pad=\"  \"><span class=sf-dump-const>null</span>
</pre><script>Sfdump(\"sf-dump-1759719757\", {\"maxDepth\":3,\"maxStringLength\":160})</script>
","producto":"<pre class=sf-dump id=sf-dump-452388396 data-indent-pad=\"  \"><span class=sf-dump-const>null</span>
</pre><script>Sfdump(\"sf-dump-452388396\", {\"maxDepth\":3,\"maxStringLength\":160})</script>
","motor":"<pre class=sf-dump id=sf-dump-254417319 data-indent-pad=\"  \"><span class=sf-dump-const>null</span>
</pre><script>Sfdump(\"sf-dump-254417319\", {\"maxDepth\":3,\"maxStringLength\":160})</script>
","guia":"<pre class=sf-dump id=sf-dump-114258741 data-indent-pad=\"  \"><span class=sf-dump-const>null</span>
</pre><script>Sfdump(\"sf-dump-114258741\", {\"maxDepth\":3,\"maxStringLength\":160})</script>
","contenedor":"<pre class=sf-dump id=sf-dump-225485505 data-indent-pad=\"  \"><span class=sf-dump-const>null</span>
</pre><script>Sfdump(\"sf-dump-225485505\", {\"maxDepth\":3,\"maxStringLength\":160})</script>
","enabled_modules":"<pre class=sf-dump id=sf-dump-127948725 data-indent-pad=\"  \"><span class=sf-dump-note>array:7</span> [<samp data-depth=1 class=sf-dump-expanded>
  <span class=sf-dump-index>0</span> => \"<span class=sf-dump-str title=\"9 characters\">purchases</span>\"
  <span class=sf-dump-index>1</span> => \"<span class=sf-dump-str title=\"8 characters\">add_sale</span>\"
  <span class=sf-dump-index>2</span> => \"<span class=sf-dump-str title=\"8 characters\">pos_sale</span>\"
  <span class=sf-dump-index>3</span> => \"<span class=sf-dump-str title=\"15 characters\">stock_transfers</span>\"
  <span class=sf-dump-index>4</span> => \"<span class=sf-dump-str title=\"16 characters\">stock_adjustment</span>\"
  <span class=sf-dump-index>5</span> => \"<span class=sf-dump-str title=\"8 characters\">expenses</span>\"
  <span class=sf-dump-index>6</span> => \"<span class=sf-dump-str title=\"7 characters\">account</span>\"
</samp>]
</pre><script>Sfdump(\"sf-dump-127948725\", {\"maxDepth\":3,\"maxStringLength\":160})</script>
","__is_pusher_enabled":"<pre class=sf-dump id=sf-dump-1217212774 data-indent-pad=\"  \"><span class=sf-dump-const>false</span>
</pre><script>Sfdump(\"sf-dump-1217212774\", {\"maxDepth\":3,\"maxStringLength\":160})</script>
"}},"userId":1,"exception":"[object] (Spatie\\LaravelIgnition\\Exceptions\\ViewException(code: 0): Missing required parameter for [Route: historial-importaciones.excel] [URI: historial-importaciones/{transaction}/excel] [Missing parameter: transaction]. at D:\\PROYECTOS\\IMPORTACIONES RAMIREZ\\ERP-RAMIREZ\\vendor\\laravel\\framework\\src\\Illuminate\\Routing\\Exceptions\\UrlGenerationException.php:35)
[stacktrace]
#0 D:\\PROYECTOS\\IMPORTACIONES RAMIREZ\\ERP-RAMIREZ\\vendor\\laravel\\framework\\src\\Illuminate\\Routing\\RouteUrlGenerator.php(90): Illuminate\\Routing\\Exceptions\\UrlGenerationException::forMissingParameters(Object(Illuminate\\Routing\\Route), Array)
#1 D:\\PROYECTOS\\IMPORTACIONES RAMIREZ\\ERP-RAMIREZ\\vendor\\laravel\\framework\\src\\Illuminate\\Routing\\UrlGenerator.php(492): Illuminate\\Routing\\RouteUrlGenerator->to(Object(Illuminate\\Routing\\Route), Array, true)
#2 D:\\PROYECTOS\\IMPORTACIONES RAMIREZ\\ERP-RAMIREZ\\vendor\\laravel\\framework\\src\\Illuminate\\Routing\\UrlGenerator.php(464): Illuminate\\Routing\\UrlGenerator->toRoute(Object(Illuminate\\Routing\\Route), Array, true)
#3 D:\\PROYECTOS\\IMPORTACIONES RAMIREZ\\ERP-RAMIREZ\\vendor\\laravel\\framework\\src\\Illuminate\\Foundation\\helpers.php(826): Illuminate\\Routing\\UrlGenerator->route('historial-impor...', Array, true)
#4 D:\\PROYECTOS\\IMPORTACIONES RAMIREZ\\ERP-RAMIREZ\\resources\\views\\purchase\\importaciones\\index.blade.php(88): route('historial-impor...', Array)
#5 D:\\PROYECTOS\\IMPORTACIONES RAMIREZ\\ERP-RAMIREZ\\vendor\\laravel\\framework\\src\\Illuminate\\Filesystem\\Filesystem.php(109): require('D:\\\\PROYECTOS\\\\IM...')
#6 D:\\PROYECTOS\\IMPORTACIONES RAMIREZ\\ERP-RAMIREZ\\vendor\\laravel\\framework\\src\\Illuminate\\Filesystem\\Filesystem.php(110): Illuminate\\Filesystem\\Filesystem::Illuminate\\Filesystem\\{closure}()
#7 D:\\PROYECTOS\\IMPORTACIONES RAMIREZ\\ERP-RAMIREZ\\vendor\\laravel\\framework\\src\\Illuminate\\View\\Engines\\PhpEngine.php(58): Illuminate\\Filesystem\\Filesystem->getRequire('D:\\\\PROYECTOS\\\\IM...', Array)
#8 D:\\PROYECTOS\\IMPORTACIONES RAMIREZ\\ERP-RAMIREZ\\vendor\\laravel\\framework\\src\\Illuminate\\View\\Engines\\CompilerEngine.php(70): Illuminate\\View\\Engines\\PhpEngine->evaluatePath('D:\\\\PROYECTOS\\\\IM...', Array)
#9 D:\\PROYECTOS\\IMPORTACIONES RAMIREZ\\ERP-RAMIREZ\\vendor\\laravel\\framework\\src\\Illuminate\\View\\View.php(195): Illuminate\\View\\Engines\\CompilerEngine->get('D:\\\\PROYECTOS\\\\IM...', Array)
#10 D:\\PROYECTOS\\IMPORTACIONES RAMIREZ\\ERP-RAMIREZ\\vendor\\laravel\\framework\\src\\Illuminate\\View\\View.php(178): Illuminate\\View\\View->getContents()
#11 D:\\PROYECTOS\\IMPORTACIONES RAMIREZ\\ERP-RAMIREZ\\vendor\\laravel\\framework\\src\\Illuminate\\View\\View.php(147): Illuminate\\View\\View->renderContents()
#12 D:\\PROYECTOS\\IMPORTACIONES RAMIREZ\\ERP-RAMIREZ\\vendor\\laravel\\framework\\src\\Illuminate\\Http\\Response.php(69): Illuminate\\View\\View->render()
#13 D:\\PROYECTOS\\IMPORTACIONES RAMIREZ\\ERP-RAMIREZ\\vendor\\laravel\\framework\\src\\Illuminate\\Http\\Response.php(35): Illuminate\\Http\\Response->setContent(Object(Illuminate\\View\\View))
#14 D:\\PROYECTOS\\IMPORTACIONES RAMIREZ\\ERP-RAMIREZ\\vendor\\laravel\\framework\\src\\Illuminate\\Routing\\Router.php(906): Illuminate\\Http\\Response->__construct(Object(Illuminate\\View\\View), 200, Array)
#15 D:\\PROYECTOS\\IMPORTACIONES RAMIREZ\\ERP-RAMIREZ\\vendor\\laravel\\framework\\src\\Illuminate\\Routing\\Router.php(875): Illuminate\\Routing\\Router::toResponse(Object(Illuminate\\Http\\Request), Object(Illuminate\\View\\View))
#16 D:\\PROYECTOS\\IMPORTACIONES RAMIREZ\\ERP-RAMIREZ\\vendor\\laravel\\framework\\src\\Illuminate\\Routing\\Router.php(797): Illuminate\\Routing\\Router->prepareResponse(Object(Illuminate\\Http\\Request), Object(Illuminate\\View\\View))
#17 D:\\PROYECTOS\\IMPORTACIONES RAMIREZ\\ERP-RAMIREZ\\vendor\\laravel\\framework\\src\\Illuminate\\Pipeline\\Pipeline.php(141): Illuminate\\Routing\\Router->Illuminate\\Routing\\{closure}(Object(Illuminate\\Http\\Request))
#18 D:\\PROYECTOS\\IMPORTACIONES RAMIREZ\\ERP-RAMIREZ\\app\\Http\\Middleware\\CheckUserLogin.php(22): Illuminate\\Pipeline\\Pipeline->Illuminate\\Pipeline\\{closure}(Object(Illuminate\\Http\\Request))
#19 D:\\PROYECTOS\\IMPORTACIONES RAMIREZ\\ERP-RAMIREZ\\vendor\\laravel\\framework\\src\\Illuminate\\Pipeline\\Pipeline.php(180): App\\Http\\Middleware\\CheckUserLogin->handle(Object(Illuminate\\Http\\Request), Object(Closure))
#20 D:\\PROYECTOS\\IMPORTACIONES RAMIREZ\\ERP-RAMIREZ\\app\\Http\\Middleware\\AdminSidebarMenu.php(906): Illuminate\\Pipeline\\Pipeline->Illuminate\\Pipeline\\{closure}(Object(Illuminate\\Http\\Request))
#21 D:\\PROYECTOS\\IMPORTACIONES RAMIREZ\\ERP-RAMIREZ\\vendor\\laravel\\framework\\src\\Illuminate\\Pipeline\\Pipeline.php(180): App\\Http\\Middleware\\AdminSidebarMenu->handle(Object(Illuminate\\Http\\Request), Object(Closure))
#22 D:\\PROYECTOS\\IMPORTACIONES RAMIREZ\\ERP-RAMIREZ\\app\\Http\\Middleware\\Timezone.php(30): Illuminate\\Pipeline\\Pipeline->Illuminate\\Pipeline\\{closure}(Object(Illuminate\\Http\\Request))
#23 D:\\PROYECTOS\\IMPORTACIONES RAMIREZ\\ERP-RAMIREZ\\vendor\\laravel\\framework\\src\\Illuminate\\Pipeline\\Pipeline.php(180): App\\Http\\Middleware\\Timezone->handle(Object(Illuminate\\Http\\Request), Object(Closure))
#24 D:\\PROYECTOS\\IMPORTACIONES RAMIREZ\\ERP-RAMIREZ\\app\\Http\\Middleware\\Language.php(25): Illuminate\\Pipeline\\Pipeline->Illuminate\\Pipeline\\{closure}(Object(Illuminate\\Http\\Request))
#25 D:\\PROYECTOS\\IMPORTACIONES RAMIREZ\\ERP-RAMIREZ\\vendor\\laravel\\framework\\src\\Illuminate\\Pipeline\\Pipeline.php(180): App\\Http\\Middleware\\Language->handle(Object(Illuminate\\Http\\Request), Object(Closure))
#26 D:\\PROYECTOS\\IMPORTACIONES RAMIREZ\\ERP-RAMIREZ\\app\\Http\\Middleware\\SetSessionData.php(52): Illuminate\\Pipeline\\Pipeline->Illuminate\\Pipeline\\{closure}(Object(Illuminate\\Http\\Request))
#27 D:\\PROYECTOS\\IMPORTACIONES RAMIREZ\\ERP-RAMIREZ\\vendor\\laravel\\framework\\src\\Illuminate\\Pipeline\\Pipeline.php(180): App\\Http\\Middleware\\SetSessionData->handle(Object(Illuminate\\Http\\Request), Object(Closure))
#28 D:\\PROYECTOS\\IMPORTACIONES RAMIREZ\\ERP-RAMIREZ\\app\\Http\\Middleware\\IsInstalled.php(50): Illuminate\\Pipeline\\Pipeline->Illuminate\\Pipeline\\{closure}(Object(Illuminate\\Http\\Request))
#29 D:\\PROYECTOS\\IMPORTACIONES RAMIREZ\\ERP-RAMIREZ\\vendor\\laravel\\framework\\src\\Illuminate\\Pipeline\\Pipeline.php(180): App\\Http\\Middleware\\IsInstalled->handle(Object(Illuminate\\Http\\Request), Object(Closure))
#30 D:\\PROYECTOS\\IMPORTACIONES RAMIREZ\\ERP-RAMIREZ\\vendor\\laravel\\framework\\src\\Illuminate\\Routing\\Middleware\\SubstituteBindings.php(50): Illuminate\\Pipeline\\Pipeline->Illuminate\\Pipeline\\{closure}(Object(Illuminate\\Http\\Request))
#31 D:\\PROYECTOS\\IMPORTACIONES RAMIREZ\\ERP-RAMIREZ\\vendor\\laravel\\framework\\src\\Illuminate\\Pipeline\\Pipeline.php(180): Illuminate\\Routing\\Middleware\\SubstituteBindings->handle(Object(Illuminate\\Http\\Request), Object(Closure))
#32 D:\\PROYECTOS\\IMPORTACIONES RAMIREZ\\ERP-RAMIREZ\\vendor\\laravel\\framework\\src\\Illuminate\\Auth\\Middleware\\Authenticate.php(44): Illuminate\\Pipeline\\Pipeline->Illuminate\\Pipeline\\{closure}(Object(Illuminate\\Http\\Request))
#33 D:\\PROYECTOS\\IMPORTACIONES RAMIREZ\\ERP-RAMIREZ\\vendor\\laravel\\framework\\src\\Illuminate\\Pipeline\\Pipeline.php(180): Illuminate\\Auth\\Middleware\\Authenticate->handle(Object(Illuminate\\Http\\Request), Object(Closure))
#34 D:\\PROYECTOS\\IMPORTACIONES RAMIREZ\\ERP-RAMIREZ\\vendor\\laravel\\framework\\src\\Illuminate\\Foundation\\Http\\Middleware\\VerifyCsrfToken.php(78): Illuminate\\Pipeline\\Pipeline->Illuminate\\Pipeline\\{closure}(Object(Illuminate\\Http\\Request))
#35 D:\\PROYECTOS\\IMPORTACIONES RAMIREZ\\ERP-RAMIREZ\\vendor\\laravel\\framework\\src\\Illuminate\\Pipeline\\Pipeline.php(180): Illuminate\\Foundation\\Http\\Middleware\\VerifyCsrfToken->handle(Object(Illuminate\\Http\\Request), Object(Closure))
#36 D:\\PROYECTOS\\IMPORTACIONES RAMIREZ\\ERP-RAMIREZ\\vendor\\laravel\\framework\\src\\Illuminate\\View\\Middleware\\ShareErrorsFromSession.php(49): Illuminate\\Pipeline\\Pipeline->Illuminate\\Pipeline\\{closure}(Object(Illuminate\\Http\\Request))
#37 D:\\PROYECTOS\\IMPORTACIONES RAMIREZ\\ERP-RAMIREZ\\vendor\\laravel\\framework\\src\\Illuminate\\Pipeline\\Pipeline.php(180): Illuminate\\View\\Middleware\\ShareErrorsFromSession->handle(Object(Illuminate\\Http\\Request), Object(Closure))
#38 D:\\PROYECTOS\\IMPORTACIONES RAMIREZ\\ERP-RAMIREZ\\vendor\\laravel\\framework\\src\\Illuminate\\Session\\Middleware\\StartSession.php(121): Illuminate\\Pipeline\\Pipeline->Illuminate\\Pipeline\\{closure}(Object(Illuminate\\Http\\Request))
#39 D:\\PROYECTOS\\IMPORTACIONES RAMIREZ\\ERP-RAMIREZ\\vendor\\laravel\\framework\\src\\Illuminate\\Session\\Middleware\\StartSession.php(64): Illuminate\\Session\\Middleware\\StartSession->handleStatefulRequest(Object(Illuminate\\Http\\Request), Object(Illuminate\\Session\\Store), Object(Closure))
#40 D:\\PROYECTOS\\IMPORTACIONES RAMIREZ\\ERP-RAMIREZ\\vendor\\laravel\\framework\\src\\Illuminate\\Pipeline\\Pipeline.php(180): Illuminate\\Session\\Middleware\\StartSession->handle(Object(Illuminate\\Http\\Request), Object(Closure))
#41 D:\\PROYECTOS\\IMPORTACIONES RAMIREZ\\ERP-RAMIREZ\\vendor\\laravel\\framework\\src\\Illuminate\\Cookie\\Middleware\\AddQueuedCookiesToResponse.php(37): Illuminate\\Pipeline\\Pipeline->Illuminate\\Pipeline\\{closure}(Object(Illuminate\\Http\\Request))
#42 D:\\PROYECTOS\\IMPORTACIONES RAMIREZ\\ERP-RAMIREZ\\vendor\\laravel\\framework\\src\\Illuminate\\Pipeline\\Pipeline.php(180): Illuminate\\Cookie\\Middleware\\AddQueuedCookiesToResponse->handle(Object(Illuminate\\Http\\Request), Object(Closure))
#43 D:\\PROYECTOS\\IMPORTACIONES RAMIREZ\\ERP-RAMIREZ\\vendor\\laravel\\framework\\src\\Illuminate\\Cookie\\Middleware\\EncryptCookies.php(67): Illuminate\\Pipeline\\Pipeline->Illuminate\\Pipeline\\{closure}(Object(Illuminate\\Http\\Request))
#44 D:\\PROYECTOS\\IMPORTACIONES RAMIREZ\\ERP-RAMIREZ\\vendor\\laravel\\framework\\src\\Illuminate\\Pipeline\\Pipeline.php(180): Illuminate\\Cookie\\Middleware\\EncryptCookies->handle(Object(Illuminate\\Http\\Request), Object(Closure))
#45 D:\\PROYECTOS\\IMPORTACIONES RAMIREZ\\ERP-RAMIREZ\\vendor\\laravel\\framework\\src\\Illuminate\\Pipeline\\Pipeline.php(116): Illuminate\\Pipeline\\Pipeline->Illuminate\\Pipeline\\{closure}(Object(Illuminate\\Http\\Request))
#46 D:\\PROYECTOS\\IMPORTACIONES RAMIREZ\\ERP-RAMIREZ\\vendor\\laravel\\framework\\src\\Illuminate\\Routing\\Router.php(797): Illuminate\\Pipeline\\Pipeline->then(Object(Closure))
#47 D:\\PROYECTOS\\IMPORTACIONES RAMIREZ\\ERP-RAMIREZ\\vendor\\laravel\\framework\\src\\Illuminate\\Routing\\Router.php(776): Illuminate\\Routing\\Router->runRouteWithinStack(Object(Illuminate\\Routing\\Route), Object(Illuminate\\Http\\Request))
#48 D:\\PROYECTOS\\IMPORTACIONES RAMIREZ\\ERP-RAMIREZ\\vendor\\laravel\\framework\\src\\Illuminate\\Routing\\Router.php(740): Illuminate\\Routing\\Router->runRoute(Object(Illuminate\\Http\\Request), Object(Illuminate\\Routing\\Route))
#49 D:\\PROYECTOS\\IMPORTACIONES RAMIREZ\\ERP-RAMIREZ\\vendor\\laravel\\framework\\src\\Illuminate\\Routing\\Router.php(729): Illuminate\\Routing\\Router->dispatchToRoute(Object(Illuminate\\Http\\Request))
#50 D:\\PROYECTOS\\IMPORTACIONES RAMIREZ\\ERP-RAMIREZ\\vendor\\laravel\\framework\\src\\Illuminate\\Foundation\\Http\\Kernel.php(190): Illuminate\\Routing\\Router->dispatch(Object(Illuminate\\Http\\Request))
#51 D:\\PROYECTOS\\IMPORTACIONES RAMIREZ\\ERP-RAMIREZ\\vendor\\laravel\\framework\\src\\Illuminate\\Pipeline\\Pipeline.php(141): Illuminate\\Foundation\\Http\\Kernel->Illuminate\\Foundation\\Http\\{closure}(Object(Illuminate\\Http\\Request))
#52 D:\\PROYECTOS\\IMPORTACIONES RAMIREZ\\ERP-RAMIREZ\\vendor\\barryvdh\\laravel-debugbar\\src\\Middleware\\InjectDebugbar.php(59): Illuminate\\Pipeline\\Pipeline->Illuminate\\Pipeline\\{closure}(Object(Illuminate\\Http\\Request))
#53 D:\\PROYECTOS\\IMPORTACIONES RAMIREZ\\ERP-RAMIREZ\\vendor\\laravel\\framework\\src\\Illuminate\\Pipeline\\Pipeline.php(180): Barryvdh\\Debugbar\\Middleware\\InjectDebugbar->handle(Object(Illuminate\\Http\\Request), Object(Closure))
#54 D:\\PROYECTOS\\IMPORTACIONES RAMIREZ\\ERP-RAMIREZ\\vendor\\laravel\\framework\\src\\Illuminate\\Foundation\\Http\\Middleware\\TransformsRequest.php(21): Illuminate\\Pipeline\\Pipeline->Illuminate\\Pipeline\\{closure}(Object(Illuminate\\Http\\Request))
#55 D:\\PROYECTOS\\IMPORTACIONES RAMIREZ\\ERP-RAMIREZ\\vendor\\laravel\\framework\\src\\Illuminate\\Foundation\\Http\\Middleware\\ConvertEmptyStringsToNull.php(31): Illuminate\\Foundation\\Http\\Middleware\\TransformsRequest->handle(Object(Illuminate\\Http\\Request), Object(Closure))
#56 D:\\PROYECTOS\\IMPORTACIONES RAMIREZ\\ERP-RAMIREZ\\vendor\\laravel\\framework\\src\\Illuminate\\Pipeline\\Pipeline.php(180): Illuminate\\Foundation\\Http\\Middleware\\ConvertEmptyStringsToNull->handle(Object(Illuminate\\Http\\Request), Object(Closure))
#57 D:\\PROYECTOS\\IMPORTACIONES RAMIREZ\\ERP-RAMIREZ\\vendor\\laravel\\framework\\src\\Illuminate\\Foundation\\Http\\Middleware\\TransformsRequest.php(21): Illuminate\\Pipeline\\Pipeline->Illuminate\\Pipeline\\{closure}(Object(Illuminate\\Http\\Request))
#58 D:\\PROYECTOS\\IMPORTACIONES RAMIREZ\\ERP-RAMIREZ\\vendor\\laravel\\framework\\src\\Illuminate\\Foundation\\Http\\Middleware\\TrimStrings.php(40): Illuminate\\Foundation\\Http\\Middleware\\TransformsRequest->handle(Object(Illuminate\\Http\\Request), Object(Closure))
#59 D:\\PROYECTOS\\IMPORTACIONES RAMIREZ\\ERP-RAMIREZ\\vendor\\laravel\\framework\\src\\Illuminate\\Pipeline\\Pipeline.php(180): Illuminate\\Foundation\\Http\\Middleware\\TrimStrings->handle(Object(Illuminate\\Http\\Request), Object(Closure))
#60 D:\\PROYECTOS\\IMPORTACIONES RAMIREZ\\ERP-RAMIREZ\\vendor\\laravel\\framework\\src\\Illuminate\\Foundation\\Http\\Middleware\\ValidatePostSize.php(27): Illuminate\\Pipeline\\Pipeline->Illuminate\\Pipeline\\{closure}(Object(Illuminate\\Http\\Request))
#61 D:\\PROYECTOS\\IMPORTACIONES RAMIREZ\\ERP-RAMIREZ\\vendor\\laravel\\framework\\src\\Illuminate\\Pipeline\\Pipeline.php(180): Illuminate\\Foundation\\Http\\Middleware\\ValidatePostSize->handle(Object(Illuminate\\Http\\Request), Object(Closure))
#62 D:\\PROYECTOS\\IMPORTACIONES RAMIREZ\\ERP-RAMIREZ\\vendor\\laravel\\framework\\src\\Illuminate\\Foundation\\Http\\Middleware\\PreventRequestsDuringMaintenance.php(86): Illuminate\\Pipeline\\Pipeline->Illuminate\\Pipeline\\{closure}(Object(Illuminate\\Http\\Request))
#63 D:\\PROYECTOS\\IMPORTACIONES RAMIREZ\\ERP-RAMIREZ\\vendor\\laravel\\framework\\src\\Illuminate\\Pipeline\\Pipeline.php(180): Illuminate\\Foundation\\Http\\Middleware\\PreventRequestsDuringMaintenance->handle(Object(Illuminate\\Http\\Request), Object(Closure))
#64 D:\\PROYECTOS\\IMPORTACIONES RAMIREZ\\ERP-RAMIREZ\\vendor\\laravel\\framework\\src\\Illuminate\\Http\\Middleware\\HandleCors.php(49): Illuminate\\Pipeline\\Pipeline->Illuminate\\Pipeline\\{closure}(Object(Illuminate\\Http\\Request))
#65 D:\\PROYECTOS\\IMPORTACIONES RAMIREZ\\ERP-RAMIREZ\\vendor\\laravel\\framework\\src\\Illuminate\\Pipeline\\Pipeline.php(180): Illuminate\\Http\\Middleware\\HandleCors->handle(Object(Illuminate\\Http\\Request), Object(Closure))
#66 D:\\PROYECTOS\\IMPORTACIONES RAMIREZ\\ERP-RAMIREZ\\vendor\\laravel\\framework\\src\\Illuminate\\Http\\Middleware\\TrustProxies.php(39): Illuminate\\Pipeline\\Pipeline->Illuminate\\Pipeline\\{closure}(Object(Illuminate\\Http\\Request))
#67 D:\\PROYECTOS\\IMPORTACIONES RAMIREZ\\ERP-RAMIREZ\\vendor\\laravel\\framework\\src\\Illuminate\\Pipeline\\Pipeline.php(180): Illuminate\\Http\\Middleware\\TrustProxies->handle(Object(Illuminate\\Http\\Request), Object(Closure))
#68 D:\\PROYECTOS\\IMPORTACIONES RAMIREZ\\ERP-RAMIREZ\\vendor\\laravel\\framework\\src\\Illuminate\\Pipeline\\Pipeline.php(116): Illuminate\\Pipeline\\Pipeline->Illuminate\\Pipeline\\{closure}(Object(Illuminate\\Http\\Request))
#69 D:\\PROYECTOS\\IMPORTACIONES RAMIREZ\\ERP-RAMIREZ\\vendor\\laravel\\framework\\src\\Illuminate\\Foundation\\Http\\Kernel.php(165): Illuminate\\Pipeline\\Pipeline->then(Object(Closure))
#70 D:\\PROYECTOS\\IMPORTACIONES RAMIREZ\\ERP-RAMIREZ\\vendor\\laravel\\framework\\src\\Illuminate\\Foundation\\Http\\Kernel.php(134): Illuminate\\Foundation\\Http\\Kernel->sendRequestThroughRouter(Object(Illuminate\\Http\\Request))
#71 D:\\PROYECTOS\\IMPORTACIONES RAMIREZ\\ERP-RAMIREZ\\public\\index.php(51): Illuminate\\Foundation\\Http\\Kernel->handle(Object(Illuminate\\Http\\Request))
#72 D:\\PROYECTOS\\IMPORTACIONES RAMIREZ\\ERP-RAMIREZ\\vendor\\laravel\\framework\\src\\Illuminate\\Foundation\\resources\\server.php(16): require_once('D:\\\\PROYECTOS\\\\IM...')
#73 {main}

[previous exception] [object] (Illuminate\\Routing\\Exceptions\\UrlGenerationException(code: 0): Missing required parameter for [Route: historial-importaciones.excel] [URI: historial-importaciones/{transaction}/excel] [Missing parameter: transaction]. at D:\\PROYECTOS\\IMPORTACIONES RAMIREZ\\ERP-RAMIREZ\\vendor\\laravel\\framework\\src\\Illuminate\\Routing\\Exceptions\\UrlGenerationException.php:35)
[stacktrace]
#0 D:\\PROYECTOS\\IMPORTACIONES RAMIREZ\\ERP-RAMIREZ\\vendor\\laravel\\framework\\src\\Illuminate\\Routing\\RouteUrlGenerator.php(90): Illuminate\\Routing\\Exceptions\\UrlGenerationException::forMissingParameters(Object(Illuminate\\Routing\\Route), Array)
#1 D:\\PROYECTOS\\IMPORTACIONES RAMIREZ\\ERP-RAMIREZ\\vendor\\laravel\\framework\\src\\Illuminate\\Routing\\UrlGenerator.php(492): Illuminate\\Routing\\RouteUrlGenerator->to(Object(Illuminate\\Routing\\Route), Array, true)
#2 D:\\PROYECTOS\\IMPORTACIONES RAMIREZ\\ERP-RAMIREZ\\vendor\\laravel\\framework\\src\\Illuminate\\Routing\\UrlGenerator.php(464): Illuminate\\Routing\\UrlGenerator->toRoute(Object(Illuminate\\Routing\\Route), Array, true)
#3 D:\\PROYECTOS\\IMPORTACIONES RAMIREZ\\ERP-RAMIREZ\\vendor\\laravel\\framework\\src\\Illuminate\\Foundation\\helpers.php(826): Illuminate\\Routing\\UrlGenerator->route('historial-impor...', Array, true)
#4 D:\\PROYECTOS\\IMPORTACIONES RAMIREZ\\ERP-RAMIREZ\\storage\\framework\\views\\dc6f0818c41a1e845a314568edf6dc99a1727aa6.php(89): route('historial-impor...', Array)
#5 D:\\PROYECTOS\\IMPORTACIONES RAMIREZ\\ERP-RAMIREZ\\vendor\\laravel\\framework\\src\\Illuminate\\Filesystem\\Filesystem.php(109): require('D:\\\\PROYECTOS\\\\IM...')
#6 D:\\PROYECTOS\\IMPORTACIONES RAMIREZ\\ERP-RAMIREZ\\vendor\\laravel\\framework\\src\\Illuminate\\Filesystem\\Filesystem.php(110): Illuminate\\Filesystem\\Filesystem::Illuminate\\Filesystem\\{closure}()
#7 D:\\PROYECTOS\\IMPORTACIONES RAMIREZ\\ERP-RAMIREZ\\vendor\\laravel\\framework\\src\\Illuminate\\View\\Engines\\PhpEngine.php(58): Illuminate\\Filesystem\\Filesystem->getRequire('D:\\\\PROYECTOS\\\\IM...', Array)
#8 D:\\PROYECTOS\\IMPORTACIONES RAMIREZ\\ERP-RAMIREZ\\vendor\\laravel\\framework\\src\\Illuminate\\View\\Engines\\CompilerEngine.php(70): Illuminate\\View\\Engines\\PhpEngine->evaluatePath('D:\\\\PROYECTOS\\\\IM...', Array)
#9 D:\\PROYECTOS\\IMPORTACIONES RAMIREZ\\ERP-RAMIREZ\\vendor\\laravel\\framework\\src\\Illuminate\\View\\View.php(195): Illuminate\\View\\Engines\\CompilerEngine->get('D:\\\\PROYECTOS\\\\IM...', Array)
#10 D:\\PROYECTOS\\IMPORTACIONES RAMIREZ\\ERP-RAMIREZ\\vendor\\laravel\\framework\\src\\Illuminate\\View\\View.php(178): Illuminate\\View\\View->getContents()
#11 D:\\PROYECTOS\\IMPORTACIONES RAMIREZ\\ERP-RAMIREZ\\vendor\\laravel\\framework\\src\\Illuminate\\View\\View.php(147): Illuminate\\View\\View->renderContents()
#12 D:\\PROYECTOS\\IMPORTACIONES RAMIREZ\\ERP-RAMIREZ\\vendor\\laravel\\framework\\src\\Illuminate\\Http\\Response.php(69): Illuminate\\View\\View->render()
#13 D:\\PROYECTOS\\IMPORTACIONES RAMIREZ\\ERP-RAMIREZ\\vendor\\laravel\\framework\\src\\Illuminate\\Http\\Response.php(35): Illuminate\\Http\\Response->setContent(Object(Illuminate\\View\\View))
#14 D:\\PROYECTOS\\IMPORTACIONES RAMIREZ\\ERP-RAMIREZ\\vendor\\laravel\\framework\\src\\Illuminate\\Routing\\Router.php(906): Illuminate\\Http\\Response->__construct(Object(Illuminate\\View\\View), 200, Array)
#15 D:\\PROYECTOS\\IMPORTACIONES RAMIREZ\\ERP-RAMIREZ\\vendor\\laravel\\framework\\src\\Illuminate\\Routing\\Router.php(875): Illuminate\\Routing\\Router::toResponse(Object(Illuminate\\Http\\Request), Object(Illuminate\\View\\View))
#16 D:\\PROYECTOS\\IMPORTACIONES RAMIREZ\\ERP-RAMIREZ\\vendor\\laravel\\framework\\src\\Illuminate\\Routing\\Router.php(797): Illuminate\\Routing\\Router->prepareResponse(Object(Illuminate\\Http\\Request), Object(Illuminate\\View\\View))
#17 D:\\PROYECTOS\\IMPORTACIONES RAMIREZ\\ERP-RAMIREZ\\vendor\\laravel\\framework\\src\\Illuminate\\Pipeline\\Pipeline.php(141): Illuminate\\Routing\\Router->Illuminate\\Routing\\{closure}(Object(Illuminate\\Http\\Request))
#18 D:\\PROYECTOS\\IMPORTACIONES RAMIREZ\\ERP-RAMIREZ\\app\\Http\\Middleware\\CheckUserLogin.php(22): Illuminate\\Pipeline\\Pipeline->Illuminate\\Pipeline\\{closure}(Object(Illuminate\\Http\\Request))
#19 D:\\PROYECTOS\\IMPORTACIONES RAMIREZ\\ERP-RAMIREZ\\vendor\\laravel\\framework\\src\\Illuminate\\Pipeline\\Pipeline.php(180): App\\Http\\Middleware\\CheckUserLogin->handle(Object(Illuminate\\Http\\Request), Object(Closure))
#20 D:\\PROYECTOS\\IMPORTACIONES RAMIREZ\\ERP-RAMIREZ\\app\\Http\\Middleware\\AdminSidebarMenu.php(906): Illuminate\\Pipeline\\Pipeline->Illuminate\\Pipeline\\{closure}(Object(Illuminate\\Http\\Request))
#21 D:\\PROYECTOS\\IMPORTACIONES RAMIREZ\\ERP-RAMIREZ\\vendor\\laravel\\framework\\src\\Illuminate\\Pipeline\\Pipeline.php(180): App\\Http\\Middleware\\AdminSidebarMenu->handle(Object(Illuminate\\Http\\Request), Object(Closure))
#22 D:\\PROYECTOS\\IMPORTACIONES RAMIREZ\\ERP-RAMIREZ\\app\\Http\\Middleware\\Timezone.php(30): Illuminate\\Pipeline\\Pipeline->Illuminate\\Pipeline\\{closure}(Object(Illuminate\\Http\\Request))
#23 D:\\PROYECTOS\\IMPORTACIONES RAMIREZ\\ERP-RAMIREZ\\vendor\\laravel\\framework\\src\\Illuminate\\Pipeline\\Pipeline.php(180): App\\Http\\Middleware\\Timezone->handle(Object(Illuminate\\Http\\Request), Object(Closure))
#24 D:\\PROYECTOS\\IMPORTACIONES RAMIREZ\\ERP-RAMIREZ\\app\\Http\\Middleware\\Language.php(25): Illuminate\\Pipeline\\Pipeline->Illuminate\\Pipeline\\{closure}(Object(Illuminate\\Http\\Request))
#25 D:\\PROYECTOS\\IMPORTACIONES RAMIREZ\\ERP-RAMIREZ\\vendor\\laravel\\framework\\src\\Illuminate\\Pipeline\\Pipeline.php(180): App\\Http\\Middleware\\Language->handle(Object(Illuminate\\Http\\Request), Object(Closure))
#26 D:\\PROYECTOS\\IMPORTACIONES RAMIREZ\\ERP-RAMIREZ\\app\\Http\\Middleware\\SetSessionData.php(52): Illuminate\\Pipeline\\Pipeline->Illuminate\\Pipeline\\{closure}(Object(Illuminate\\Http\\Request))
#27 D:\\PROYECTOS\\IMPORTACIONES RAMIREZ\\ERP-RAMIREZ\\vendor\\laravel\\framework\\src\\Illuminate\\Pipeline\\Pipeline.php(180): App\\Http\\Middleware\\SetSessionData->handle(Object(Illuminate\\Http\\Request), Object(Closure))
#28 D:\\PROYECTOS\\IMPORTACIONES RAMIREZ\\ERP-RAMIREZ\\app\\Http\\Middleware\\IsInstalled.php(50): Illuminate\\Pipeline\\Pipeline->Illuminate\\Pipeline\\{closure}(Object(Illuminate\\Http\\Request))
#29 D:\\PROYECTOS\\IMPORTACIONES RAMIREZ\\ERP-RAMIREZ\\vendor\\laravel\\framework\\src\\Illuminate\\Pipeline\\Pipeline.php(180): App\\Http\\Middleware\\IsInstalled->handle(Object(Illuminate\\Http\\Request), Object(Closure))
#30 D:\\PROYECTOS\\IMPORTACIONES RAMIREZ\\ERP-RAMIREZ\\vendor\\laravel\\framework\\src\\Illuminate\\Routing\\Middleware\\SubstituteBindings.php(50): Illuminate\\Pipeline\\Pipeline->Illuminate\\Pipeline\\{closure}(Object(Illuminate\\Http\\Request))
#31 D:\\PROYECTOS\\IMPORTACIONES RAMIREZ\\ERP-RAMIREZ\\vendor\\laravel\\framework\\src\\Illuminate\\Pipeline\\Pipeline.php(180): Illuminate\\Routing\\Middleware\\SubstituteBindings->handle(Object(Illuminate\\Http\\Request), Object(Closure))
#32 D:\\PROYECTOS\\IMPORTACIONES RAMIREZ\\ERP-RAMIREZ\\vendor\\laravel\\framework\\src\\Illuminate\\Auth\\Middleware\\Authenticate.php(44): Illuminate\\Pipeline\\Pipeline->Illuminate\\Pipeline\\{closure}(Object(Illuminate\\Http\\Request))
#33 D:\\PROYECTOS\\IMPORTACIONES RAMIREZ\\ERP-RAMIREZ\\vendor\\laravel\\framework\\src\\Illuminate\\Pipeline\\Pipeline.php(180): Illuminate\\Auth\\Middleware\\Authenticate->handle(Object(Illuminate\\Http\\Request), Object(Closure))
#34 D:\\PROYECTOS\\IMPORTACIONES RAMIREZ\\ERP-RAMIREZ\\vendor\\laravel\\framework\\src\\Illuminate\\Foundation\\Http\\Middleware\\VerifyCsrfToken.php(78): Illuminate\\Pipeline\\Pipeline->Illuminate\\Pipeline\\{closure}(Object(Illuminate\\Http\\Request))
#35 D:\\PROYECTOS\\IMPORTACIONES RAMIREZ\\ERP-RAMIREZ\\vendor\\laravel\\framework\\src\\Illuminate\\Pipeline\\Pipeline.php(180): Illuminate\\Foundation\\Http\\Middleware\\VerifyCsrfToken->handle(Object(Illuminate\\Http\\Request), Object(Closure))
#36 D:\\PROYECTOS\\IMPORTACIONES RAMIREZ\\ERP-RAMIREZ\\vendor\\laravel\\framework\\src\\Illuminate\\View\\Middleware\\ShareErrorsFromSession.php(49): Illuminate\\Pipeline\\Pipeline->Illuminate\\Pipeline\\{closure}(Object(Illuminate\\Http\\Request))
#37 D:\\PROYECTOS\\IMPORTACIONES RAMIREZ\\ERP-RAMIREZ\\vendor\\laravel\\framework\\src\\Illuminate\\Pipeline\\Pipeline.php(180): Illuminate\\View\\Middleware\\ShareErrorsFromSession->handle(Object(Illuminate\\Http\\Request), Object(Closure))
#38 D:\\PROYECTOS\\IMPORTACIONES RAMIREZ\\ERP-RAMIREZ\\vendor\\laravel\\framework\\src\\Illuminate\\Session\\Middleware\\StartSession.php(121): Illuminate\\Pipeline\\Pipeline->Illuminate\\Pipeline\\{closure}(Object(Illuminate\\Http\\Request))
#39 D:\\PROYECTOS\\IMPORTACIONES RAMIREZ\\ERP-RAMIREZ\\vendor\\laravel\\framework\\src\\Illuminate\\Session\\Middleware\\StartSession.php(64): Illuminate\\Session\\Middleware\\StartSession->handleStatefulRequest(Object(Illuminate\\Http\\Request), Object(Illuminate\\Session\\Store), Object(Closure))
#40 D:\\PROYECTOS\\IMPORTACIONES RAMIREZ\\ERP-RAMIREZ\\vendor\\laravel\\framework\\src\\Illuminate\\Pipeline\\Pipeline.php(180): Illuminate\\Session\\Middleware\\StartSession->handle(Object(Illuminate\\Http\\Request), Object(Closure))
#41 D:\\PROYECTOS\\IMPORTACIONES RAMIREZ\\ERP-RAMIREZ\\vendor\\laravel\\framework\\src\\Illuminate\\Cookie\\Middleware\\AddQueuedCookiesToResponse.php(37): Illuminate\\Pipeline\\Pipeline->Illuminate\\Pipeline\\{closure}(Object(Illuminate\\Http\\Request))
#42 D:\\PROYECTOS\\IMPORTACIONES RAMIREZ\\ERP-RAMIREZ\\vendor\\laravel\\framework\\src\\Illuminate\\Pipeline\\Pipeline.php(180): Illuminate\\Cookie\\Middleware\\AddQueuedCookiesToResponse->handle(Object(Illuminate\\Http\\Request), Object(Closure))
#43 D:\\PROYECTOS\\IMPORTACIONES RAMIREZ\\ERP-RAMIREZ\\vendor\\laravel\\framework\\src\\Illuminate\\Cookie\\Middleware\\EncryptCookies.php(67): Illuminate\\Pipeline\\Pipeline->Illuminate\\Pipeline\\{closure}(Object(Illuminate\\Http\\Request))
#44 D:\\PROYECTOS\\IMPORTACIONES RAMIREZ\\ERP-RAMIREZ\\vendor\\laravel\\framework\\src\\Illuminate\\Pipeline\\Pipeline.php(180): Illuminate\\Cookie\\Middleware\\EncryptCookies->handle(Object(Illuminate\\Http\\Request), Object(Closure))
#45 D:\\PROYECTOS\\IMPORTACIONES RAMIREZ\\ERP-RAMIREZ\\vendor\\laravel\\framework\\src\\Illuminate\\Pipeline\\Pipeline.php(116): Illuminate\\Pipeline\\Pipeline->Illuminate\\Pipeline\\{closure}(Object(Illuminate\\Http\\Request))
#46 D:\\PROYECTOS\\IMPORTACIONES RAMIREZ\\ERP-RAMIREZ\\vendor\\laravel\\framework\\src\\Illuminate\\Routing\\Router.php(797): Illuminate\\Pipeline\\Pipeline->then(Object(Closure))
#47 D:\\PROYECTOS\\IMPORTACIONES RAMIREZ\\ERP-RAMIREZ\\vendor\\laravel\\framework\\src\\Illuminate\\Routing\\Router.php(776): Illuminate\\Routing\\Router->runRouteWithinStack(Object(Illuminate\\Routing\\Route), Object(Illuminate\\Http\\Request))
#48 D:\\PROYECTOS\\IMPORTACIONES RAMIREZ\\ERP-RAMIREZ\\vendor\\laravel\\framework\\src\\Illuminate\\Routing\\Router.php(740): Illuminate\\Routing\\Router->runRoute(Object(Illuminate\\Http\\Request), Object(Illuminate\\Routing\\Route))
#49 D:\\PROYECTOS\\IMPORTACIONES RAMIREZ\\ERP-RAMIREZ\\vendor\\laravel\\framework\\src\\Illuminate\\Routing\\Router.php(729): Illuminate\\Routing\\Router->dispatchToRoute(Object(Illuminate\\Http\\Request))
#50 D:\\PROYECTOS\\IMPORTACIONES RAMIREZ\\ERP-RAMIREZ\\vendor\\laravel\\framework\\src\\Illuminate\\Foundation\\Http\\Kernel.php(190): Illuminate\\Routing\\Router->dispatch(Object(Illuminate\\Http\\Request))
#51 D:\\PROYECTOS\\IMPORTACIONES RAMIREZ\\ERP-RAMIREZ\\vendor\\laravel\\framework\\src\\Illuminate\\Pipeline\\Pipeline.php(141): Illuminate\\Foundation\\Http\\Kernel->Illuminate\\Foundation\\Http\\{closure}(Object(Illuminate\\Http\\Request))
#52 D:\\PROYECTOS\\IMPORTACIONES RAMIREZ\\ERP-RAMIREZ\\vendor\\barryvdh\\laravel-debugbar\\src\\Middleware\\InjectDebugbar.php(59): Illuminate\\Pipeline\\Pipeline->Illuminate\\Pipeline\\{closure}(Object(Illuminate\\Http\\Request))
#53 D:\\PROYECTOS\\IMPORTACIONES RAMIREZ\\ERP-RAMIREZ\\vendor\\laravel\\framework\\src\\Illuminate\\Pipeline\\Pipeline.php(180): Barryvdh\\Debugbar\\Middleware\\InjectDebugbar->handle(Object(Illuminate\\Http\\Request), Object(Closure))
#54 D:\\PROYECTOS\\IMPORTACIONES RAMIREZ\\ERP-RAMIREZ\\vendor\\laravel\\framework\\src\\Illuminate\\Foundation\\Http\\Middleware\\TransformsRequest.php(21): Illuminate\\Pipeline\\Pipeline->Illuminate\\Pipeline\\{closure}(Object(Illuminate\\Http\\Request))
#55 D:\\PROYECTOS\\IMPORTACIONES RAMIREZ\\ERP-RAMIREZ\\vendor\\laravel\\framework\\src\\Illuminate\\Foundation\\Http\\Middleware\\ConvertEmptyStringsToNull.php(31): Illuminate\\Foundation\\Http\\Middleware\\TransformsRequest->handle(Object(Illuminate\\Http\\Request), Object(Closure))
#56 D:\\PROYECTOS\\IMPORTACIONES RAMIREZ\\ERP-RAMIREZ\\vendor\\laravel\\framework\\src\\Illuminate\\Pipeline\\Pipeline.php(180): Illuminate\\Foundation\\Http\\Middleware\\ConvertEmptyStringsToNull->handle(Object(Illuminate\\Http\\Request), Object(Closure))
#57 D:\\PROYECTOS\\IMPORTACIONES RAMIREZ\\ERP-RAMIREZ\\vendor\\laravel\\framework\\src\\Illuminate\\Foundation\\Http\\Middleware\\TransformsRequest.php(21): Illuminate\\Pipeline\\Pipeline->Illuminate\\Pipeline\\{closure}(Object(Illuminate\\Http\\Request))
#58 D:\\PROYECTOS\\IMPORTACIONES RAMIREZ\\ERP-RAMIREZ\\vendor\\laravel\\framework\\src\\Illuminate\\Foundation\\Http\\Middleware\\TrimStrings.php(40): Illuminate\\Foundation\\Http\\Middleware\\TransformsRequest->handle(Object(Illuminate\\Http\\Request), Object(Closure))
#59 D:\\PROYECTOS\\IMPORTACIONES RAMIREZ\\ERP-RAMIREZ\\vendor\\laravel\\framework\\src\\Illuminate\\Pipeline\\Pipeline.php(180): Illuminate\\Foundation\\Http\\Middleware\\TrimStrings->handle(Object(Illuminate\\Http\\Request), Object(Closure))
#60 D:\\PROYECTOS\\IMPORTACIONES RAMIREZ\\ERP-RAMIREZ\\vendor\\laravel\\framework\\src\\Illuminate\\Foundation\\Http\\Middleware\\ValidatePostSize.php(27): Illuminate\\Pipeline\\Pipeline->Illuminate\\Pipeline\\{closure}(Object(Illuminate\\Http\\Request))
#61 D:\\PROYECTOS\\IMPORTACIONES RAMIREZ\\ERP-RAMIREZ\\vendor\\laravel\\framework\\src\\Illuminate\\Pipeline\\Pipeline.php(180): Illuminate\\Foundation\\Http\\Middleware\\ValidatePostSize->handle(Object(Illuminate\\Http\\Request), Object(Closure))
#62 D:\\PROYECTOS\\IMPORTACIONES RAMIREZ\\ERP-RAMIREZ\\vendor\\laravel\\framework\\src\\Illuminate\\Foundation\\Http\\Middleware\\PreventRequestsDuringMaintenance.php(86): Illuminate\\Pipeline\\Pipeline->Illuminate\\Pipeline\\{closure}(Object(Illuminate\\Http\\Request))
#63 D:\\PROYECTOS\\IMPORTACIONES RAMIREZ\\ERP-RAMIREZ\\vendor\\laravel\\framework\\src\\Illuminate\\Pipeline\\Pipeline.php(180): Illuminate\\Foundation\\Http\\Middleware\\PreventRequestsDuringMaintenance->handle(Object(Illuminate\\Http\\Request), Object(Closure))
#64 D:\\PROYECTOS\\IMPORTACIONES RAMIREZ\\ERP-RAMIREZ\\vendor\\laravel\\framework\\src\\Illuminate\\Http\\Middleware\\HandleCors.php(49): Illuminate\\Pipeline\\Pipeline->Illuminate\\Pipeline\\{closure}(Object(Illuminate\\Http\\Request))
#65 D:\\PROYECTOS\\IMPORTACIONES RAMIREZ\\ERP-RAMIREZ\\vendor\\laravel\\framework\\src\\Illuminate\\Pipeline\\Pipeline.php(180): Illuminate\\Http\\Middleware\\HandleCors->handle(Object(Illuminate\\Http\\Request), Object(Closure))
#66 D:\\PROYECTOS\\IMPORTACIONES RAMIREZ\\ERP-RAMIREZ\\vendor\\laravel\\framework\\src\\Illuminate\\Http\\Middleware\\TrustProxies.php(39): Illuminate\\Pipeline\\Pipeline->Illuminate\\Pipeline\\{closure}(Object(Illuminate\\Http\\Request))
#67 D:\\PROYECTOS\\IMPORTACIONES RAMIREZ\\ERP-RAMIREZ\\vendor\\laravel\\framework\\src\\Illuminate\\Pipeline\\Pipeline.php(180): Illuminate\\Http\\Middleware\\TrustProxies->handle(Object(Illuminate\\Http\\Request), Object(Closure))
#68 D:\\PROYECTOS\\IMPORTACIONES RAMIREZ\\ERP-RAMIREZ\\vendor\\laravel\\framework\\src\\Illuminate\\Pipeline\\Pipeline.php(116): Illuminate\\Pipeline\\Pipeline->Illuminate\\Pipeline\\{closure}(Object(Illuminate\\Http\\Request))
#69 D:\\PROYECTOS\\IMPORTACIONES RAMIREZ\\ERP-RAMIREZ\\vendor\\laravel\\framework\\src\\Illuminate\\Foundation\\Http\\Kernel.php(165): Illuminate\\Pipeline\\Pipeline->then(Object(Closure))
#70 D:\\PROYECTOS\\IMPORTACIONES RAMIREZ\\ERP-RAMIREZ\\vendor\\laravel\\framework\\src\\Illuminate\\Foundation\\Http\\Kernel.php(134): Illuminate\\Foundation\\Http\\Kernel->sendRequestThroughRouter(Object(Illuminate\\Http\\Request))
#71 D:\\PROYECTOS\\IMPORTACIONES RAMIREZ\\ERP-RAMIREZ\\public\\index.php(51): Illuminate\\Foundation\\Http\\Kernel->handle(Object(Illuminate\\Http\\Request))
#72 D:\\PROYECTOS\\IMPORTACIONES RAMIREZ\\ERP-RAMIREZ\\vendor\\laravel\\framework\\src\\Illuminate\\Foundation\\resources\\server.php(16): require_once('D:\\\\PROYECTOS\\\\IM...')
#73 {main}
"} 
[2026-07-03 23:11:25] local.ERROR: Missing required parameter for [Route: historial-importaciones.excel] [URI: historial-importaciones/{transaction}/excel] [Missing parameter: transaction]. {"view":{"view":"D:\\PROYECTOS\\IMPORTACIONES RAMIREZ\\ERP-RAMIREZ\\resources\\views\\purchase\\importaciones\\index.blade.php","data":{"asset_v":"<pre class=sf-dump id=sf-dump-1484007823 data-indent-pad=\"  \"><span class=sf-dump-num>511</span>
</pre><script>Sfdump(\"sf-dump-1484007823\", {\"maxDepth\":3,\"maxStringLength\":160})</script>
","errors":"<pre class=sf-dump id=sf-dump-784402208 data-indent-pad=\"  \"><span class=sf-dump-note>Illuminate\\Support\\ViewErrorBag</span> {<a class=sf-dump-ref>#3313</a><samp data-depth=1 class=sf-dump-expanded>
  #<span class=sf-dump-protected title=\"Protected property\">bags</span>: []
</samp>}
</pre><script>Sfdump(\"sf-dump-784402208\", {\"maxDepth\":3,\"maxStringLength\":160})</script>
","registros":"<pre class=sf-dump id=sf-dump-1210809166 data-indent-pad=\"  \"><span class=sf-dump-note>Illuminate\\Support\\Collection</span> {<a class=sf-dump-ref>#3946</a><samp data-depth=1 class=sf-dump-expanded>
  #<span class=sf-dump-protected title=\"Protected property\">items</span>: <span class=sf-dump-note>array:2</span> [<samp data-depth=2 class=sf-dump-compact>
    <span class=sf-dump-key>61</span> => <span class=sf-dump-note title=\"Illuminate\\Support\\Collection
\"><span class=\"sf-dump-ellipsis sf-dump-ellipsis-note\">Illuminate\\Support</span><span class=\"sf-dump-ellipsis sf-dump-ellipsis-note\">\\</span>Collection</span> {<a class=sf-dump-ref>#3843</a><samp data-depth=3 class=sf-dump-compact>
      #<span class=sf-dump-protected title=\"Protected property\">items</span>: <span class=sf-dump-note>array:5</span> [ &#8230;5]
      #<span class=sf-dump-protected title=\"Protected property\">escapeWhenCastingToString</span>: <span class=sf-dump-const>false</span>
    </samp>}
    <span class=sf-dump-key>6</span> => <span class=sf-dump-note title=\"Illuminate\\Support\\Collection
\"><span class=\"sf-dump-ellipsis sf-dump-ellipsis-note\">Illuminate\\Support</span><span class=\"sf-dump-ellipsis sf-dump-ellipsis-note\">\\</span>Collection</span> {<a class=sf-dump-ref>#3944</a><samp data-depth=3 class=sf-dump-compact>
      #<span class=sf-dump-protected title=\"Protected property\">items</span>: <span class=sf-dump-note>array:3</span> [ &#8230;3]
      #<span class=sf-dump-protected title=\"Protected property\">escapeWhenCastingToString</span>: <span class=sf-dump-const>false</span>
    </samp>}
  </samp>]
  #<span class=sf-dump-protected title=\"Protected property\">escapeWhenCastingToString</span>: <span class=sf-dump-const>false</span>
</samp>}
</pre><script>Sfdump(\"sf-dump-1210809166\", {\"maxDepth\":3,\"maxStringLength\":160})</script>
","productos":"<pre class=sf-dump id=sf-dump-1383167806 data-indent-pad=\"  \"><span class=sf-dump-note>Illuminate\\Support\\Collection</span> {<a class=sf-dump-ref>#3615</a><samp data-depth=1 class=sf-dump-expanded>
  #<span class=sf-dump-protected title=\"Protected property\">items</span>: <span class=sf-dump-note>array:7</span> [<samp data-depth=2 class=sf-dump-compact>
    <span class=sf-dump-key>4</span> => \"<span class=sf-dump-str title=\"10 characters\">Carroceria</span>\"
    <span class=sf-dump-key>7</span> => \"<span class=sf-dump-str title=\"14 characters\">ENSAMBLAJE 150</span>\"
    <span class=sf-dump-key>6</span> => \"<span class=sf-dump-str title=\"21 characters\">MATERIALES CARROCERIA</span>\"
    <span class=sf-dump-key>8</span> => \"<span class=sf-dump-str title=\"12 characters\">MOTOTAXI 150</span>\"
    <span class=sf-dump-key>2</span> => \"<span class=sf-dump-str title=\"15 characters\">RETROEXCAVADORA</span>\"
    <span class=sf-dump-key>5</span> => \"<span class=sf-dump-str title=\"9 characters\">Tapiceria</span>\"
    <span class=sf-dump-key>1</span> => \"<span class=sf-dump-str title=\"7 characters\">WX-150A</span>\"
  </samp>]
  #<span class=sf-dump-protected title=\"Protected property\">escapeWhenCastingToString</span>: <span class=sf-dump-const>false</span>
</samp>}
</pre><script>Sfdump(\"sf-dump-1383167806\", {\"maxDepth\":3,\"maxStringLength\":160})</script>
","desde":"<pre class=sf-dump id=sf-dump-751244595 data-indent-pad=\"  \"><span class=sf-dump-const>null</span>
</pre><script>Sfdump(\"sf-dump-751244595\", {\"maxDepth\":3,\"maxStringLength\":160})</script>
","hasta":"<pre class=sf-dump id=sf-dump-1291339345 data-indent-pad=\"  \"><span class=sf-dump-const>null</span>
</pre><script>Sfdump(\"sf-dump-1291339345\", {\"maxDepth\":3,\"maxStringLength\":160})</script>
","producto":"<pre class=sf-dump id=sf-dump-594266087 data-indent-pad=\"  \"><span class=sf-dump-const>null</span>
</pre><script>Sfdump(\"sf-dump-594266087\", {\"maxDepth\":3,\"maxStringLength\":160})</script>
","motor":"<pre class=sf-dump id=sf-dump-738050479 data-indent-pad=\"  \"><span class=sf-dump-const>null</span>
</pre><script>Sfdump(\"sf-dump-738050479\", {\"maxDepth\":3,\"maxStringLength\":160})</script>
","guia":"<pre class=sf-dump id=sf-dump-1289781740 data-indent-pad=\"  \"><span class=sf-dump-const>null</span>
</pre><script>Sfdump(\"sf-dump-1289781740\", {\"maxDepth\":3,\"maxStringLength\":160})</script>
","contenedor":"<pre class=sf-dump id=sf-dump-709516030 data-indent-pad=\"  \"><span class=sf-dump-const>null</span>
</pre><script>Sfdump(\"sf-dump-709516030\", {\"maxDepth\":3,\"maxStringLength\":160})</script>
","enabled_modules":"<pre class=sf-dump id=sf-dump-1128141287 data-indent-pad=\"  \"><span class=sf-dump-note>array:7</span> [<samp data-depth=1 class=sf-dump-expanded>
  <span class=sf-dump-index>0</span> => \"<span class=sf-dump-str title=\"9 characters\">purchases</span>\"
  <span class=sf-dump-index>1</span> => \"<span class=sf-dump-str title=\"8 characters\">add_sale</span>\"
  <span class=sf-dump-index>2</span> => \"<span class=sf-dump-str title=\"8 characters\">pos_sale</span>\"
  <span class=sf-dump-index>3</span> => \"<span class=sf-dump-str title=\"15 characters\">stock_transfers</span>\"
  <span class=sf-dump-index>4</span> => \"<span class=sf-dump-str title=\"16 characters\">stock_adjustment</span>\"
  <span class=sf-dump-index>5</span> => \"<span class=sf-dump-str title=\"8 characters\">expenses</span>\"
  <span class=sf-dump-index>6</span> => \"<span class=sf-dump-str title=\"7 characters\">account</span>\"
</samp>]
</pre><script>Sfdump(\"sf-dump-1128141287\", {\"maxDepth\":3,\"maxStringLength\":160})</script>
","__is_pusher_enabled":"<pre class=sf-dump id=sf-dump-648459699 data-indent-pad=\"  \"><span class=sf-dump-const>false</span>
</pre><script>Sfdump(\"sf-dump-648459699\", {\"maxDepth\":3,\"maxStringLength\":160})</script>
"}},"userId":1,"exception":"[object] (Spatie\\LaravelIgnition\\Exceptions\\ViewException(code: 0): Missing required parameter for [Route: historial-importaciones.excel] [URI: historial-importaciones/{transaction}/excel] [Missing parameter: transaction]. at D:\\PROYECTOS\\IMPORTACIONES RAMIREZ\\ERP-RAMIREZ\\vendor\\laravel\\framework\\src\\Illuminate\\Routing\\Exceptions\\UrlGenerationException.php:35)
[stacktrace]
#0 D:\\PROYECTOS\\IMPORTACIONES RAMIREZ\\ERP-RAMIREZ\\vendor\\laravel\\framework\\src\\Illuminate\\Routing\\RouteUrlGenerator.php(90): Illuminate\\Routing\\Exceptions\\UrlGenerationException::forMissingParameters(Object(Illuminate\\Routing\\Route), Array)
#1 D:\\PROYECTOS\\IMPORTACIONES RAMIREZ\\ERP-RAMIREZ\\vendor\\laravel\\framework\\src\\Illuminate\\Routing\\UrlGenerator.php(492): Illuminate\\Routing\\RouteUrlGenerator->to(Object(Illuminate\\Routing\\Route), Array, true)
#2 D:\\PROYECTOS\\IMPORTACIONES RAMIREZ\\ERP-RAMIREZ\\vendor\\laravel\\framework\\src\\Illuminate\\Routing\\UrlGenerator.php(464): Illuminate\\Routing\\UrlGenerator->toRoute(Object(Illuminate\\Routing\\Route), Array, true)
#3 D:\\PROYECTOS\\IMPORTACIONES RAMIREZ\\ERP-RAMIREZ\\vendor\\laravel\\framework\\src\\Illuminate\\Foundation\\helpers.php(826): Illuminate\\Routing\\UrlGenerator->route('historial-impor...', Array, true)
#4 D:\\PROYECTOS\\IMPORTACIONES RAMIREZ\\ERP-RAMIREZ\\resources\\views\\purchase\\importaciones\\index.blade.php(88): route('historial-impor...', Array)
#5 D:\\PROYECTOS\\IMPORTACIONES RAMIREZ\\ERP-RAMIREZ\\vendor\\laravel\\framework\\src\\Illuminate\\Filesystem\\Filesystem.php(109): require('D:\\\\PROYECTOS\\\\IM...')
#6 D:\\PROYECTOS\\IMPORTACIONES RAMIREZ\\ERP-RAMIREZ\\vendor\\laravel\\framework\\src\\Illuminate\\Filesystem\\Filesystem.php(110): Illuminate\\Filesystem\\Filesystem::Illuminate\\Filesystem\\{closure}()
#7 D:\\PROYECTOS\\IMPORTACIONES RAMIREZ\\ERP-RAMIREZ\\vendor\\laravel\\framework\\src\\Illuminate\\View\\Engines\\PhpEngine.php(58): Illuminate\\Filesystem\\Filesystem->getRequire('D:\\\\PROYECTOS\\\\IM...', Array)
#8 D:\\PROYECTOS\\IMPORTACIONES RAMIREZ\\ERP-RAMIREZ\\vendor\\laravel\\framework\\src\\Illuminate\\View\\Engines\\CompilerEngine.php(70): Illuminate\\View\\Engines\\PhpEngine->evaluatePath('D:\\\\PROYECTOS\\\\IM...', Array)
#9 D:\\PROYECTOS\\IMPORTACIONES RAMIREZ\\ERP-RAMIREZ\\vendor\\laravel\\framework\\src\\Illuminate\\View\\View.php(195): Illuminate\\View\\Engines\\CompilerEngine->get('D:\\\\PROYECTOS\\\\IM...', Array)
#10 D:\\PROYECTOS\\IMPORTACIONES RAMIREZ\\ERP-RAMIREZ\\vendor\\laravel\\framework\\src\\Illuminate\\View\\View.php(178): Illuminate\\View\\View->getContents()
#11 D:\\PROYECTOS\\IMPORTACIONES RAMIREZ\\ERP-RAMIREZ\\vendor\\laravel\\framework\\src\\Illuminate\\View\\View.php(147): Illuminate\\View\\View->renderContents()
#12 D:\\PROYECTOS\\IMPORTACIONES RAMIREZ\\ERP-RAMIREZ\\vendor\\laravel\\framework\\src\\Illuminate\\Http\\Response.php(69): Illuminate\\View\\View->render()
#13 D:\\PROYECTOS\\IMPORTACIONES RAMIREZ\\ERP-RAMIREZ\\vendor\\laravel\\framework\\src\\Illuminate\\Http\\Response.php(35): Illuminate\\Http\\Response->setContent(Object(Illuminate\\View\\View))
#14 D:\\PROYECTOS\\IMPORTACIONES RAMIREZ\\ERP-RAMIREZ\\vendor\\laravel\\framework\\src\\Illuminate\\Routing\\Router.php(906): Illuminate\\Http\\Response->__construct(Object(Illuminate\\View\\View), 200, Array)
#15 D:\\PROYECTOS\\IMPORTACIONES RAMIREZ\\ERP-RAMIREZ\\vendor\\laravel\\framework\\src\\Illuminate\\Routing\\Router.php(875): Illuminate\\Routing\\Router::toResponse(Object(Illuminate\\Http\\Request), Object(Illuminate\\View\\View))
#16 D:\\PROYECTOS\\IMPORTACIONES RAMIREZ\\ERP-RAMIREZ\\vendor\\laravel\\framework\\src\\Illuminate\\Routing\\Router.php(797): Illuminate\\Routing\\Router->prepareResponse(Object(Illuminate\\Http\\Request), Object(Illuminate\\View\\View))
#17 D:\\PROYECTOS\\IMPORTACIONES RAMIREZ\\ERP-RAMIREZ\\vendor\\laravel\\framework\\src\\Illuminate\\Pipeline\\Pipeline.php(141): Illuminate\\Routing\\Router->Illuminate\\Routing\\{closure}(Object(Illuminate\\Http\\Request))
#18 D:\\PROYECTOS\\IMPORTACIONES RAMIREZ\\ERP-RAMIREZ\\app\\Http\\Middleware\\CheckUserLogin.php(22): Illuminate\\Pipeline\\Pipeline->Illuminate\\Pipeline\\{closure}(Object(Illuminate\\Http\\Request))
#19 D:\\PROYECTOS\\IMPORTACIONES RAMIREZ\\ERP-RAMIREZ\\vendor\\laravel\\framework\\src\\Illuminate\\Pipeline\\Pipeline.php(180): App\\Http\\Middleware\\CheckUserLogin->handle(Object(Illuminate\\Http\\Request), Object(Closure))
#20 D:\\PROYECTOS\\IMPORTACIONES RAMIREZ\\ERP-RAMIREZ\\app\\Http\\Middleware\\AdminSidebarMenu.php(906): Illuminate\\Pipeline\\Pipeline->Illuminate\\Pipeline\\{closure}(Object(Illuminate\\Http\\Request))
#21 D:\\PROYECTOS\\IMPORTACIONES RAMIREZ\\ERP-RAMIREZ\\vendor\\laravel\\framework\\src\\Illuminate\\Pipeline\\Pipeline.php(180): App\\Http\\Middleware\\AdminSidebarMenu->handle(Object(Illuminate\\Http\\Request), Object(Closure))
#22 D:\\PROYECTOS\\IMPORTACIONES RAMIREZ\\ERP-RAMIREZ\\app\\Http\\Middleware\\Timezone.php(30): Illuminate\\Pipeline\\Pipeline->Illuminate\\Pipeline\\{closure}(Object(Illuminate\\Http\\Request))
#23 D:\\PROYECTOS\\IMPORTACIONES RAMIREZ\\ERP-RAMIREZ\\vendor\\laravel\\framework\\src\\Illuminate\\Pipeline\\Pipeline.php(180): App\\Http\\Middleware\\Timezone->handle(Object(Illuminate\\Http\\Request), Object(Closure))
#24 D:\\PROYECTOS\\IMPORTACIONES RAMIREZ\\ERP-RAMIREZ\\app\\Http\\Middleware\\Language.php(25): Illuminate\\Pipeline\\Pipeline->Illuminate\\Pipeline\\{closure}(Object(Illuminate\\Http\\Request))
#25 D:\\PROYECTOS\\IMPORTACIONES RAMIREZ\\ERP-RAMIREZ\\vendor\\laravel\\framework\\src\\Illuminate\\Pipeline\\Pipeline.php(180): App\\Http\\Middleware\\Language->handle(Object(Illuminate\\Http\\Request), Object(Closure))
#26 D:\\PROYECTOS\\IMPORTACIONES RAMIREZ\\ERP-RAMIREZ\\app\\Http\\Middleware\\SetSessionData.php(52): Illuminate\\Pipeline\\Pipeline->Illuminate\\Pipeline\\{closure}(Object(Illuminate\\Http\\Request))
#27 D:\\PROYECTOS\\IMPORTACIONES RAMIREZ\\ERP-RAMIREZ\\vendor\\laravel\\framework\\src\\Illuminate\\Pipeline\\Pipeline.php(180): App\\Http\\Middleware\\SetSessionData->handle(Object(Illuminate\\Http\\Request), Object(Closure))
#28 D:\\PROYECTOS\\IMPORTACIONES RAMIREZ\\ERP-RAMIREZ\\app\\Http\\Middleware\\IsInstalled.php(50): Illuminate\\Pipeline\\Pipeline->Illuminate\\Pipeline\\{closure}(Object(Illuminate\\Http\\Request))
#29 D:\\PROYECTOS\\IMPORTACIONES RAMIREZ\\ERP-RAMIREZ\\vendor\\laravel\\framework\\src\\Illuminate\\Pipeline\\Pipeline.php(180): App\\Http\\Middleware\\IsInstalled->handle(Object(Illuminate\\Http\\Request), Object(Closure))
#30 D:\\PROYECTOS\\IMPORTACIONES RAMIREZ\\ERP-RAMIREZ\\vendor\\laravel\\framework\\src\\Illuminate\\Routing\\Middleware\\SubstituteBindings.php(50): Illuminate\\Pipeline\\Pipeline->Illuminate\\Pipeline\\{closure}(Object(Illuminate\\Http\\Request))
#31 D:\\PROYECTOS\\IMPORTACIONES RAMIREZ\\ERP-RAMIREZ\\vendor\\laravel\\framework\\src\\Illuminate\\Pipeline\\Pipeline.php(180): Illuminate\\Routing\\Middleware\\SubstituteBindings->handle(Object(Illuminate\\Http\\Request), Object(Closure))
#32 D:\\PROYECTOS\\IMPORTACIONES RAMIREZ\\ERP-RAMIREZ\\vendor\\laravel\\framework\\src\\Illuminate\\Auth\\Middleware\\Authenticate.php(44): Illuminate\\Pipeline\\Pipeline->Illuminate\\Pipeline\\{closure}(Object(Illuminate\\Http\\Request))
#33 D:\\PROYECTOS\\IMPORTACIONES RAMIREZ\\ERP-RAMIREZ\\vendor\\laravel\\framework\\src\\Illuminate\\Pipeline\\Pipeline.php(180): Illuminate\\Auth\\Middleware\\Authenticate->handle(Object(Illuminate\\Http\\Request), Object(Closure))
#34 D:\\PROYECTOS\\IMPORTACIONES RAMIREZ\\ERP-RAMIREZ\\vendor\\laravel\\framework\\src\\Illuminate\\Foundation\\Http\\Middleware\\VerifyCsrfToken.php(78): Illuminate\\Pipeline\\Pipeline->Illuminate\\Pipeline\\{closure}(Object(Illuminate\\Http\\Request))
#35 D:\\PROYECTOS\\IMPORTACIONES RAMIREZ\\ERP-RAMIREZ\\vendor\\laravel\\framework\\src\\Illuminate\\Pipeline\\Pipeline.php(180): Illuminate\\Foundation\\Http\\Middleware\\VerifyCsrfToken->handle(Object(Illuminate\\Http\\Request), Object(Closure))
#36 D:\\PROYECTOS\\IMPORTACIONES RAMIREZ\\ERP-RAMIREZ\\vendor\\laravel\\framework\\src\\Illuminate\\View\\Middleware\\ShareErrorsFromSession.php(49): Illuminate\\Pipeline\\Pipeline->Illuminate\\Pipeline\\{closure}(Object(Illuminate\\Http\\Request))
#37 D:\\PROYECTOS\\IMPORTACIONES RAMIREZ\\ERP-RAMIREZ\\vendor\\laravel\\framework\\src\\Illuminate\\Pipeline\\Pipeline.php(180): Illuminate\\View\\Middleware\\ShareErrorsFromSession->handle(Object(Illuminate\\Http\\Request), Object(Closure))
#38 D:\\PROYECTOS\\IMPORTACIONES RAMIREZ\\ERP-RAMIREZ\\vendor\\laravel\\framework\\src\\Illuminate\\Session\\Middleware\\StartSession.php(121): Illuminate\\Pipeline\\Pipeline->Illuminate\\Pipeline\\{closure}(Object(Illuminate\\Http\\Request))
#39 D:\\PROYECTOS\\IMPORTACIONES RAMIREZ\\ERP-RAMIREZ\\vendor\\laravel\\framework\\src\\Illuminate\\Session\\Middleware\\StartSession.php(64): Illuminate\\Session\\Middleware\\StartSession->handleStatefulRequest(Object(Illuminate\\Http\\Request), Object(Illuminate\\Session\\Store), Object(Closure))
#40 D:\\PROYECTOS\\IMPORTACIONES RAMIREZ\\ERP-RAMIREZ\\vendor\\laravel\\framework\\src\\Illuminate\\Pipeline\\Pipeline.php(180): Illuminate\\Session\\Middleware\\StartSession->handle(Object(Illuminate\\Http\\Request), Object(Closure))
#41 D:\\PROYECTOS\\IMPORTACIONES RAMIREZ\\ERP-RAMIREZ\\vendor\\laravel\\framework\\src\\Illuminate\\Cookie\\Middleware\\AddQueuedCookiesToResponse.php(37): Illuminate\\Pipeline\\Pipeline->Illuminate\\Pipeline\\{closure}(Object(Illuminate\\Http\\Request))
#42 D:\\PROYECTOS\\IMPORTACIONES RAMIREZ\\ERP-RAMIREZ\\vendor\\laravel\\framework\\src\\Illuminate\\Pipeline\\Pipeline.php(180): Illuminate\\Cookie\\Middleware\\AddQueuedCookiesToResponse->handle(Object(Illuminate\\Http\\Request), Object(Closure))
#43 D:\\PROYECTOS\\IMPORTACIONES RAMIREZ\\ERP-RAMIREZ\\vendor\\laravel\\framework\\src\\Illuminate\\Cookie\\Middleware\\EncryptCookies.php(67): Illuminate\\Pipeline\\Pipeline->Illuminate\\Pipeline\\{closure}(Object(Illuminate\\Http\\Request))
#44 D:\\PROYECTOS\\IMPORTACIONES RAMIREZ\\ERP-RAMIREZ\\vendor\\laravel\\framework\\src\\Illuminate\\Pipeline\\Pipeline.php(180): Illuminate\\Cookie\\Middleware\\EncryptCookies->handle(Object(Illuminate\\Http\\Request), Object(Closure))
#45 D:\\PROYECTOS\\IMPORTACIONES RAMIREZ\\ERP-RAMIREZ\\vendor\\laravel\\framework\\src\\Illuminate\\Pipeline\\Pipeline.php(116): Illuminate\\Pipeline\\Pipeline->Illuminate\\Pipeline\\{closure}(Object(Illuminate\\Http\\Request))
#46 D:\\PROYECTOS\\IMPORTACIONES RAMIREZ\\ERP-RAMIREZ\\vendor\\laravel\\framework\\src\\Illuminate\\Routing\\Router.php(797): Illuminate\\Pipeline\\Pipeline->then(Object(Closure))
#47 D:\\PROYECTOS\\IMPORTACIONES RAMIREZ\\ERP-RAMIREZ\\vendor\\laravel\\framework\\src\\Illuminate\\Routing\\Router.php(776): Illuminate\\Routing\\Router->runRouteWithinStack(Object(Illuminate\\Routing\\Route), Object(Illuminate\\Http\\Request))
#48 D:\\PROYECTOS\\IMPORTACIONES RAMIREZ\\ERP-RAMIREZ\\vendor\\laravel\\framework\\src\\Illuminate\\Routing\\Router.php(740): Illuminate\\Routing\\Router->runRoute(Object(Illuminate\\Http\\Request), Object(Illuminate\\Routing\\Route))
#49 D:\\PROYECTOS\\IMPORTACIONES RAMIREZ\\ERP-RAMIREZ\\vendor\\laravel\\framework\\src\\Illuminate\\Routing\\Router.php(729): Illuminate\\Routing\\Router->dispatchToRoute(Object(Illuminate\\Http\\Request))
#50 D:\\PROYECTOS\\IMPORTACIONES RAMIREZ\\ERP-RAMIREZ\\vendor\\laravel\\framework\\src\\Illuminate\\Foundation\\Http\\Kernel.php(190): Illuminate\\Routing\\Router->dispatch(Object(Illuminate\\Http\\Request))
#51 D:\\PROYECTOS\\IMPORTACIONES RAMIREZ\\ERP-RAMIREZ\\vendor\\laravel\\framework\\src\\Illuminate\\Pipeline\\Pipeline.php(141): Illuminate\\Foundation\\Http\\Kernel->Illuminate\\Foundation\\Http\\{closure}(Object(Illuminate\\Http\\Request))
#52 D:\\PROYECTOS\\IMPORTACIONES RAMIREZ\\ERP-RAMIREZ\\vendor\\barryvdh\\laravel-debugbar\\src\\Middleware\\InjectDebugbar.php(59): Illuminate\\Pipeline\\Pipeline->Illuminate\\Pipeline\\{closure}(Object(Illuminate\\Http\\Request))
#53 D:\\PROYECTOS\\IMPORTACIONES RAMIREZ\\ERP-RAMIREZ\\vendor\\laravel\\framework\\src\\Illuminate\\Pipeline\\Pipeline.php(180): Barryvdh\\Debugbar\\Middleware\\InjectDebugbar->handle(Object(Illuminate\\Http\\Request), Object(Closure))
#54 D:\\PROYECTOS\\IMPORTACIONES RAMIREZ\\ERP-RAMIREZ\\vendor\\laravel\\framework\\src\\Illuminate\\Foundation\\Http\\Middleware\\TransformsRequest.php(21): Illuminate\\Pipeline\\Pipeline->Illuminate\\Pipeline\\{closure}(Object(Illuminate\\Http\\Request))
#55 D:\\PROYECTOS\\IMPORTACIONES RAMIREZ\\ERP-RAMIREZ\\vendor\\laravel\\framework\\src\\Illuminate\\Foundation\\Http\\Middleware\\ConvertEmptyStringsToNull.php(31): Illuminate\\Foundation\\Http\\Middleware\\TransformsRequest->handle(Object(Illuminate\\Http\\Request), Object(Closure))
#56 D:\\PROYECTOS\\IMPORTACIONES RAMIREZ\\ERP-RAMIREZ\\vendor\\laravel\\framework\\src\\Illuminate\\Pipeline\\Pipeline.php(180): Illuminate\\Foundation\\Http\\Middleware\\ConvertEmptyStringsToNull->handle(Object(Illuminate\\Http\\Request), Object(Closure))
#57 D:\\PROYECTOS\\IMPORTACIONES RAMIREZ\\ERP-RAMIREZ\\vendor\\laravel\\framework\\src\\Illuminate\\Foundation\\Http\\Middleware\\TransformsRequest.php(21): Illuminate\\Pipeline\\Pipeline->Illuminate\\Pipeline\\{closure}(Object(Illuminate\\Http\\Request))
#58 D:\\PROYECTOS\\IMPORTACIONES RAMIREZ\\ERP-RAMIREZ\\vendor\\laravel\\framework\\src\\Illuminate\\Foundation\\Http\\Middleware\\TrimStrings.php(40): Illuminate\\Foundation\\Http\\Middleware\\TransformsRequest->handle(Object(Illuminate\\Http\\Request), Object(Closure))
#59 D:\\PROYECTOS\\IMPORTACIONES RAMIREZ\\ERP-RAMIREZ\\vendor\\laravel\\framework\\src\\Illuminate\\Pipeline\\Pipeline.php(180): Illuminate\\Foundation\\Http\\Middleware\\TrimStrings->handle(Object(Illuminate\\Http\\Request), Object(Closure))
#60 D:\\PROYECTOS\\IMPORTACIONES RAMIREZ\\ERP-RAMIREZ\\vendor\\laravel\\framework\\src\\Illuminate\\Foundation\\Http\\Middleware\\ValidatePostSize.php(27): Illuminate\\Pipeline\\Pipeline->Illuminate\\Pipeline\\{closure}(Object(Illuminate\\Http\\Request))
#61 D:\\PROYECTOS\\IMPORTACIONES RAMIREZ\\ERP-RAMIREZ\\vendor\\laravel\\framework\\src\\Illuminate\\Pipeline\\Pipeline.php(180): Illuminate\\Foundation\\Http\\Middleware\\ValidatePostSize->handle(Object(Illuminate\\Http\\Request), Object(Closure))
#62 D:\\PROYECTOS\\IMPORTACIONES RAMIREZ\\ERP-RAMIREZ\\vendor\\laravel\\framework\\src\\Illuminate\\Foundation\\Http\\Middleware\\PreventRequestsDuringMaintenance.php(86): Illuminate\\Pipeline\\Pipeline->Illuminate\\Pipeline\\{closure}(Object(Illuminate\\Http\\Request))
#63 D:\\PROYECTOS\\IMPORTACIONES RAMIREZ\\ERP-RAMIREZ\\vendor\\laravel\\framework\\src\\Illuminate\\Pipeline\\Pipeline.php(180): Illuminate\\Foundation\\Http\\Middleware\\PreventRequestsDuringMaintenance->handle(Object(Illuminate\\Http\\Request), Object(Closure))
#64 D:\\PROYECTOS\\IMPORTACIONES RAMIREZ\\ERP-RAMIREZ\\vendor\\laravel\\framework\\src\\Illuminate\\Http\\Middleware\\HandleCors.php(49): Illuminate\\Pipeline\\Pipeline->Illuminate\\Pipeline\\{closure}(Object(Illuminate\\Http\\Request))
#65 D:\\PROYECTOS\\IMPORTACIONES RAMIREZ\\ERP-RAMIREZ\\vendor\\laravel\\framework\\src\\Illuminate\\Pipeline\\Pipeline.php(180): Illuminate\\Http\\Middleware\\HandleCors->handle(Object(Illuminate\\Http\\Request), Object(Closure))
#66 D:\\PROYECTOS\\IMPORTACIONES RAMIREZ\\ERP-RAMIREZ\\vendor\\laravel\\framework\\src\\Illuminate\\Http\\Middleware\\TrustProxies.php(39): Illuminate\\Pipeline\\Pipeline->Illuminate\\Pipeline\\{closure}(Object(Illuminate\\Http\\Request))
#67 D:\\PROYECTOS\\IMPORTACIONES RAMIREZ\\ERP-RAMIREZ\\vendor\\laravel\\framework\\src\\Illuminate\\Pipeline\\Pipeline.php(180): Illuminate\\Http\\Middleware\\TrustProxies->handle(Object(Illuminate\\Http\\Request), Object(Closure))
#68 D:\\PROYECTOS\\IMPORTACIONES RAMIREZ\\ERP-RAMIREZ\\vendor\\laravel\\framework\\src\\Illuminate\\Pipeline\\Pipeline.php(116): Illuminate\\Pipeline\\Pipeline->Illuminate\\Pipeline\\{closure}(Object(Illuminate\\Http\\Request))
#69 D:\\PROYECTOS\\IMPORTACIONES RAMIREZ\\ERP-RAMIREZ\\vendor\\laravel\\framework\\src\\Illuminate\\Foundation\\Http\\Kernel.php(165): Illuminate\\Pipeline\\Pipeline->then(Object(Closure))
#70 D:\\PROYECTOS\\IMPORTACIONES RAMIREZ\\ERP-RAMIREZ\\vendor\\laravel\\framework\\src\\Illuminate\\Foundation\\Http\\Kernel.php(134): Illuminate\\Foundation\\Http\\Kernel->sendRequestThroughRouter(Object(Illuminate\\Http\\Request))
#71 D:\\PROYECTOS\\IMPORTACIONES RAMIREZ\\ERP-RAMIREZ\\public\\index.php(51): Illuminate\\Foundation\\Http\\Kernel->handle(Object(Illuminate\\Http\\Request))
#72 D:\\PROYECTOS\\IMPORTACIONES RAMIREZ\\ERP-RAMIREZ\\vendor\\laravel\\framework\\src\\Illuminate\\Foundation\\resources\\server.php(16): require_once('D:\\\\PROYECTOS\\\\IM...')
#73 {main}

[previous exception] [object] (Illuminate\\Routing\\Exceptions\\UrlGenerationException(code: 0): Missing required parameter for [Route: historial-importaciones.excel] [URI: historial-importaciones/{transaction}/excel] [Missing parameter: transaction]. at D:\\PROYECTOS\\IMPORTACIONES RAMIREZ\\ERP-RAMIREZ\\vendor\\laravel\\framework\\src\\Illuminate\\Routing\\Exceptions\\UrlGenerationException.php:35)
[stacktrace]
#0 D:\\PROYECTOS\\IMPORTACIONES RAMIREZ\\ERP-RAMIREZ\\vendor\\laravel\\framework\\src\\Illuminate\\Routing\\RouteUrlGenerator.php(90): Illuminate\\Routing\\Exceptions\\UrlGenerationException::forMissingParameters(Object(Illuminate\\Routing\\Route), Array)
#1 D:\\PROYECTOS\\IMPORTACIONES RAMIREZ\\ERP-RAMIREZ\\vendor\\laravel\\framework\\src\\Illuminate\\Routing\\UrlGenerator.php(492): Illuminate\\Routing\\RouteUrlGenerator->to(Object(Illuminate\\Routing\\Route), Array, true)
#2 D:\\PROYECTOS\\IMPORTACIONES RAMIREZ\\ERP-RAMIREZ\\vendor\\laravel\\framework\\src\\Illuminate\\Routing\\UrlGenerator.php(464): Illuminate\\Routing\\UrlGenerator->toRoute(Object(Illuminate\\Routing\\Route), Array, true)
#3 D:\\PROYECTOS\\IMPORTACIONES RAMIREZ\\ERP-RAMIREZ\\vendor\\laravel\\framework\\src\\Illuminate\\Foundation\\helpers.php(826): Illuminate\\Routing\\UrlGenerator->route('historial-impor...', Array, true)
#4 D:\\PROYECTOS\\IMPORTACIONES RAMIREZ\\ERP-RAMIREZ\\storage\\framework\\views\\dc6f0818c41a1e845a314568edf6dc99a1727aa6.php(89): route('historial-impor...', Array)
#5 D:\\PROYECTOS\\IMPORTACIONES RAMIREZ\\ERP-RAMIREZ\\vendor\\laravel\\framework\\src\\Illuminate\\Filesystem\\Filesystem.php(109): require('D:\\\\PROYECTOS\\\\IM...')
#6 D:\\PROYECTOS\\IMPORTACIONES RAMIREZ\\ERP-RAMIREZ\\vendor\\laravel\\framework\\src\\Illuminate\\Filesystem\\Filesystem.php(110): Illuminate\\Filesystem\\Filesystem::Illuminate\\Filesystem\\{closure}()
#7 D:\\PROYECTOS\\IMPORTACIONES RAMIREZ\\ERP-RAMIREZ\\vendor\\laravel\\framework\\src\\Illuminate\\View\\Engines\\PhpEngine.php(58): Illuminate\\Filesystem\\Filesystem->getRequire('D:\\\\PROYECTOS\\\\IM...', Array)
#8 D:\\PROYECTOS\\IMPORTACIONES RAMIREZ\\ERP-RAMIREZ\\vendor\\laravel\\framework\\src\\Illuminate\\View\\Engines\\CompilerEngine.php(70): Illuminate\\View\\Engines\\PhpEngine->evaluatePath('D:\\\\PROYECTOS\\\\IM...', Array)
#9 D:\\PROYECTOS\\IMPORTACIONES RAMIREZ\\ERP-RAMIREZ\\vendor\\laravel\\framework\\src\\Illuminate\\View\\View.php(195): Illuminate\\View\\Engines\\CompilerEngine->get('D:\\\\PROYECTOS\\\\IM...', Array)
#10 D:\\PROYECTOS\\IMPORTACIONES RAMIREZ\\ERP-RAMIREZ\\vendor\\laravel\\framework\\src\\Illuminate\\View\\View.php(178): Illuminate\\View\\View->getContents()
#11 D:\\PROYECTOS\\IMPORTACIONES RAMIREZ\\ERP-RAMIREZ\\vendor\\laravel\\framework\\src\\Illuminate\\View\\View.php(147): Illuminate\\View\\View->renderContents()
#12 D:\\PROYECTOS\\IMPORTACIONES RAMIREZ\\ERP-RAMIREZ\\vendor\\laravel\\framework\\src\\Illuminate\\Http\\Response.php(69): Illuminate\\View\\View->render()
#13 D:\\PROYECTOS\\IMPORTACIONES RAMIREZ\\ERP-RAMIREZ\\vendor\\laravel\\framework\\src\\Illuminate\\Http\\Response.php(35): Illuminate\\Http\\Response->setContent(Object(Illuminate\\View\\View))
#14 D:\\PROYECTOS\\IMPORTACIONES RAMIREZ\\ERP-RAMIREZ\\vendor\\laravel\\framework\\src\\Illuminate\\Routing\\Router.php(906): Illuminate\\Http\\Response->__construct(Object(Illuminate\\View\\View), 200, Array)
#15 D:\\PROYECTOS\\IMPORTACIONES RAMIREZ\\ERP-RAMIREZ\\vendor\\laravel\\framework\\src\\Illuminate\\Routing\\Router.php(875): Illuminate\\Routing\\Router::toResponse(Object(Illuminate\\Http\\Request), Object(Illuminate\\View\\View))
#16 D:\\PROYECTOS\\IMPORTACIONES RAMIREZ\\ERP-RAMIREZ\\vendor\\laravel\\framework\\src\\Illuminate\\Routing\\Router.php(797): Illuminate\\Routing\\Router->prepareResponse(Object(Illuminate\\Http\\Request), Object(Illuminate\\View\\View))
#17 D:\\PROYECTOS\\IMPORTACIONES RAMIREZ\\ERP-RAMIREZ\\vendor\\laravel\\framework\\src\\Illuminate\\Pipeline\\Pipeline.php(141): Illuminate\\Routing\\Router->Illuminate\\Routing\\{closure}(Object(Illuminate\\Http\\Request))
#18 D:\\PROYECTOS\\IMPORTACIONES RAMIREZ\\ERP-RAMIREZ\\app\\Http\\Middleware\\CheckUserLogin.php(22): Illuminate\\Pipeline\\Pipeline->Illuminate\\Pipeline\\{closure}(Object(Illuminate\\Http\\Request))
#19 D:\\PROYECTOS\\IMPORTACIONES RAMIREZ\\ERP-RAMIREZ\\vendor\\laravel\\framework\\src\\Illuminate\\Pipeline\\Pipeline.php(180): App\\Http\\Middleware\\CheckUserLogin->handle(Object(Illuminate\\Http\\Request), Object(Closure))
#20 D:\\PROYECTOS\\IMPORTACIONES RAMIREZ\\ERP-RAMIREZ\\app\\Http\\Middleware\\AdminSidebarMenu.php(906): Illuminate\\Pipeline\\Pipeline->Illuminate\\Pipeline\\{closure}(Object(Illuminate\\Http\\Request))
#21 D:\\PROYECTOS\\IMPORTACIONES RAMIREZ\\ERP-RAMIREZ\\vendor\\laravel\\framework\\src\\Illuminate\\Pipeline\\Pipeline.php(180): App\\Http\\Middleware\\AdminSidebarMenu->handle(Object(Illuminate\\Http\\Request), Object(Closure))
#22 D:\\PROYECTOS\\IMPORTACIONES RAMIREZ\\ERP-RAMIREZ\\app\\Http\\Middleware\\Timezone.php(30): Illuminate\\Pipeline\\Pipeline->Illuminate\\Pipeline\\{closure}(Object(Illuminate\\Http\\Request))
#23 D:\\PROYECTOS\\IMPORTACIONES RAMIREZ\\ERP-RAMIREZ\\vendor\\laravel\\framework\\src\\Illuminate\\Pipeline\\Pipeline.php(180): App\\Http\\Middleware\\Timezone->handle(Object(Illuminate\\Http\\Request), Object(Closure))
#24 D:\\PROYECTOS\\IMPORTACIONES RAMIREZ\\ERP-RAMIREZ\\app\\Http\\Middleware\\Language.php(25): Illuminate\\Pipeline\\Pipeline->Illuminate\\Pipeline\\{closure}(Object(Illuminate\\Http\\Request))
#25 D:\\PROYECTOS\\IMPORTACIONES RAMIREZ\\ERP-RAMIREZ\\vendor\\laravel\\framework\\src\\Illuminate\\Pipeline\\Pipeline.php(180): App\\Http\\Middleware\\Language->handle(Object(Illuminate\\Http\\Request), Object(Closure))
#26 D:\\PROYECTOS\\IMPORTACIONES RAMIREZ\\ERP-RAMIREZ\\app\\Http\\Middleware\\SetSessionData.php(52): Illuminate\\Pipeline\\Pipeline->Illuminate\\Pipeline\\{closure}(Object(Illuminate\\Http\\Request))
#27 D:\\PROYECTOS\\IMPORTACIONES RAMIREZ\\ERP-RAMIREZ\\vendor\\laravel\\framework\\src\\Illuminate\\Pipeline\\Pipeline.php(180): App\\Http\\Middleware\\SetSessionData->handle(Object(Illuminate\\Http\\Request), Object(Closure))
#28 D:\\PROYECTOS\\IMPORTACIONES RAMIREZ\\ERP-RAMIREZ\\app\\Http\\Middleware\\IsInstalled.php(50): Illuminate\\Pipeline\\Pipeline->Illuminate\\Pipeline\\{closure}(Object(Illuminate\\Http\\Request))
#29 D:\\PROYECTOS\\IMPORTACIONES RAMIREZ\\ERP-RAMIREZ\\vendor\\laravel\\framework\\src\\Illuminate\\Pipeline\\Pipeline.php(180): App\\Http\\Middleware\\IsInstalled->handle(Object(Illuminate\\Http\\Request), Object(Closure))
#30 D:\\PROYECTOS\\IMPORTACIONES RAMIREZ\\ERP-RAMIREZ\\vendor\\laravel\\framework\\src\\Illuminate\\Routing\\Middleware\\SubstituteBindings.php(50): Illuminate\\Pipeline\\Pipeline->Illuminate\\Pipeline\\{closure}(Object(Illuminate\\Http\\Request))
#31 D:\\PROYECTOS\\IMPORTACIONES RAMIREZ\\ERP-RAMIREZ\\vendor\\laravel\\framework\\src\\Illuminate\\Pipeline\\Pipeline.php(180): Illuminate\\Routing\\Middleware\\SubstituteBindings->handle(Object(Illuminate\\Http\\Request), Object(Closure))
#32 D:\\PROYECTOS\\IMPORTACIONES RAMIREZ\\ERP-RAMIREZ\\vendor\\laravel\\framework\\src\\Illuminate\\Auth\\Middleware\\Authenticate.php(44): Illuminate\\Pipeline\\Pipeline->Illuminate\\Pipeline\\{closure}(Object(Illuminate\\Http\\Request))
#33 D:\\PROYECTOS\\IMPORTACIONES RAMIREZ\\ERP-RAMIREZ\\vendor\\laravel\\framework\\src\\Illuminate\\Pipeline\\Pipeline.php(180): Illuminate\\Auth\\Middleware\\Authenticate->handle(Object(Illuminate\\Http\\Request), Object(Closure))
#34 D:\\PROYECTOS\\IMPORTACIONES RAMIREZ\\ERP-RAMIREZ\\vendor\\laravel\\framework\\src\\Illuminate\\Foundation\\Http\\Middleware\\VerifyCsrfToken.php(78): Illuminate\\Pipeline\\Pipeline->Illuminate\\Pipeline\\{closure}(Object(Illuminate\\Http\\Request))
#35 D:\\PROYECTOS\\IMPORTACIONES RAMIREZ\\ERP-RAMIREZ\\vendor\\laravel\\framework\\src\\Illuminate\\Pipeline\\Pipeline.php(180): Illuminate\\Foundation\\Http\\Middleware\\VerifyCsrfToken->handle(Object(Illuminate\\Http\\Request), Object(Closure))
#36 D:\\PROYECTOS\\IMPORTACIONES RAMIREZ\\ERP-RAMIREZ\\vendor\\laravel\\framework\\src\\Illuminate\\View\\Middleware\\ShareErrorsFromSession.php(49): Illuminate\\Pipeline\\Pipeline->Illuminate\\Pipeline\\{closure}(Object(Illuminate\\Http\\Request))
#37 D:\\PROYECTOS\\IMPORTACIONES RAMIREZ\\ERP-RAMIREZ\\vendor\\laravel\\framework\\src\\Illuminate\\Pipeline\\Pipeline.php(180): Illuminate\\View\\Middleware\\ShareErrorsFromSession->handle(Object(Illuminate\\Http\\Request), Object(Closure))
#38 D:\\PROYECTOS\\IMPORTACIONES RAMIREZ\\ERP-RAMIREZ\\vendor\\laravel\\framework\\src\\Illuminate\\Session\\Middleware\\StartSession.php(121): Illuminate\\Pipeline\\Pipeline->Illuminate\\Pipeline\\{closure}(Object(Illuminate\\Http\\Request))
#39 D:\\PROYECTOS\\IMPORTACIONES RAMIREZ\\ERP-RAMIREZ\\vendor\\laravel\\framework\\src\\Illuminate\\Session\\Middleware\\StartSession.php(64): Illuminate\\Session\\Middleware\\StartSession->handleStatefulRequest(Object(Illuminate\\Http\\Request), Object(Illuminate\\Session\\Store), Object(Closure))
#40 D:\\PROYECTOS\\IMPORTACIONES RAMIREZ\\ERP-RAMIREZ\\vendor\\laravel\\framework\\src\\Illuminate\\Pipeline\\Pipeline.php(180): Illuminate\\Session\\Middleware\\StartSession->handle(Object(Illuminate\\Http\\Request), Object(Closure))
#41 D:\\PROYECTOS\\IMPORTACIONES RAMIREZ\\ERP-RAMIREZ\\vendor\\laravel\\framework\\src\\Illuminate\\Cookie\\Middleware\\AddQueuedCookiesToResponse.php(37): Illuminate\\Pipeline\\Pipeline->Illuminate\\Pipeline\\{closure}(Object(Illuminate\\Http\\Request))
#42 D:\\PROYECTOS\\IMPORTACIONES RAMIREZ\\ERP-RAMIREZ\\vendor\\laravel\\framework\\src\\Illuminate\\Pipeline\\Pipeline.php(180): Illuminate\\Cookie\\Middleware\\AddQueuedCookiesToResponse->handle(Object(Illuminate\\Http\\Request), Object(Closure))
#43 D:\\PROYECTOS\\IMPORTACIONES RAMIREZ\\ERP-RAMIREZ\\vendor\\laravel\\framework\\src\\Illuminate\\Cookie\\Middleware\\EncryptCookies.php(67): Illuminate\\Pipeline\\Pipeline->Illuminate\\Pipeline\\{closure}(Object(Illuminate\\Http\\Request))
#44 D:\\PROYECTOS\\IMPORTACIONES RAMIREZ\\ERP-RAMIREZ\\vendor\\laravel\\framework\\src\\Illuminate\\Pipeline\\Pipeline.php(180): Illuminate\\Cookie\\Middleware\\EncryptCookies->handle(Object(Illuminate\\Http\\Request), Object(Closure))
#45 D:\\PROYECTOS\\IMPORTACIONES RAMIREZ\\ERP-RAMIREZ\\vendor\\laravel\\framework\\src\\Illuminate\\Pipeline\\Pipeline.php(116): Illuminate\\Pipeline\\Pipeline->Illuminate\\Pipeline\\{closure}(Object(Illuminate\\Http\\Request))
#46 D:\\PROYECTOS\\IMPORTACIONES RAMIREZ\\ERP-RAMIREZ\\vendor\\laravel\\framework\\src\\Illuminate\\Routing\\Router.php(797): Illuminate\\Pipeline\\Pipeline->then(Object(Closure))
#47 D:\\PROYECTOS\\IMPORTACIONES RAMIREZ\\ERP-RAMIREZ\\vendor\\laravel\\framework\\src\\Illuminate\\Routing\\Router.php(776): Illuminate\\Routing\\Router->runRouteWithinStack(Object(Illuminate\\Routing\\Route), Object(Illuminate\\Http\\Request))
#48 D:\\PROYECTOS\\IMPORTACIONES RAMIREZ\\ERP-RAMIREZ\\vendor\\laravel\\framework\\src\\Illuminate\\Routing\\Router.php(740): Illuminate\\Routing\\Router->runRoute(Object(Illuminate\\Http\\Request), Object(Illuminate\\Routing\\Route))
#49 D:\\PROYECTOS\\IMPORTACIONES RAMIREZ\\ERP-RAMIREZ\\vendor\\laravel\\framework\\src\\Illuminate\\Routing\\Router.php(729): Illuminate\\Routing\\Router->dispatchToRoute(Object(Illuminate\\Http\\Request))
#50 D:\\PROYECTOS\\IMPORTACIONES RAMIREZ\\ERP-RAMIREZ\\vendor\\laravel\\framework\\src\\Illuminate\\Foundation\\Http\\Kernel.php(190): Illuminate\\Routing\\Router->dispatch(Object(Illuminate\\Http\\Request))
#51 D:\\PROYECTOS\\IMPORTACIONES RAMIREZ\\ERP-RAMIREZ\\vendor\\laravel\\framework\\src\\Illuminate\\Pipeline\\Pipeline.php(141): Illuminate\\Foundation\\Http\\Kernel->Illuminate\\Foundation\\Http\\{closure}(Object(Illuminate\\Http\\Request))
#52 D:\\PROYECTOS\\IMPORTACIONES RAMIREZ\\ERP-RAMIREZ\\vendor\\barryvdh\\laravel-debugbar\\src\\Middleware\\InjectDebugbar.php(59): Illuminate\\Pipeline\\Pipeline->Illuminate\\Pipeline\\{closure}(Object(Illuminate\\Http\\Request))
#53 D:\\PROYECTOS\\IMPORTACIONES RAMIREZ\\ERP-RAMIREZ\\vendor\\laravel\\framework\\src\\Illuminate\\Pipeline\\Pipeline.php(180): Barryvdh\\Debugbar\\Middleware\\InjectDebugbar->handle(Object(Illuminate\\Http\\Request), Object(Closure))
#54 D:\\PROYECTOS\\IMPORTACIONES RAMIREZ\\ERP-RAMIREZ\\vendor\\laravel\\framework\\src\\Illuminate\\Foundation\\Http\\Middleware\\TransformsRequest.php(21): Illuminate\\Pipeline\\Pipeline->Illuminate\\Pipeline\\{closure}(Object(Illuminate\\Http\\Request))
#55 D:\\PROYECTOS\\IMPORTACIONES RAMIREZ\\ERP-RAMIREZ\\vendor\\laravel\\framework\\src\\Illuminate\\Foundation\\Http\\Middleware\\ConvertEmptyStringsToNull.php(31): Illuminate\\Foundation\\Http\\Middleware\\TransformsRequest->handle(Object(Illuminate\\Http\\Request), Object(Closure))
#56 D:\\PROYECTOS\\IMPORTACIONES RAMIREZ\\ERP-RAMIREZ\\vendor\\laravel\\framework\\src\\Illuminate\\Pipeline\\Pipeline.php(180): Illuminate\\Foundation\\Http\\Middleware\\ConvertEmptyStringsToNull->handle(Object(Illuminate\\Http\\Request), Object(Closure))
#57 D:\\PROYECTOS\\IMPORTACIONES RAMIREZ\\ERP-RAMIREZ\\vendor\\laravel\\framework\\src\\Illuminate\\Foundation\\Http\\Middleware\\TransformsRequest.php(21): Illuminate\\Pipeline\\Pipeline->Illuminate\\Pipeline\\{closure}(Object(Illuminate\\Http\\Request))
#58 D:\\PROYECTOS\\IMPORTACIONES RAMIREZ\\ERP-RAMIREZ\\vendor\\laravel\\framework\\src\\Illuminate\\Foundation\\Http\\Middleware\\TrimStrings.php(40): Illuminate\\Foundation\\Http\\Middleware\\TransformsRequest->handle(Object(Illuminate\\Http\\Request), Object(Closure))
#59 D:\\PROYECTOS\\IMPORTACIONES RAMIREZ\\ERP-RAMIREZ\\vendor\\laravel\\framework\\src\\Illuminate\\Pipeline\\Pipeline.php(180): Illuminate\\Foundation\\Http\\Middleware\\TrimStrings->handle(Object(Illuminate\\Http\\Request), Object(Closure))
#60 D:\\PROYECTOS\\IMPORTACIONES RAMIREZ\\ERP-RAMIREZ\\vendor\\laravel\\framework\\src\\Illuminate\\Foundation\\Http\\Middleware\\ValidatePostSize.php(27): Illuminate\\Pipeline\\Pipeline->Illuminate\\Pipeline\\{closure}(Object(Illuminate\\Http\\Request))
#61 D:\\PROYECTOS\\IMPORTACIONES RAMIREZ\\ERP-RAMIREZ\\vendor\\laravel\\framework\\src\\Illuminate\\Pipeline\\Pipeline.php(180): Illuminate\\Foundation\\Http\\Middleware\\ValidatePostSize->handle(Object(Illuminate\\Http\\Request), Object(Closure))
#62 D:\\PROYECTOS\\IMPORTACIONES RAMIREZ\\ERP-RAMIREZ\\vendor\\laravel\\framework\\src\\Illuminate\\Foundation\\Http\\Middleware\\PreventRequestsDuringMaintenance.php(86): Illuminate\\Pipeline\\Pipeline->Illuminate\\Pipeline\\{closure}(Object(Illuminate\\Http\\Request))
#63 D:\\PROYECTOS\\IMPORTACIONES RAMIREZ\\ERP-RAMIREZ\\vendor\\laravel\\framework\\src\\Illuminate\\Pipeline\\Pipeline.php(180): Illuminate\\Foundation\\Http\\Middleware\\PreventRequestsDuringMaintenance->handle(Object(Illuminate\\Http\\Request), Object(Closure))
#64 D:\\PROYECTOS\\IMPORTACIONES RAMIREZ\\ERP-RAMIREZ\\vendor\\laravel\\framework\\src\\Illuminate\\Http\\Middleware\\HandleCors.php(49): Illuminate\\Pipeline\\Pipeline->Illuminate\\Pipeline\\{closure}(Object(Illuminate\\Http\\Request))
#65 D:\\PROYECTOS\\IMPORTACIONES RAMIREZ\\ERP-RAMIREZ\\vendor\\laravel\\framework\\src\\Illuminate\\Pipeline\\Pipeline.php(180): Illuminate\\Http\\Middleware\\HandleCors->handle(Object(Illuminate\\Http\\Request), Object(Closure))
#66 D:\\PROYECTOS\\IMPORTACIONES RAMIREZ\\ERP-RAMIREZ\\vendor\\laravel\\framework\\src\\Illuminate\\Http\\Middleware\\TrustProxies.php(39): Illuminate\\Pipeline\\Pipeline->Illuminate\\Pipeline\\{closure}(Object(Illuminate\\Http\\Request))
#67 D:\\PROYECTOS\\IMPORTACIONES RAMIREZ\\ERP-RAMIREZ\\vendor\\laravel\\framework\\src\\Illuminate\\Pipeline\\Pipeline.php(180): Illuminate\\Http\\Middleware\\TrustProxies->handle(Object(Illuminate\\Http\\Request), Object(Closure))
#68 D:\\PROYECTOS\\IMPORTACIONES RAMIREZ\\ERP-RAMIREZ\\vendor\\laravel\\framework\\src\\Illuminate\\Pipeline\\Pipeline.php(116): Illuminate\\Pipeline\\Pipeline->Illuminate\\Pipeline\\{closure}(Object(Illuminate\\Http\\Request))
#69 D:\\PROYECTOS\\IMPORTACIONES RAMIREZ\\ERP-RAMIREZ\\vendor\\laravel\\framework\\src\\Illuminate\\Foundation\\Http\\Kernel.php(165): Illuminate\\Pipeline\\Pipeline->then(Object(Closure))
#70 D:\\PROYECTOS\\IMPORTACIONES RAMIREZ\\ERP-RAMIREZ\\vendor\\laravel\\framework\\src\\Illuminate\\Foundation\\Http\\Kernel.php(134): Illuminate\\Foundation\\Http\\Kernel->sendRequestThroughRouter(Object(Illuminate\\Http\\Request))
#71 D:\\PROYECTOS\\IMPORTACIONES RAMIREZ\\ERP-RAMIREZ\\public\\index.php(51): Illuminate\\Foundation\\Http\\Kernel->handle(Object(Illuminate\\Http\\Request))
#72 D:\\PROYECTOS\\IMPORTACIONES RAMIREZ\\ERP-RAMIREZ\\vendor\\laravel\\framework\\src\\Illuminate\\Foundation\\resources\\server.php(16): require_once('D:\\\\PROYECTOS\\\\IM...')
#73 {main}
"} 
[2026-07-03 23:12:31] local.ERROR: Missing required parameter for [Route: historial-importaciones.excel] [URI: historial-importaciones/{transaction}/excel] [Missing parameter: transaction]. {"view":{"view":"D:\\PROYECTOS\\IMPORTACIONES RAMIREZ\\ERP-RAMIREZ\\resources\\views\\purchase\\importaciones\\index.blade.php","data":{"asset_v":"<pre class=sf-dump id=sf-dump-1774980606 data-indent-pad=\"  \"><span class=sf-dump-num>511</span>
</pre><script>Sfdump(\"sf-dump-1774980606\", {\"maxDepth\":3,\"maxStringLength\":160})</script>
","errors":"<pre class=sf-dump id=sf-dump-1406969356 data-indent-pad=\"  \"><span class=sf-dump-note>Illuminate\\Support\\ViewErrorBag</span> {<a class=sf-dump-ref>#3313</a><samp data-depth=1 class=sf-dump-expanded>
  #<span class=sf-dump-protected title=\"Protected property\">bags</span>: []
</samp>}
</pre><script>Sfdump(\"sf-dump-1406969356\", {\"maxDepth\":3,\"maxStringLength\":160})</script>
","registros":"<pre class=sf-dump id=sf-dump-1208019266 data-indent-pad=\"  \"><span class=sf-dump-note>Illuminate\\Support\\Collection</span> {<a class=sf-dump-ref>#3946</a><samp data-depth=1 class=sf-dump-expanded>
  #<span class=sf-dump-protected title=\"Protected property\">items</span>: <span class=sf-dump-note>array:2</span> [<samp data-depth=2 class=sf-dump-compact>
    <span class=sf-dump-key>61</span> => <span class=sf-dump-note title=\"Illuminate\\Support\\Collection
\"><span class=\"sf-dump-ellipsis sf-dump-ellipsis-note\">Illuminate\\Support</span><span class=\"sf-dump-ellipsis sf-dump-ellipsis-note\">\\</span>Collection</span> {<a class=sf-dump-ref>#3843</a><samp data-depth=3 class=sf-dump-compact>
      #<span class=sf-dump-protected title=\"Protected property\">items</span>: <span class=sf-dump-note>array:5</span> [ &#8230;5]
      #<span class=sf-dump-protected title=\"Protected property\">escapeWhenCastingToString</span>: <span class=sf-dump-const>false</span>
    </samp>}
    <span class=sf-dump-key>6</span> => <span class=sf-dump-note title=\"Illuminate\\Support\\Collection
\"><span class=\"sf-dump-ellipsis sf-dump-ellipsis-note\">Illuminate\\Support</span><span class=\"sf-dump-ellipsis sf-dump-ellipsis-note\">\\</span>Collection</span> {<a class=sf-dump-ref>#3944</a><samp data-depth=3 class=sf-dump-compact>
      #<span class=sf-dump-protected title=\"Protected property\">items</span>: <span class=sf-dump-note>array:3</span> [ &#8230;3]
      #<span class=sf-dump-protected title=\"Protected property\">escapeWhenCastingToString</span>: <span class=sf-dump-const>false</span>
    </samp>}
  </samp>]
  #<span class=sf-dump-protected title=\"Protected property\">escapeWhenCastingToString</span>: <span class=sf-dump-const>false</span>
</samp>}
</pre><script>Sfdump(\"sf-dump-1208019266\", {\"maxDepth\":3,\"maxStringLength\":160})</script>
","productos":"<pre class=sf-dump id=sf-dump-1697175125 data-indent-pad=\"  \"><span class=sf-dump-note>Illuminate\\Support\\Collection</span> {<a class=sf-dump-ref>#3615</a><samp data-depth=1 class=sf-dump-expanded>
  #<span class=sf-dump-protected title=\"Protected property\">items</span>: <span class=sf-dump-note>array:7</span> [<samp data-depth=2 class=sf-dump-compact>
    <span class=sf-dump-key>4</span> => \"<span class=sf-dump-str title=\"10 characters\">Carroceria</span>\"
    <span class=sf-dump-key>7</span> => \"<span class=sf-dump-str title=\"14 characters\">ENSAMBLAJE 150</span>\"
    <span class=sf-dump-key>6</span> => \"<span class=sf-dump-str title=\"21 characters\">MATERIALES CARROCERIA</span>\"
    <span class=sf-dump-key>8</span> => \"<span class=sf-dump-str title=\"12 characters\">MOTOTAXI 150</span>\"
    <span class=sf-dump-key>2</span> => \"<span class=sf-dump-str title=\"15 characters\">RETROEXCAVADORA</span>\"
    <span class=sf-dump-key>5</span> => \"<span class=sf-dump-str title=\"9 characters\">Tapiceria</span>\"
    <span class=sf-dump-key>1</span> => \"<span class=sf-dump-str title=\"7 characters\">WX-150A</span>\"
  </samp>]
  #<span class=sf-dump-protected title=\"Protected property\">escapeWhenCastingToString</span>: <span class=sf-dump-const>false</span>
</samp>}
</pre><script>Sfdump(\"sf-dump-1697175125\", {\"maxDepth\":3,\"maxStringLength\":160})</script>
","desde":"<pre class=sf-dump id=sf-dump-111158339 data-indent-pad=\"  \"><span class=sf-dump-const>null</span>
</pre><script>Sfdump(\"sf-dump-111158339\", {\"maxDepth\":3,\"maxStringLength\":160})</script>
","hasta":"<pre class=sf-dump id=sf-dump-1404422147 data-indent-pad=\"  \"><span class=sf-dump-const>null</span>
</pre><script>Sfdump(\"sf-dump-1404422147\", {\"maxDepth\":3,\"maxStringLength\":160})</script>
","producto":"<pre class=sf-dump id=sf-dump-721264525 data-indent-pad=\"  \"><span class=sf-dump-const>null</span>
</pre><script>Sfdump(\"sf-dump-721264525\", {\"maxDepth\":3,\"maxStringLength\":160})</script>
","motor":"<pre class=sf-dump id=sf-dump-1433180036 data-indent-pad=\"  \"><span class=sf-dump-const>null</span>
</pre><script>Sfdump(\"sf-dump-1433180036\", {\"maxDepth\":3,\"maxStringLength\":160})</script>
","guia":"<pre class=sf-dump id=sf-dump-1559959754 data-indent-pad=\"  \"><span class=sf-dump-const>null</span>
</pre><script>Sfdump(\"sf-dump-1559959754\", {\"maxDepth\":3,\"maxStringLength\":160})</script>
","contenedor":"<pre class=sf-dump id=sf-dump-647479792 data-indent-pad=\"  \"><span class=sf-dump-const>null</span>
</pre><script>Sfdump(\"sf-dump-647479792\", {\"maxDepth\":3,\"maxStringLength\":160})</script>
","enabled_modules":"<pre class=sf-dump id=sf-dump-242099042 data-indent-pad=\"  \"><span class=sf-dump-note>array:7</span> [<samp data-depth=1 class=sf-dump-expanded>
  <span class=sf-dump-index>0</span> => \"<span class=sf-dump-str title=\"9 characters\">purchases</span>\"
  <span class=sf-dump-index>1</span> => \"<span class=sf-dump-str title=\"8 characters\">add_sale</span>\"
  <span class=sf-dump-index>2</span> => \"<span class=sf-dump-str title=\"8 characters\">pos_sale</span>\"
  <span class=sf-dump-index>3</span> => \"<span class=sf-dump-str title=\"15 characters\">stock_transfers</span>\"
  <span class=sf-dump-index>4</span> => \"<span class=sf-dump-str title=\"16 characters\">stock_adjustment</span>\"
  <span class=sf-dump-index>5</span> => \"<span class=sf-dump-str title=\"8 characters\">expenses</span>\"
  <span class=sf-dump-index>6</span> => \"<span class=sf-dump-str title=\"7 characters\">account</span>\"
</samp>]
</pre><script>Sfdump(\"sf-dump-242099042\", {\"maxDepth\":3,\"maxStringLength\":160})</script>
","__is_pusher_enabled":"<pre class=sf-dump id=sf-dump-889898138 data-indent-pad=\"  \"><span class=sf-dump-const>false</span>
</pre><script>Sfdump(\"sf-dump-889898138\", {\"maxDepth\":3,\"maxStringLength\":160})</script>
"}},"userId":1,"exception":"[object] (Spatie\\LaravelIgnition\\Exceptions\\ViewException(code: 0): Missing required parameter for [Route: historial-importaciones.excel] [URI: historial-importaciones/{transaction}/excel] [Missing parameter: transaction]. at D:\\PROYECTOS\\IMPORTACIONES RAMIREZ\\ERP-RAMIREZ\\vendor\\laravel\\framework\\src\\Illuminate\\Routing\\Exceptions\\UrlGenerationException.php:35)
[stacktrace]
#0 D:\\PROYECTOS\\IMPORTACIONES RAMIREZ\\ERP-RAMIREZ\\vendor\\laravel\\framework\\src\\Illuminate\\Routing\\RouteUrlGenerator.php(90): Illuminate\\Routing\\Exceptions\\UrlGenerationException::forMissingParameters(Object(Illuminate\\Routing\\Route), Array)
#1 D:\\PROYECTOS\\IMPORTACIONES RAMIREZ\\ERP-RAMIREZ\\vendor\\laravel\\framework\\src\\Illuminate\\Routing\\UrlGenerator.php(492): Illuminate\\Routing\\RouteUrlGenerator->to(Object(Illuminate\\Routing\\Route), Array, true)
#2 D:\\PROYECTOS\\IMPORTACIONES RAMIREZ\\ERP-RAMIREZ\\vendor\\laravel\\framework\\src\\Illuminate\\Routing\\UrlGenerator.php(464): Illuminate\\Routing\\UrlGenerator->toRoute(Object(Illuminate\\Routing\\Route), Array, true)
#3 D:\\PROYECTOS\\IMPORTACIONES RAMIREZ\\ERP-RAMIREZ\\vendor\\laravel\\framework\\src\\Illuminate\\Foundation\\helpers.php(826): Illuminate\\Routing\\UrlGenerator->route('historial-impor...', Array, true)
#4 D:\\PROYECTOS\\IMPORTACIONES RAMIREZ\\ERP-RAMIREZ\\resources\\views\\purchase\\importaciones\\index.blade.php(88): route('historial-impor...', Array)
#5 D:\\PROYECTOS\\IMPORTACIONES RAMIREZ\\ERP-RAMIREZ\\vendor\\laravel\\framework\\src\\Illuminate\\Filesystem\\Filesystem.php(109): require('D:\\\\PROYECTOS\\\\IM...')
#6 D:\\PROYECTOS\\IMPORTACIONES RAMIREZ\\ERP-RAMIREZ\\vendor\\laravel\\framework\\src\\Illuminate\\Filesystem\\Filesystem.php(110): Illuminate\\Filesystem\\Filesystem::Illuminate\\Filesystem\\{closure}()
#7 D:\\PROYECTOS\\IMPORTACIONES RAMIREZ\\ERP-RAMIREZ\\vendor\\laravel\\framework\\src\\Illuminate\\View\\Engines\\PhpEngine.php(58): Illuminate\\Filesystem\\Filesystem->getRequire('D:\\\\PROYECTOS\\\\IM...', Array)
#8 D:\\PROYECTOS\\IMPORTACIONES RAMIREZ\\ERP-RAMIREZ\\vendor\\laravel\\framework\\src\\Illuminate\\View\\Engines\\CompilerEngine.php(70): Illuminate\\View\\Engines\\PhpEngine->evaluatePath('D:\\\\PROYECTOS\\\\IM...', Array)
#9 D:\\PROYECTOS\\IMPORTACIONES RAMIREZ\\ERP-RAMIREZ\\vendor\\laravel\\framework\\src\\Illuminate\\View\\View.php(195): Illuminate\\View\\Engines\\CompilerEngine->get('D:\\\\PROYECTOS\\\\IM...', Array)
#10 D:\\PROYECTOS\\IMPORTACIONES RAMIREZ\\ERP-RAMIREZ\\vendor\\laravel\\framework\\src\\Illuminate\\View\\View.php(178): Illuminate\\View\\View->getContents()
#11 D:\\PROYECTOS\\IMPORTACIONES RAMIREZ\\ERP-RAMIREZ\\vendor\\laravel\\framework\\src\\Illuminate\\View\\View.php(147): Illuminate\\View\\View->renderContents()
#12 D:\\PROYECTOS\\IMPORTACIONES RAMIREZ\\ERP-RAMIREZ\\vendor\\laravel\\framework\\src\\Illuminate\\Http\\Response.php(69): Illuminate\\View\\View->render()
#13 D:\\PROYECTOS\\IMPORTACIONES RAMIREZ\\ERP-RAMIREZ\\vendor\\laravel\\framework\\src\\Illuminate\\Http\\Response.php(35): Illuminate\\Http\\Response->setContent(Object(Illuminate\\View\\View))
#14 D:\\PROYECTOS\\IMPORTACIONES RAMIREZ\\ERP-RAMIREZ\\vendor\\laravel\\framework\\src\\Illuminate\\Routing\\Router.php(906): Illuminate\\Http\\Response->__construct(Object(Illuminate\\View\\View), 200, Array)
#15 D:\\PROYECTOS\\IMPORTACIONES RAMIREZ\\ERP-RAMIREZ\\vendor\\laravel\\framework\\src\\Illuminate\\Routing\\Router.php(875): Illuminate\\Routing\\Router::toResponse(Object(Illuminate\\Http\\Request), Object(Illuminate\\View\\View))
#16 D:\\PROYECTOS\\IMPORTACIONES RAMIREZ\\ERP-RAMIREZ\\vendor\\laravel\\framework\\src\\Illuminate\\Routing\\Router.php(797): Illuminate\\Routing\\Router->prepareResponse(Object(Illuminate\\Http\\Request), Object(Illuminate\\View\\View))
#17 D:\\PROYECTOS\\IMPORTACIONES RAMIREZ\\ERP-RAMIREZ\\vendor\\laravel\\framework\\src\\Illuminate\\Pipeline\\Pipeline.php(141): Illuminate\\Routing\\Router->Illuminate\\Routing\\{closure}(Object(Illuminate\\Http\\Request))
#18 D:\\PROYECTOS\\IMPORTACIONES RAMIREZ\\ERP-RAMIREZ\\app\\Http\\Middleware\\CheckUserLogin.php(22): Illuminate\\Pipeline\\Pipeline->Illuminate\\Pipeline\\{closure}(Object(Illuminate\\Http\\Request))
#19 D:\\PROYECTOS\\IMPORTACIONES RAMIREZ\\ERP-RAMIREZ\\vendor\\laravel\\framework\\src\\Illuminate\\Pipeline\\Pipeline.php(180): App\\Http\\Middleware\\CheckUserLogin->handle(Object(Illuminate\\Http\\Request), Object(Closure))
#20 D:\\PROYECTOS\\IMPORTACIONES RAMIREZ\\ERP-RAMIREZ\\app\\Http\\Middleware\\AdminSidebarMenu.php(906): Illuminate\\Pipeline\\Pipeline->Illuminate\\Pipeline\\{closure}(Object(Illuminate\\Http\\Request))
#21 D:\\PROYECTOS\\IMPORTACIONES RAMIREZ\\ERP-RAMIREZ\\vendor\\laravel\\framework\\src\\Illuminate\\Pipeline\\Pipeline.php(180): App\\Http\\Middleware\\AdminSidebarMenu->handle(Object(Illuminate\\Http\\Request), Object(Closure))
#22 D:\\PROYECTOS\\IMPORTACIONES RAMIREZ\\ERP-RAMIREZ\\app\\Http\\Middleware\\Timezone.php(30): Illuminate\\Pipeline\\Pipeline->Illuminate\\Pipeline\\{closure}(Object(Illuminate\\Http\\Request))
#23 D:\\PROYECTOS\\IMPORTACIONES RAMIREZ\\ERP-RAMIREZ\\vendor\\laravel\\framework\\src\\Illuminate\\Pipeline\\Pipeline.php(180): App\\Http\\Middleware\\Timezone->handle(Object(Illuminate\\Http\\Request), Object(Closure))
#24 D:\\PROYECTOS\\IMPORTACIONES RAMIREZ\\ERP-RAMIREZ\\app\\Http\\Middleware\\Language.php(25): Illuminate\\Pipeline\\Pipeline->Illuminate\\Pipeline\\{closure}(Object(Illuminate\\Http\\Request))
#25 D:\\PROYECTOS\\IMPORTACIONES RAMIREZ\\ERP-RAMIREZ\\vendor\\laravel\\framework\\src\\Illuminate\\Pipeline\\Pipeline.php(180): App\\Http\\Middleware\\Language->handle(Object(Illuminate\\Http\\Request), Object(Closure))
#26 D:\\PROYECTOS\\IMPORTACIONES RAMIREZ\\ERP-RAMIREZ\\app\\Http\\Middleware\\SetSessionData.php(52): Illuminate\\Pipeline\\Pipeline->Illuminate\\Pipeline\\{closure}(Object(Illuminate\\Http\\Request))
#27 D:\\PROYECTOS\\IMPORTACIONES RAMIREZ\\ERP-RAMIREZ\\vendor\\laravel\\framework\\src\\Illuminate\\Pipeline\\Pipeline.php(180): App\\Http\\Middleware\\SetSessionData->handle(Object(Illuminate\\Http\\Request), Object(Closure))
#28 D:\\PROYECTOS\\IMPORTACIONES RAMIREZ\\ERP-RAMIREZ\\app\\Http\\Middleware\\IsInstalled.php(50): Illuminate\\Pipeline\\Pipeline->Illuminate\\Pipeline\\{closure}(Object(Illuminate\\Http\\Request))
#29 D:\\PROYECTOS\\IMPORTACIONES RAMIREZ\\ERP-RAMIREZ\\vendor\\laravel\\framework\\src\\Illuminate\\Pipeline\\Pipeline.php(180): App\\Http\\Middleware\\IsInstalled->handle(Object(Illuminate\\Http\\Request), Object(Closure))
#30 D:\\PROYECTOS\\IMPORTACIONES RAMIREZ\\ERP-RAMIREZ\\vendor\\laravel\\framework\\src\\Illuminate\\Routing\\Middleware\\SubstituteBindings.php(50): Illuminate\\Pipeline\\Pipeline->Illuminate\\Pipeline\\{closure}(Object(Illuminate\\Http\\Request))
#31 D:\\PROYECTOS\\IMPORTACIONES RAMIREZ\\ERP-RAMIREZ\\vendor\\laravel\\framework\\src\\Illuminate\\Pipeline\\Pipeline.php(180): Illuminate\\Routing\\Middleware\\SubstituteBindings->handle(Object(Illuminate\\Http\\Request), Object(Closure))
#32 D:\\PROYECTOS\\IMPORTACIONES RAMIREZ\\ERP-RAMIREZ\\vendor\\laravel\\framework\\src\\Illuminate\\Auth\\Middleware\\Authenticate.php(44): Illuminate\\Pipeline\\Pipeline->Illuminate\\Pipeline\\{closure}(Object(Illuminate\\Http\\Request))
#33 D:\\PROYECTOS\\IMPORTACIONES RAMIREZ\\ERP-RAMIREZ\\vendor\\laravel\\framework\\src\\Illuminate\\Pipeline\\Pipeline.php(180): Illuminate\\Auth\\Middleware\\Authenticate->handle(Object(Illuminate\\Http\\Request), Object(Closure))
#34 D:\\PROYECTOS\\IMPORTACIONES RAMIREZ\\ERP-RAMIREZ\\vendor\\laravel\\framework\\src\\Illuminate\\Foundation\\Http\\Middleware\\VerifyCsrfToken.php(78): Illuminate\\Pipeline\\Pipeline->Illuminate\\Pipeline\\{closure}(Object(Illuminate\\Http\\Request))
#35 D:\\PROYECTOS\\IMPORTACIONES RAMIREZ\\ERP-RAMIREZ\\vendor\\laravel\\framework\\src\\Illuminate\\Pipeline\\Pipeline.php(180): Illuminate\\Foundation\\Http\\Middleware\\VerifyCsrfToken->handle(Object(Illuminate\\Http\\Request), Object(Closure))
#36 D:\\PROYECTOS\\IMPORTACIONES RAMIREZ\\ERP-RAMIREZ\\vendor\\laravel\\framework\\src\\Illuminate\\View\\Middleware\\ShareErrorsFromSession.php(49): Illuminate\\Pipeline\\Pipeline->Illuminate\\Pipeline\\{closure}(Object(Illuminate\\Http\\Request))
#37 D:\\PROYECTOS\\IMPORTACIONES RAMIREZ\\ERP-RAMIREZ\\vendor\\laravel\\framework\\src\\Illuminate\\Pipeline\\Pipeline.php(180): Illuminate\\View\\Middleware\\ShareErrorsFromSession->handle(Object(Illuminate\\Http\\Request), Object(Closure))
#38 D:\\PROYECTOS\\IMPORTACIONES RAMIREZ\\ERP-RAMIREZ\\vendor\\laravel\\framework\\src\\Illuminate\\Session\\Middleware\\StartSession.php(121): Illuminate\\Pipeline\\Pipeline->Illuminate\\Pipeline\\{closure}(Object(Illuminate\\Http\\Request))
#39 D:\\PROYECTOS\\IMPORTACIONES RAMIREZ\\ERP-RAMIREZ\\vendor\\laravel\\framework\\src\\Illuminate\\Session\\Middleware\\StartSession.php(64): Illuminate\\Session\\Middleware\\StartSession->handleStatefulRequest(Object(Illuminate\\Http\\Request), Object(Illuminate\\Session\\Store), Object(Closure))
#40 D:\\PROYECTOS\\IMPORTACIONES RAMIREZ\\ERP-RAMIREZ\\vendor\\laravel\\framework\\src\\Illuminate\\Pipeline\\Pipeline.php(180): Illuminate\\Session\\Middleware\\StartSession->handle(Object(Illuminate\\Http\\Request), Object(Closure))
#41 D:\\PROYECTOS\\IMPORTACIONES RAMIREZ\\ERP-RAMIREZ\\vendor\\laravel\\framework\\src\\Illuminate\\Cookie\\Middleware\\AddQueuedCookiesToResponse.php(37): Illuminate\\Pipeline\\Pipeline->Illuminate\\Pipeline\\{closure}(Object(Illuminate\\Http\\Request))
#42 D:\\PROYECTOS\\IMPORTACIONES RAMIREZ\\ERP-RAMIREZ\\vendor\\laravel\\framework\\src\\Illuminate\\Pipeline\\Pipeline.php(180): Illuminate\\Cookie\\Middleware\\AddQueuedCookiesToResponse->handle(Object(Illuminate\\Http\\Request), Object(Closure))
#43 D:\\PROYECTOS\\IMPORTACIONES RAMIREZ\\ERP-RAMIREZ\\vendor\\laravel\\framework\\src\\Illuminate\\Cookie\\Middleware\\EncryptCookies.php(67): Illuminate\\Pipeline\\Pipeline->Illuminate\\Pipeline\\{closure}(Object(Illuminate\\Http\\Request))
#44 D:\\PROYECTOS\\IMPORTACIONES RAMIREZ\\ERP-RAMIREZ\\vendor\\laravel\\framework\\src\\Illuminate\\Pipeline\\Pipeline.php(180): Illuminate\\Cookie\\Middleware\\EncryptCookies->handle(Object(Illuminate\\Http\\Request), Object(Closure))
#45 D:\\PROYECTOS\\IMPORTACIONES RAMIREZ\\ERP-RAMIREZ\\vendor\\laravel\\framework\\src\\Illuminate\\Pipeline\\Pipeline.php(116): Illuminate\\Pipeline\\Pipeline->Illuminate\\Pipeline\\{closure}(Object(Illuminate\\Http\\Request))
#46 D:\\PROYECTOS\\IMPORTACIONES RAMIREZ\\ERP-RAMIREZ\\vendor\\laravel\\framework\\src\\Illuminate\\Routing\\Router.php(797): Illuminate\\Pipeline\\Pipeline->then(Object(Closure))
#47 D:\\PROYECTOS\\IMPORTACIONES RAMIREZ\\ERP-RAMIREZ\\vendor\\laravel\\framework\\src\\Illuminate\\Routing\\Router.php(776): Illuminate\\Routing\\Router->runRouteWithinStack(Object(Illuminate\\Routing\\Route), Object(Illuminate\\Http\\Request))
#48 D:\\PROYECTOS\\IMPORTACIONES RAMIREZ\\ERP-RAMIREZ\\vendor\\laravel\\framework\\src\\Illuminate\\Routing\\Router.php(740): Illuminate\\Routing\\Router->runRoute(Object(Illuminate\\Http\\Request), Object(Illuminate\\Routing\\Route))
#49 D:\\PROYECTOS\\IMPORTACIONES RAMIREZ\\ERP-RAMIREZ\\vendor\\laravel\\framework\\src\\Illuminate\\Routing\\Router.php(729): Illuminate\\Routing\\Router->dispatchToRoute(Object(Illuminate\\Http\\Request))
#50 D:\\PROYECTOS\\IMPORTACIONES RAMIREZ\\ERP-RAMIREZ\\vendor\\laravel\\framework\\src\\Illuminate\\Foundation\\Http\\Kernel.php(190): Illuminate\\Routing\\Router->dispatch(Object(Illuminate\\Http\\Request))
#51 D:\\PROYECTOS\\IMPORTACIONES RAMIREZ\\ERP-RAMIREZ\\vendor\\laravel\\framework\\src\\Illuminate\\Pipeline\\Pipeline.php(141): Illuminate\\Foundation\\Http\\Kernel->Illuminate\\Foundation\\Http\\{closure}(Object(Illuminate\\Http\\Request))
#52 D:\\PROYECTOS\\IMPORTACIONES RAMIREZ\\ERP-RAMIREZ\\vendor\\barryvdh\\laravel-debugbar\\src\\Middleware\\InjectDebugbar.php(59): Illuminate\\Pipeline\\Pipeline->Illuminate\\Pipeline\\{closure}(Object(Illuminate\\Http\\Request))
#53 D:\\PROYECTOS\\IMPORTACIONES RAMIREZ\\ERP-RAMIREZ\\vendor\\laravel\\framework\\src\\Illuminate\\Pipeline\\Pipeline.php(180): Barryvdh\\Debugbar\\Middleware\\InjectDebugbar->handle(Object(Illuminate\\Http\\Request), Object(Closure))
#54 D:\\PROYECTOS\\IMPORTACIONES RAMIREZ\\ERP-RAMIREZ\\vendor\\laravel\\framework\\src\\Illuminate\\Foundation\\Http\\Middleware\\TransformsRequest.php(21): Illuminate\\Pipeline\\Pipeline->Illuminate\\Pipeline\\{closure}(Object(Illuminate\\Http\\Request))
#55 D:\\PROYECTOS\\IMPORTACIONES RAMIREZ\\ERP-RAMIREZ\\vendor\\laravel\\framework\\src\\Illuminate\\Foundation\\Http\\Middleware\\ConvertEmptyStringsToNull.php(31): Illuminate\\Foundation\\Http\\Middleware\\TransformsRequest->handle(Object(Illuminate\\Http\\Request), Object(Closure))
#56 D:\\PROYECTOS\\IMPORTACIONES RAMIREZ\\ERP-RAMIREZ\\vendor\\laravel\\framework\\src\\Illuminate\\Pipeline\\Pipeline.php(180): Illuminate\\Foundation\\Http\\Middleware\\ConvertEmptyStringsToNull->handle(Object(Illuminate\\Http\\Request), Object(Closure))
#57 D:\\PROYECTOS\\IMPORTACIONES RAMIREZ\\ERP-RAMIREZ\\vendor\\laravel\\framework\\src\\Illuminate\\Foundation\\Http\\Middleware\\TransformsRequest.php(21): Illuminate\\Pipeline\\Pipeline->Illuminate\\Pipeline\\{closure}(Object(Illuminate\\Http\\Request))
#58 D:\\PROYECTOS\\IMPORTACIONES RAMIREZ\\ERP-RAMIREZ\\vendor\\laravel\\framework\\src\\Illuminate\\Foundation\\Http\\Middleware\\TrimStrings.php(40): Illuminate\\Foundation\\Http\\Middleware\\TransformsRequest->handle(Object(Illuminate\\Http\\Request), Object(Closure))
#59 D:\\PROYECTOS\\IMPORTACIONES RAMIREZ\\ERP-RAMIREZ\\vendor\\laravel\\framework\\src\\Illuminate\\Pipeline\\Pipeline.php(180): Illuminate\\Foundation\\Http\\Middleware\\TrimStrings->handle(Object(Illuminate\\Http\\Request), Object(Closure))
#60 D:\\PROYECTOS\\IMPORTACIONES RAMIREZ\\ERP-RAMIREZ\\vendor\\laravel\\framework\\src\\Illuminate\\Foundation\\Http\\Middleware\\ValidatePostSize.php(27): Illuminate\\Pipeline\\Pipeline->Illuminate\\Pipeline\\{closure}(Object(Illuminate\\Http\\Request))
#61 D:\\PROYECTOS\\IMPORTACIONES RAMIREZ\\ERP-RAMIREZ\\vendor\\laravel\\framework\\src\\Illuminate\\Pipeline\\Pipeline.php(180): Illuminate\\Foundation\\Http\\Middleware\\ValidatePostSize->handle(Object(Illuminate\\Http\\Request), Object(Closure))
#62 D:\\PROYECTOS\\IMPORTACIONES RAMIREZ\\ERP-RAMIREZ\\vendor\\laravel\\framework\\src\\Illuminate\\Foundation\\Http\\Middleware\\PreventRequestsDuringMaintenance.php(86): Illuminate\\Pipeline\\Pipeline->Illuminate\\Pipeline\\{closure}(Object(Illuminate\\Http\\Request))
#63 D:\\PROYECTOS\\IMPORTACIONES RAMIREZ\\ERP-RAMIREZ\\vendor\\laravel\\framework\\src\\Illuminate\\Pipeline\\Pipeline.php(180): Illuminate\\Foundation\\Http\\Middleware\\PreventRequestsDuringMaintenance->handle(Object(Illuminate\\Http\\Request), Object(Closure))
#64 D:\\PROYECTOS\\IMPORTACIONES RAMIREZ\\ERP-RAMIREZ\\vendor\\laravel\\framework\\src\\Illuminate\\Http\\Middleware\\HandleCors.php(49): Illuminate\\Pipeline\\Pipeline->Illuminate\\Pipeline\\{closure}(Object(Illuminate\\Http\\Request))
#65 D:\\PROYECTOS\\IMPORTACIONES RAMIREZ\\ERP-RAMIREZ\\vendor\\laravel\\framework\\src\\Illuminate\\Pipeline\\Pipeline.php(180): Illuminate\\Http\\Middleware\\HandleCors->handle(Object(Illuminate\\Http\\Request), Object(Closure))
#66 D:\\PROYECTOS\\IMPORTACIONES RAMIREZ\\ERP-RAMIREZ\\vendor\\laravel\\framework\\src\\Illuminate\\Http\\Middleware\\TrustProxies.php(39): Illuminate\\Pipeline\\Pipeline->Illuminate\\Pipeline\\{closure}(Object(Illuminate\\Http\\Request))
#67 D:\\PROYECTOS\\IMPORTACIONES RAMIREZ\\ERP-RAMIREZ\\vendor\\laravel\\framework\\src\\Illuminate\\Pipeline\\Pipeline.php(180): Illuminate\\Http\\Middleware\\TrustProxies->handle(Object(Illuminate\\Http\\Request), Object(Closure))
#68 D:\\PROYECTOS\\IMPORTACIONES RAMIREZ\\ERP-RAMIREZ\\vendor\\laravel\\framework\\src\\Illuminate\\Pipeline\\Pipeline.php(116): Illuminate\\Pipeline\\Pipeline->Illuminate\\Pipeline\\{closure}(Object(Illuminate\\Http\\Request))
#69 D:\\PROYECTOS\\IMPORTACIONES RAMIREZ\\ERP-RAMIREZ\\vendor\\laravel\\framework\\src\\Illuminate\\Foundation\\Http\\Kernel.php(165): Illuminate\\Pipeline\\Pipeline->then(Object(Closure))
#70 D:\\PROYECTOS\\IMPORTACIONES RAMIREZ\\ERP-RAMIREZ\\vendor\\laravel\\framework\\src\\Illuminate\\Foundation\\Http\\Kernel.php(134): Illuminate\\Foundation\\Http\\Kernel->sendRequestThroughRouter(Object(Illuminate\\Http\\Request))
#71 D:\\PROYECTOS\\IMPORTACIONES RAMIREZ\\ERP-RAMIREZ\\public\\index.php(51): Illuminate\\Foundation\\Http\\Kernel->handle(Object(Illuminate\\Http\\Request))
#72 D:\\PROYECTOS\\IMPORTACIONES RAMIREZ\\ERP-RAMIREZ\\vendor\\laravel\\framework\\src\\Illuminate\\Foundation\\resources\\server.php(16): require_once('D:\\\\PROYECTOS\\\\IM...')
#73 {main}

[previous exception] [object] (Illuminate\\Routing\\Exceptions\\UrlGenerationException(code: 0): Missing required parameter for [Route: historial-importaciones.excel] [URI: historial-importaciones/{transaction}/excel] [Missing parameter: transaction]. at D:\\PROYECTOS\\IMPORTACIONES RAMIREZ\\ERP-RAMIREZ\\vendor\\laravel\\framework\\src\\Illuminate\\Routing\\Exceptions\\UrlGenerationException.php:35)
[stacktrace]
#0 D:\\PROYECTOS\\IMPORTACIONES RAMIREZ\\ERP-RAMIREZ\\vendor\\laravel\\framework\\src\\Illuminate\\Routing\\RouteUrlGenerator.php(90): Illuminate\\Routing\\Exceptions\\UrlGenerationException::forMissingParameters(Object(Illuminate\\Routing\\Route), Array)
#1 D:\\PROYECTOS\\IMPORTACIONES RAMIREZ\\ERP-RAMIREZ\\vendor\\laravel\\framework\\src\\Illuminate\\Routing\\UrlGenerator.php(492): Illuminate\\Routing\\RouteUrlGenerator->to(Object(Illuminate\\Routing\\Route), Array, true)
#2 D:\\PROYECTOS\\IMPORTACIONES RAMIREZ\\ERP-RAMIREZ\\vendor\\laravel\\framework\\src\\Illuminate\\Routing\\UrlGenerator.php(464): Illuminate\\Routing\\UrlGenerator->toRoute(Object(Illuminate\\Routing\\Route), Array, true)
#3 D:\\PROYECTOS\\IMPORTACIONES RAMIREZ\\ERP-RAMIREZ\\vendor\\laravel\\framework\\src\\Illuminate\\Foundation\\helpers.php(826): Illuminate\\Routing\\UrlGenerator->route('historial-impor...', Array, true)
#4 D:\\PROYECTOS\\IMPORTACIONES RAMIREZ\\ERP-RAMIREZ\\storage\\framework\\views\\dc6f0818c41a1e845a314568edf6dc99a1727aa6.php(89): route('historial-impor...', Array)
#5 D:\\PROYECTOS\\IMPORTACIONES RAMIREZ\\ERP-RAMIREZ\\vendor\\laravel\\framework\\src\\Illuminate\\Filesystem\\Filesystem.php(109): require('D:\\\\PROYECTOS\\\\IM...')
#6 D:\\PROYECTOS\\IMPORTACIONES RAMIREZ\\ERP-RAMIREZ\\vendor\\laravel\\framework\\src\\Illuminate\\Filesystem\\Filesystem.php(110): Illuminate\\Filesystem\\Filesystem::Illuminate\\Filesystem\\{closure}()
#7 D:\\PROYECTOS\\IMPORTACIONES RAMIREZ\\ERP-RAMIREZ\\vendor\\laravel\\framework\\src\\Illuminate\\View\\Engines\\PhpEngine.php(58): Illuminate\\Filesystem\\Filesystem->getRequire('D:\\\\PROYECTOS\\\\IM...', Array)
#8 D:\\PROYECTOS\\IMPORTACIONES RAMIREZ\\ERP-RAMIREZ\\vendor\\laravel\\framework\\src\\Illuminate\\View\\Engines\\CompilerEngine.php(70): Illuminate\\View\\Engines\\PhpEngine->evaluatePath('D:\\\\PROYECTOS\\\\IM...', Array)
#9 D:\\PROYECTOS\\IMPORTACIONES RAMIREZ\\ERP-RAMIREZ\\vendor\\laravel\\framework\\src\\Illuminate\\View\\View.php(195): Illuminate\\View\\Engines\\CompilerEngine->get('D:\\\\PROYECTOS\\\\IM...', Array)
#10 D:\\PROYECTOS\\IMPORTACIONES RAMIREZ\\ERP-RAMIREZ\\vendor\\laravel\\framework\\src\\Illuminate\\View\\View.php(178): Illuminate\\View\\View->getContents()
#11 D:\\PROYECTOS\\IMPORTACIONES RAMIREZ\\ERP-RAMIREZ\\vendor\\laravel\\framework\\src\\Illuminate\\View\\View.php(147): Illuminate\\View\\View->renderContents()
#12 D:\\PROYECTOS\\IMPORTACIONES RAMIREZ\\ERP-RAMIREZ\\vendor\\laravel\\framework\\src\\Illuminate\\Http\\Response.php(69): Illuminate\\View\\View->render()
#13 D:\\PROYECTOS\\IMPORTACIONES RAMIREZ\\ERP-RAMIREZ\\vendor\\laravel\\framework\\src\\Illuminate\\Http\\Response.php(35): Illuminate\\Http\\Response->setContent(Object(Illuminate\\View\\View))
#14 D:\\PROYECTOS\\IMPORTACIONES RAMIREZ\\ERP-RAMIREZ\\vendor\\laravel\\framework\\src\\Illuminate\\Routing\\Router.php(906): Illuminate\\Http\\Response->__construct(Object(Illuminate\\View\\View), 200, Array)
#15 D:\\PROYECTOS\\IMPORTACIONES RAMIREZ\\ERP-RAMIREZ\\vendor\\laravel\\framework\\src\\Illuminate\\Routing\\Router.php(875): Illuminate\\Routing\\Router::toResponse(Object(Illuminate\\Http\\Request), Object(Illuminate\\View\\View))
#16 D:\\PROYECTOS\\IMPORTACIONES RAMIREZ\\ERP-RAMIREZ\\vendor\\laravel\\framework\\src\\Illuminate\\Routing\\Router.php(797): Illuminate\\Routing\\Router->prepareResponse(Object(Illuminate\\Http\\Request), Object(Illuminate\\View\\View))
#17 D:\\PROYECTOS\\IMPORTACIONES RAMIREZ\\ERP-RAMIREZ\\vendor\\laravel\\framework\\src\\Illuminate\\Pipeline\\Pipeline.php(141): Illuminate\\Routing\\Router->Illuminate\\Routing\\{closure}(Object(Illuminate\\Http\\Request))
#18 D:\\PROYECTOS\\IMPORTACIONES RAMIREZ\\ERP-RAMIREZ\\app\\Http\\Middleware\\CheckUserLogin.php(22): Illuminate\\Pipeline\\Pipeline->Illuminate\\Pipeline\\{closure}(Object(Illuminate\\Http\\Request))
#19 D:\\PROYECTOS\\IMPORTACIONES RAMIREZ\\ERP-RAMIREZ\\vendor\\laravel\\framework\\src\\Illuminate\\Pipeline\\Pipeline.php(180): App\\Http\\Middleware\\CheckUserLogin->handle(Object(Illuminate\\Http\\Request), Object(Closure))
#20 D:\\PROYECTOS\\IMPORTACIONES RAMIREZ\\ERP-RAMIREZ\\app\\Http\\Middleware\\AdminSidebarMenu.php(906): Illuminate\\Pipeline\\Pipeline->Illuminate\\Pipeline\\{closure}(Object(Illuminate\\Http\\Request))
#21 D:\\PROYECTOS\\IMPORTACIONES RAMIREZ\\ERP-RAMIREZ\\vendor\\laravel\\framework\\src\\Illuminate\\Pipeline\\Pipeline.php(180): App\\Http\\Middleware\\AdminSidebarMenu->handle(Object(Illuminate\\Http\\Request), Object(Closure))
#22 D:\\PROYECTOS\\IMPORTACIONES RAMIREZ\\ERP-RAMIREZ\\app\\Http\\Middleware\\Timezone.php(30): Illuminate\\Pipeline\\Pipeline->Illuminate\\Pipeline\\{closure}(Object(Illuminate\\Http\\Request))
#23 D:\\PROYECTOS\\IMPORTACIONES RAMIREZ\\ERP-RAMIREZ\\vendor\\laravel\\framework\\src\\Illuminate\\Pipeline\\Pipeline.php(180): App\\Http\\Middleware\\Timezone->handle(Object(Illuminate\\Http\\Request), Object(Closure))
#24 D:\\PROYECTOS\\IMPORTACIONES RAMIREZ\\ERP-RAMIREZ\\app\\Http\\Middleware\\Language.php(25): Illuminate\\Pipeline\\Pipeline->Illuminate\\Pipeline\\{closure}(Object(Illuminate\\Http\\Request))
#25 D:\\PROYECTOS\\IMPORTACIONES RAMIREZ\\ERP-RAMIREZ\\vendor\\laravel\\framework\\src\\Illuminate\\Pipeline\\Pipeline.php(180): App\\Http\\Middleware\\Language->handle(Object(Illuminate\\Http\\Request), Object(Closure))
#26 D:\\PROYECTOS\\IMPORTACIONES RAMIREZ\\ERP-RAMIREZ\\app\\Http\\Middleware\\SetSessionData.php(52): Illuminate\\Pipeline\\Pipeline->Illuminate\\Pipeline\\{closure}(Object(Illuminate\\Http\\Request))
#27 D:\\PROYECTOS\\IMPORTACIONES RAMIREZ\\ERP-RAMIREZ\\vendor\\laravel\\framework\\src\\Illuminate\\Pipeline\\Pipeline.php(180): App\\Http\\Middleware\\SetSessionData->handle(Object(Illuminate\\Http\\Request), Object(Closure))
#28 D:\\PROYECTOS\\IMPORTACIONES RAMIREZ\\ERP-RAMIREZ\\app\\Http\\Middleware\\IsInstalled.php(50): Illuminate\\Pipeline\\Pipeline->Illuminate\\Pipeline\\{closure}(Object(Illuminate\\Http\\Request))
#29 D:\\PROYECTOS\\IMPORTACIONES RAMIREZ\\ERP-RAMIREZ\\vendor\\laravel\\framework\\src\\Illuminate\\Pipeline\\Pipeline.php(180): App\\Http\\Middleware\\IsInstalled->handle(Object(Illuminate\\Http\\Request), Object(Closure))
#30 D:\\PROYECTOS\\IMPORTACIONES RAMIREZ\\ERP-RAMIREZ\\vendor\\laravel\\framework\\src\\Illuminate\\Routing\\Middleware\\SubstituteBindings.php(50): Illuminate\\Pipeline\\Pipeline->Illuminate\\Pipeline\\{closure}(Object(Illuminate\\Http\\Request))
#31 D:\\PROYECTOS\\IMPORTACIONES RAMIREZ\\ERP-RAMIREZ\\vendor\\laravel\\framework\\src\\Illuminate\\Pipeline\\Pipeline.php(180): Illuminate\\Routing\\Middleware\\SubstituteBindings->handle(Object(Illuminate\\Http\\Request), Object(Closure))
#32 D:\\PROYECTOS\\IMPORTACIONES RAMIREZ\\ERP-RAMIREZ\\vendor\\laravel\\framework\\src\\Illuminate\\Auth\\Middleware\\Authenticate.php(44): Illuminate\\Pipeline\\Pipeline->Illuminate\\Pipeline\\{closure}(Object(Illuminate\\Http\\Request))
#33 D:\\PROYECTOS\\IMPORTACIONES RAMIREZ\\ERP-RAMIREZ\\vendor\\laravel\\framework\\src\\Illuminate\\Pipeline\\Pipeline.php(180): Illuminate\\Auth\\Middleware\\Authenticate->handle(Object(Illuminate\\Http\\Request), Object(Closure))
#34 D:\\PROYECTOS\\IMPORTACIONES RAMIREZ\\ERP-RAMIREZ\\vendor\\laravel\\framework\\src\\Illuminate\\Foundation\\Http\\Middleware\\VerifyCsrfToken.php(78): Illuminate\\Pipeline\\Pipeline->Illuminate\\Pipeline\\{closure}(Object(Illuminate\\Http\\Request))
#35 D:\\PROYECTOS\\IMPORTACIONES RAMIREZ\\ERP-RAMIREZ\\vendor\\laravel\\framework\\src\\Illuminate\\Pipeline\\Pipeline.php(180): Illuminate\\Foundation\\Http\\Middleware\\VerifyCsrfToken->handle(Object(Illuminate\\Http\\Request), Object(Closure))
#36 D:\\PROYECTOS\\IMPORTACIONES RAMIREZ\\ERP-RAMIREZ\\vendor\\laravel\\framework\\src\\Illuminate\\View\\Middleware\\ShareErrorsFromSession.php(49): Illuminate\\Pipeline\\Pipeline->Illuminate\\Pipeline\\{closure}(Object(Illuminate\\Http\\Request))
#37 D:\\PROYECTOS\\IMPORTACIONES RAMIREZ\\ERP-RAMIREZ\\vendor\\laravel\\framework\\src\\Illuminate\\Pipeline\\Pipeline.php(180): Illuminate\\View\\Middleware\\ShareErrorsFromSession->handle(Object(Illuminate\\Http\\Request), Object(Closure))
#38 D:\\PROYECTOS\\IMPORTACIONES RAMIREZ\\ERP-RAMIREZ\\vendor\\laravel\\framework\\src\\Illuminate\\Session\\Middleware\\StartSession.php(121): Illuminate\\Pipeline\\Pipeline->Illuminate\\Pipeline\\{closure}(Object(Illuminate\\Http\\Request))
#39 D:\\PROYECTOS\\IMPORTACIONES RAMIREZ\\ERP-RAMIREZ\\vendor\\laravel\\framework\\src\\Illuminate\\Session\\Middleware\\StartSession.php(64): Illuminate\\Session\\Middleware\\StartSession->handleStatefulRequest(Object(Illuminate\\Http\\Request), Object(Illuminate\\Session\\Store), Object(Closure))
#40 D:\\PROYECTOS\\IMPORTACIONES RAMIREZ\\ERP-RAMIREZ\\vendor\\laravel\\framework\\src\\Illuminate\\Pipeline\\Pipeline.php(180): Illuminate\\Session\\Middleware\\StartSession->handle(Object(Illuminate\\Http\\Request), Object(Closure))
#41 D:\\PROYECTOS\\IMPORTACIONES RAMIREZ\\ERP-RAMIREZ\\vendor\\laravel\\framework\\src\\Illuminate\\Cookie\\Middleware\\AddQueuedCookiesToResponse.php(37): Illuminate\\Pipeline\\Pipeline->Illuminate\\Pipeline\\{closure}(Object(Illuminate\\Http\\Request))
#42 D:\\PROYECTOS\\IMPORTACIONES RAMIREZ\\ERP-RAMIREZ\\vendor\\laravel\\framework\\src\\Illuminate\\Pipeline\\Pipeline.php(180): Illuminate\\Cookie\\Middleware\\AddQueuedCookiesToResponse->handle(Object(Illuminate\\Http\\Request), Object(Closure))
#43 D:\\PROYECTOS\\IMPORTACIONES RAMIREZ\\ERP-RAMIREZ\\vendor\\laravel\\framework\\src\\Illuminate\\Cookie\\Middleware\\EncryptCookies.php(67): Illuminate\\Pipeline\\Pipeline->Illuminate\\Pipeline\\{closure}(Object(Illuminate\\Http\\Request))
#44 D:\\PROYECTOS\\IMPORTACIONES RAMIREZ\\ERP-RAMIREZ\\vendor\\laravel\\framework\\src\\Illuminate\\Pipeline\\Pipeline.php(180): Illuminate\\Cookie\\Middleware\\EncryptCookies->handle(Object(Illuminate\\Http\\Request), Object(Closure))
#45 D:\\PROYECTOS\\IMPORTACIONES RAMIREZ\\ERP-RAMIREZ\\vendor\\laravel\\framework\\src\\Illuminate\\Pipeline\\Pipeline.php(116): Illuminate\\Pipeline\\Pipeline->Illuminate\\Pipeline\\{closure}(Object(Illuminate\\Http\\Request))
#46 D:\\PROYECTOS\\IMPORTACIONES RAMIREZ\\ERP-RAMIREZ\\vendor\\laravel\\framework\\src\\Illuminate\\Routing\\Router.php(797): Illuminate\\Pipeline\\Pipeline->then(Object(Closure))
#47 D:\\PROYECTOS\\IMPORTACIONES RAMIREZ\\ERP-RAMIREZ\\vendor\\laravel\\framework\\src\\Illuminate\\Routing\\Router.php(776): Illuminate\\Routing\\Router->runRouteWithinStack(Object(Illuminate\\Routing\\Route), Object(Illuminate\\Http\\Request))
#48 D:\\PROYECTOS\\IMPORTACIONES RAMIREZ\\ERP-RAMIREZ\\vendor\\laravel\\framework\\src\\Illuminate\\Routing\\Router.php(740): Illuminate\\Routing\\Router->runRoute(Object(Illuminate\\Http\\Request), Object(Illuminate\\Routing\\Route))
#49 D:\\PROYECTOS\\IMPORTACIONES RAMIREZ\\ERP-RAMIREZ\\vendor\\laravel\\framework\\src\\Illuminate\\Routing\\Router.php(729): Illuminate\\Routing\\Router->dispatchToRoute(Object(Illuminate\\Http\\Request))
#50 D:\\PROYECTOS\\IMPORTACIONES RAMIREZ\\ERP-RAMIREZ\\vendor\\laravel\\framework\\src\\Illuminate\\Foundation\\Http\\Kernel.php(190): Illuminate\\Routing\\Router->dispatch(Object(Illuminate\\Http\\Request))
#51 D:\\PROYECTOS\\IMPORTACIONES RAMIREZ\\ERP-RAMIREZ\\vendor\\laravel\\framework\\src\\Illuminate\\Pipeline\\Pipeline.php(141): Illuminate\\Foundation\\Http\\Kernel->Illuminate\\Foundation\\Http\\{closure}(Object(Illuminate\\Http\\Request))
#52 D:\\PROYECTOS\\IMPORTACIONES RAMIREZ\\ERP-RAMIREZ\\vendor\\barryvdh\\laravel-debugbar\\src\\Middleware\\InjectDebugbar.php(59): Illuminate\\Pipeline\\Pipeline->Illuminate\\Pipeline\\{closure}(Object(Illuminate\\Http\\Request))
#53 D:\\PROYECTOS\\IMPORTACIONES RAMIREZ\\ERP-RAMIREZ\\vendor\\laravel\\framework\\src\\Illuminate\\Pipeline\\Pipeline.php(180): Barryvdh\\Debugbar\\Middleware\\InjectDebugbar->handle(Object(Illuminate\\Http\\Request), Object(Closure))
#54 D:\\PROYECTOS\\IMPORTACIONES RAMIREZ\\ERP-RAMIREZ\\vendor\\laravel\\framework\\src\\Illuminate\\Foundation\\Http\\Middleware\\TransformsRequest.php(21): Illuminate\\Pipeline\\Pipeline->Illuminate\\Pipeline\\{closure}(Object(Illuminate\\Http\\Request))
#55 D:\\PROYECTOS\\IMPORTACIONES RAMIREZ\\ERP-RAMIREZ\\vendor\\laravel\\framework\\src\\Illuminate\\Foundation\\Http\\Middleware\\ConvertEmptyStringsToNull.php(31): Illuminate\\Foundation\\Http\\Middleware\\TransformsRequest->handle(Object(Illuminate\\Http\\Request), Object(Closure))
#56 D:\\PROYECTOS\\IMPORTACIONES RAMIREZ\\ERP-RAMIREZ\\vendor\\laravel\\framework\\src\\Illuminate\\Pipeline\\Pipeline.php(180): Illuminate\\Foundation\\Http\\Middleware\\ConvertEmptyStringsToNull->handle(Object(Illuminate\\Http\\Request), Object(Closure))
#57 D:\\PROYECTOS\\IMPORTACIONES RAMIREZ\\ERP-RAMIREZ\\vendor\\laravel\\framework\\src\\Illuminate\\Foundation\\Http\\Middleware\\TransformsRequest.php(21): Illuminate\\Pipeline\\Pipeline->Illuminate\\Pipeline\\{closure}(Object(Illuminate\\Http\\Request))
#58 D:\\PROYECTOS\\IMPORTACIONES RAMIREZ\\ERP-RAMIREZ\\vendor\\laravel\\framework\\src\\Illuminate\\Foundation\\Http\\Middleware\\TrimStrings.php(40): Illuminate\\Foundation\\Http\\Middleware\\TransformsRequest->handle(Object(Illuminate\\Http\\Request), Object(Closure))
#59 D:\\PROYECTOS\\IMPORTACIONES RAMIREZ\\ERP-RAMIREZ\\vendor\\laravel\\framework\\src\\Illuminate\\Pipeline\\Pipeline.php(180): Illuminate\\Foundation\\Http\\Middleware\\TrimStrings->handle(Object(Illuminate\\Http\\Request), Object(Closure))
#60 D:\\PROYECTOS\\IMPORTACIONES RAMIREZ\\ERP-RAMIREZ\\vendor\\laravel\\framework\\src\\Illuminate\\Foundation\\Http\\Middleware\\ValidatePostSize.php(27): Illuminate\\Pipeline\\Pipeline->Illuminate\\Pipeline\\{closure}(Object(Illuminate\\Http\\Request))
#61 D:\\PROYECTOS\\IMPORTACIONES RAMIREZ\\ERP-RAMIREZ\\vendor\\laravel\\framework\\src\\Illuminate\\Pipeline\\Pipeline.php(180): Illuminate\\Foundation\\Http\\Middleware\\ValidatePostSize->handle(Object(Illuminate\\Http\\Request), Object(Closure))
#62 D:\\PROYECTOS\\IMPORTACIONES RAMIREZ\\ERP-RAMIREZ\\vendor\\laravel\\framework\\src\\Illuminate\\Foundation\\Http\\Middleware\\PreventRequestsDuringMaintenance.php(86): Illuminate\\Pipeline\\Pipeline->Illuminate\\Pipeline\\{closure}(Object(Illuminate\\Http\\Request))
#63 D:\\PROYECTOS\\IMPORTACIONES RAMIREZ\\ERP-RAMIREZ\\vendor\\laravel\\framework\\src\\Illuminate\\Pipeline\\Pipeline.php(180): Illuminate\\Foundation\\Http\\Middleware\\PreventRequestsDuringMaintenance->handle(Object(Illuminate\\Http\\Request), Object(Closure))
#64 D:\\PROYECTOS\\IMPORTACIONES RAMIREZ\\ERP-RAMIREZ\\vendor\\laravel\\framework\\src\\Illuminate\\Http\\Middleware\\HandleCors.php(49): Illuminate\\Pipeline\\Pipeline->Illuminate\\Pipeline\\{closure}(Object(Illuminate\\Http\\Request))
#65 D:\\PROYECTOS\\IMPORTACIONES RAMIREZ\\ERP-RAMIREZ\\vendor\\laravel\\framework\\src\\Illuminate\\Pipeline\\Pipeline.php(180): Illuminate\\Http\\Middleware\\HandleCors->handle(Object(Illuminate\\Http\\Request), Object(Closure))
#66 D:\\PROYECTOS\\IMPORTACIONES RAMIREZ\\ERP-RAMIREZ\\vendor\\laravel\\framework\\src\\Illuminate\\Http\\Middleware\\TrustProxies.php(39): Illuminate\\Pipeline\\Pipeline->Illuminate\\Pipeline\\{closure}(Object(Illuminate\\Http\\Request))
#67 D:\\PROYECTOS\\IMPORTACIONES RAMIREZ\\ERP-RAMIREZ\\vendor\\laravel\\framework\\src\\Illuminate\\Pipeline\\Pipeline.php(180): Illuminate\\Http\\Middleware\\TrustProxies->handle(Object(Illuminate\\Http\\Request), Object(Closure))
#68 D:\\PROYECTOS\\IMPORTACIONES RAMIREZ\\ERP-RAMIREZ\\vendor\\laravel\\framework\\src\\Illuminate\\Pipeline\\Pipeline.php(116): Illuminate\\Pipeline\\Pipeline->Illuminate\\Pipeline\\{closure}(Object(Illuminate\\Http\\Request))
#69 D:\\PROYECTOS\\IMPORTACIONES RAMIREZ\\ERP-RAMIREZ\\vendor\\laravel\\framework\\src\\Illuminate\\Foundation\\Http\\Kernel.php(165): Illuminate\\Pipeline\\Pipeline->then(Object(Closure))
#70 D:\\PROYECTOS\\IMPORTACIONES RAMIREZ\\ERP-RAMIREZ\\vendor\\laravel\\framework\\src\\Illuminate\\Foundation\\Http\\Kernel.php(134): Illuminate\\Foundation\\Http\\Kernel->sendRequestThroughRouter(Object(Illuminate\\Http\\Request))
#71 D:\\PROYECTOS\\IMPORTACIONES RAMIREZ\\ERP-RAMIREZ\\public\\index.php(51): Illuminate\\Foundation\\Http\\Kernel->handle(Object(Illuminate\\Http\\Request))
#72 D:\\PROYECTOS\\IMPORTACIONES RAMIREZ\\ERP-RAMIREZ\\vendor\\laravel\\framework\\src\\Illuminate\\Foundation\\resources\\server.php(16): require_once('D:\\\\PROYECTOS\\\\IM...')
#73 {main}
"} 
[2026-07-03 23:14:04] local.ERROR: Missing required parameter for [Route: historial-importaciones.excel] [URI: historial-importaciones/{transaction}/excel] [Missing parameter: transaction]. {"view":{"view":"D:\\PROYECTOS\\IMPORTACIONES RAMIREZ\\ERP-RAMIREZ\\resources\\views\\purchase\\importaciones\\index.blade.php","data":{"asset_v":"<pre class=sf-dump id=sf-dump-1960429365 data-indent-pad=\"  \"><span class=sf-dump-num>511</span>
</pre><script>Sfdump(\"sf-dump-1960429365\", {\"maxDepth\":3,\"maxStringLength\":160})</script>
","errors":"<pre class=sf-dump id=sf-dump-539775920 data-indent-pad=\"  \"><span class=sf-dump-note>Illuminate\\Support\\ViewErrorBag</span> {<a class=sf-dump-ref>#3313</a><samp data-depth=1 class=sf-dump-expanded>
  #<span class=sf-dump-protected title=\"Protected property\">bags</span>: []
</samp>}
</pre><script>Sfdump(\"sf-dump-539775920\", {\"maxDepth\":3,\"maxStringLength\":160})</script>
","registros":"<pre class=sf-dump id=sf-dump-1603947979 data-indent-pad=\"  \"><span class=sf-dump-note>Illuminate\\Support\\Collection</span> {<a class=sf-dump-ref>#3946</a><samp data-depth=1 class=sf-dump-expanded>
  #<span class=sf-dump-protected title=\"Protected property\">items</span>: <span class=sf-dump-note>array:2</span> [<samp data-depth=2 class=sf-dump-compact>
    <span class=sf-dump-key>61</span> => <span class=sf-dump-note title=\"Illuminate\\Support\\Collection
\"><span class=\"sf-dump-ellipsis sf-dump-ellipsis-note\">Illuminate\\Support</span><span class=\"sf-dump-ellipsis sf-dump-ellipsis-note\">\\</span>Collection</span> {<a class=sf-dump-ref>#3843</a><samp data-depth=3 class=sf-dump-compact>
      #<span class=sf-dump-protected title=\"Protected property\">items</span>: <span class=sf-dump-note>array:5</span> [ &#8230;5]
      #<span class=sf-dump-protected title=\"Protected property\">escapeWhenCastingToString</span>: <span class=sf-dump-const>false</span>
    </samp>}
    <span class=sf-dump-key>6</span> => <span class=sf-dump-note title=\"Illuminate\\Support\\Collection
\"><span class=\"sf-dump-ellipsis sf-dump-ellipsis-note\">Illuminate\\Support</span><span class=\"sf-dump-ellipsis sf-dump-ellipsis-note\">\\</span>Collection</span> {<a class=sf-dump-ref>#3944</a><samp data-depth=3 class=sf-dump-compact>
      #<span class=sf-dump-protected title=\"Protected property\">items</span>: <span class=sf-dump-note>array:3</span> [ &#8230;3]
      #<span class=sf-dump-protected title=\"Protected property\">escapeWhenCastingToString</span>: <span class=sf-dump-const>false</span>
    </samp>}
  </samp>]
  #<span class=sf-dump-protected title=\"Protected property\">escapeWhenCastingToString</span>: <span class=sf-dump-const>false</span>
</samp>}
</pre><script>Sfdump(\"sf-dump-1603947979\", {\"maxDepth\":3,\"maxStringLength\":160})</script>
","productos":"<pre class=sf-dump id=sf-dump-49369609 data-indent-pad=\"  \"><span class=sf-dump-note>Illuminate\\Support\\Collection</span> {<a class=sf-dump-ref>#3615</a><samp data-depth=1 class=sf-dump-expanded>
  #<span class=sf-dump-protected title=\"Protected property\">items</span>: <span class=sf-dump-note>array:7</span> [<samp data-depth=2 class=sf-dump-compact>
    <span class=sf-dump-key>4</span> => \"<span class=sf-dump-str title=\"10 characters\">Carroceria</span>\"
    <span class=sf-dump-key>7</span> => \"<span class=sf-dump-str title=\"14 characters\">ENSAMBLAJE 150</span>\"
    <span class=sf-dump-key>6</span> => \"<span class=sf-dump-str title=\"21 characters\">MATERIALES CARROCERIA</span>\"
    <span class=sf-dump-key>8</span> => \"<span class=sf-dump-str title=\"12 characters\">MOTOTAXI 150</span>\"
    <span class=sf-dump-key>2</span> => \"<span class=sf-dump-str title=\"15 characters\">RETROEXCAVADORA</span>\"
    <span class=sf-dump-key>5</span> => \"<span class=sf-dump-str title=\"9 characters\">Tapiceria</span>\"
    <span class=sf-dump-key>1</span> => \"<span class=sf-dump-str title=\"7 characters\">WX-150A</span>\"
  </samp>]
  #<span class=sf-dump-protected title=\"Protected property\">escapeWhenCastingToString</span>: <span class=sf-dump-const>false</span>
</samp>}
</pre><script>Sfdump(\"sf-dump-49369609\", {\"maxDepth\":3,\"maxStringLength\":160})</script>
","desde":"<pre class=sf-dump id=sf-dump-783413421 data-indent-pad=\"  \"><span class=sf-dump-const>null</span>
</pre><script>Sfdump(\"sf-dump-783413421\", {\"maxDepth\":3,\"maxStringLength\":160})</script>
","hasta":"<pre class=sf-dump id=sf-dump-1169141728 data-indent-pad=\"  \"><span class=sf-dump-const>null</span>
</pre><script>Sfdump(\"sf-dump-1169141728\", {\"maxDepth\":3,\"maxStringLength\":160})</script>
","producto":"<pre class=sf-dump id=sf-dump-1441652602 data-indent-pad=\"  \"><span class=sf-dump-const>null</span>
</pre><script>Sfdump(\"sf-dump-1441652602\", {\"maxDepth\":3,\"maxStringLength\":160})</script>
","motor":"<pre class=sf-dump id=sf-dump-1554540681 data-indent-pad=\"  \"><span class=sf-dump-const>null</span>
</pre><script>Sfdump(\"sf-dump-1554540681\", {\"maxDepth\":3,\"maxStringLength\":160})</script>
","guia":"<pre class=sf-dump id=sf-dump-412317514 data-indent-pad=\"  \"><span class=sf-dump-const>null</span>
</pre><script>Sfdump(\"sf-dump-412317514\", {\"maxDepth\":3,\"maxStringLength\":160})</script>
","contenedor":"<pre class=sf-dump id=sf-dump-1013398555 data-indent-pad=\"  \"><span class=sf-dump-const>null</span>
</pre><script>Sfdump(\"sf-dump-1013398555\", {\"maxDepth\":3,\"maxStringLength\":160})</script>
","enabled_modules":"<pre class=sf-dump id=sf-dump-1115974094 data-indent-pad=\"  \"><span class=sf-dump-note>array:7</span> [<samp data-depth=1 class=sf-dump-expanded>
  <span class=sf-dump-index>0</span> => \"<span class=sf-dump-str title=\"9 characters\">purchases</span>\"
  <span class=sf-dump-index>1</span> => \"<span class=sf-dump-str title=\"8 characters\">add_sale</span>\"
  <span class=sf-dump-index>2</span> => \"<span class=sf-dump-str title=\"8 characters\">pos_sale</span>\"
  <span class=sf-dump-index>3</span> => \"<span class=sf-dump-str title=\"15 characters\">stock_transfers</span>\"
  <span class=sf-dump-index>4</span> => \"<span class=sf-dump-str title=\"16 characters\">stock_adjustment</span>\"
  <span class=sf-dump-index>5</span> => \"<span class=sf-dump-str title=\"8 characters\">expenses</span>\"
  <span class=sf-dump-index>6</span> => \"<span class=sf-dump-str title=\"7 characters\">account</span>\"
</samp>]
</pre><script>Sfdump(\"sf-dump-1115974094\", {\"maxDepth\":3,\"maxStringLength\":160})</script>
","__is_pusher_enabled":"<pre class=sf-dump id=sf-dump-618945763 data-indent-pad=\"  \"><span class=sf-dump-const>false</span>
</pre><script>Sfdump(\"sf-dump-618945763\", {\"maxDepth\":3,\"maxStringLength\":160})</script>
"}},"userId":1,"exception":"[object] (Spatie\\LaravelIgnition\\Exceptions\\ViewException(code: 0): Missing required parameter for [Route: historial-importaciones.excel] [URI: historial-importaciones/{transaction}/excel] [Missing parameter: transaction]. at D:\\PROYECTOS\\IMPORTACIONES RAMIREZ\\ERP-RAMIREZ\\vendor\\laravel\\framework\\src\\Illuminate\\Routing\\Exceptions\\UrlGenerationException.php:35)
[stacktrace]
#0 D:\\PROYECTOS\\IMPORTACIONES RAMIREZ\\ERP-RAMIREZ\\vendor\\laravel\\framework\\src\\Illuminate\\Routing\\RouteUrlGenerator.php(90): Illuminate\\Routing\\Exceptions\\UrlGenerationException::forMissingParameters(Object(Illuminate\\Routing\\Route), Array)
#1 D:\\PROYECTOS\\IMPORTACIONES RAMIREZ\\ERP-RAMIREZ\\vendor\\laravel\\framework\\src\\Illuminate\\Routing\\UrlGenerator.php(492): Illuminate\\Routing\\RouteUrlGenerator->to(Object(Illuminate\\Routing\\Route), Array, true)
#2 D:\\PROYECTOS\\IMPORTACIONES RAMIREZ\\ERP-RAMIREZ\\vendor\\laravel\\framework\\src\\Illuminate\\Routing\\UrlGenerator.php(464): Illuminate\\Routing\\UrlGenerator->toRoute(Object(Illuminate\\Routing\\Route), Array, true)
#3 D:\\PROYECTOS\\IMPORTACIONES RAMIREZ\\ERP-RAMIREZ\\vendor\\laravel\\framework\\src\\Illuminate\\Foundation\\helpers.php(826): Illuminate\\Routing\\UrlGenerator->route('historial-impor...', Array, true)
#4 D:\\PROYECTOS\\IMPORTACIONES RAMIREZ\\ERP-RAMIREZ\\resources\\views\\purchase\\importaciones\\index.blade.php(88): route('historial-impor...', Array)
#5 D:\\PROYECTOS\\IMPORTACIONES RAMIREZ\\ERP-RAMIREZ\\vendor\\laravel\\framework\\src\\Illuminate\\Filesystem\\Filesystem.php(109): require('D:\\\\PROYECTOS\\\\IM...')
#6 D:\\PROYECTOS\\IMPORTACIONES RAMIREZ\\ERP-RAMIREZ\\vendor\\laravel\\framework\\src\\Illuminate\\Filesystem\\Filesystem.php(110): Illuminate\\Filesystem\\Filesystem::Illuminate\\Filesystem\\{closure}()
#7 D:\\PROYECTOS\\IMPORTACIONES RAMIREZ\\ERP-RAMIREZ\\vendor\\laravel\\framework\\src\\Illuminate\\View\\Engines\\PhpEngine.php(58): Illuminate\\Filesystem\\Filesystem->getRequire('D:\\\\PROYECTOS\\\\IM...', Array)
#8 D:\\PROYECTOS\\IMPORTACIONES RAMIREZ\\ERP-RAMIREZ\\vendor\\laravel\\framework\\src\\Illuminate\\View\\Engines\\CompilerEngine.php(70): Illuminate\\View\\Engines\\PhpEngine->evaluatePath('D:\\\\PROYECTOS\\\\IM...', Array)
#9 D:\\PROYECTOS\\IMPORTACIONES RAMIREZ\\ERP-RAMIREZ\\vendor\\laravel\\framework\\src\\Illuminate\\View\\View.php(195): Illuminate\\View\\Engines\\CompilerEngine->get('D:\\\\PROYECTOS\\\\IM...', Array)
#10 D:\\PROYECTOS\\IMPORTACIONES RAMIREZ\\ERP-RAMIREZ\\vendor\\laravel\\framework\\src\\Illuminate\\View\\View.php(178): Illuminate\\View\\View->getContents()
#11 D:\\PROYECTOS\\IMPORTACIONES RAMIREZ\\ERP-RAMIREZ\\vendor\\laravel\\framework\\src\\Illuminate\\View\\View.php(147): Illuminate\\View\\View->renderContents()
#12 D:\\PROYECTOS\\IMPORTACIONES RAMIREZ\\ERP-RAMIREZ\\vendor\\laravel\\framework\\src\\Illuminate\\Http\\Response.php(69): Illuminate\\View\\View->render()
#13 D:\\PROYECTOS\\IMPORTACIONES RAMIREZ\\ERP-RAMIREZ\\vendor\\laravel\\framework\\src\\Illuminate\\Http\\Response.php(35): Illuminate\\Http\\Response->setContent(Object(Illuminate\\View\\View))
#14 D:\\PROYECTOS\\IMPORTACIONES RAMIREZ\\ERP-RAMIREZ\\vendor\\laravel\\framework\\src\\Illuminate\\Routing\\Router.php(906): Illuminate\\Http\\Response->__construct(Object(Illuminate\\View\\View), 200, Array)
#15 D:\\PROYECTOS\\IMPORTACIONES RAMIREZ\\ERP-RAMIREZ\\vendor\\laravel\\framework\\src\\Illuminate\\Routing\\Router.php(875): Illuminate\\Routing\\Router::toResponse(Object(Illuminate\\Http\\Request), Object(Illuminate\\View\\View))
#16 D:\\PROYECTOS\\IMPORTACIONES RAMIREZ\\ERP-RAMIREZ\\vendor\\laravel\\framework\\src\\Illuminate\\Routing\\Router.php(797): Illuminate\\Routing\\Router->prepareResponse(Object(Illuminate\\Http\\Request), Object(Illuminate\\View\\View))
#17 D:\\PROYECTOS\\IMPORTACIONES RAMIREZ\\ERP-RAMIREZ\\vendor\\laravel\\framework\\src\\Illuminate\\Pipeline\\Pipeline.php(141): Illuminate\\Routing\\Router->Illuminate\\Routing\\{closure}(Object(Illuminate\\Http\\Request))
#18 D:\\PROYECTOS\\IMPORTACIONES RAMIREZ\\ERP-RAMIREZ\\app\\Http\\Middleware\\CheckUserLogin.php(22): Illuminate\\Pipeline\\Pipeline->Illuminate\\Pipeline\\{closure}(Object(Illuminate\\Http\\Request))
#19 D:\\PROYECTOS\\IMPORTACIONES RAMIREZ\\ERP-RAMIREZ\\vendor\\laravel\\framework\\src\\Illuminate\\Pipeline\\Pipeline.php(180): App\\Http\\Middleware\\CheckUserLogin->handle(Object(Illuminate\\Http\\Request), Object(Closure))
#20 D:\\PROYECTOS\\IMPORTACIONES RAMIREZ\\ERP-RAMIREZ\\app\\Http\\Middleware\\AdminSidebarMenu.php(906): Illuminate\\Pipeline\\Pipeline->Illuminate\\Pipeline\\{closure}(Object(Illuminate\\Http\\Request))
#21 D:\\PROYECTOS\\IMPORTACIONES RAMIREZ\\ERP-RAMIREZ\\vendor\\laravel\\framework\\src\\Illuminate\\Pipeline\\Pipeline.php(180): App\\Http\\Middleware\\AdminSidebarMenu->handle(Object(Illuminate\\Http\\Request), Object(Closure))
#22 D:\\PROYECTOS\\IMPORTACIONES RAMIREZ\\ERP-RAMIREZ\\app\\Http\\Middleware\\Timezone.php(30): Illuminate\\Pipeline\\Pipeline->Illuminate\\Pipeline\\{closure}(Object(Illuminate\\Http\\Request))
#23 D:\\PROYECTOS\\IMPORTACIONES RAMIREZ\\ERP-RAMIREZ\\vendor\\laravel\\framework\\src\\Illuminate\\Pipeline\\Pipeline.php(180): App\\Http\\Middleware\\Timezone->handle(Object(Illuminate\\Http\\Request), Object(Closure))
#24 D:\\PROYECTOS\\IMPORTACIONES RAMIREZ\\ERP-RAMIREZ\\app\\Http\\Middleware\\Language.php(25): Illuminate\\Pipeline\\Pipeline->Illuminate\\Pipeline\\{closure}(Object(Illuminate\\Http\\Request))
#25 D:\\PROYECTOS\\IMPORTACIONES RAMIREZ\\ERP-RAMIREZ\\vendor\\laravel\\framework\\src\\Illuminate\\Pipeline\\Pipeline.php(180): App\\Http\\Middleware\\Language->handle(Object(Illuminate\\Http\\Request), Object(Closure))
#26 D:\\PROYECTOS\\IMPORTACIONES RAMIREZ\\ERP-RAMIREZ\\app\\Http\\Middleware\\SetSessionData.php(52): Illuminate\\Pipeline\\Pipeline->Illuminate\\Pipeline\\{closure}(Object(Illuminate\\Http\\Request))
#27 D:\\PROYECTOS\\IMPORTACIONES RAMIREZ\\ERP-RAMIREZ\\vendor\\laravel\\framework\\src\\Illuminate\\Pipeline\\Pipeline.php(180): App\\Http\\Middleware\\SetSessionData->handle(Object(Illuminate\\Http\\Request), Object(Closure))
#28 D:\\PROYECTOS\\IMPORTACIONES RAMIREZ\\ERP-RAMIREZ\\app\\Http\\Middleware\\IsInstalled.php(50): Illuminate\\Pipeline\\Pipeline->Illuminate\\Pipeline\\{closure}(Object(Illuminate\\Http\\Request))
#29 D:\\PROYECTOS\\IMPORTACIONES RAMIREZ\\ERP-RAMIREZ\\vendor\\laravel\\framework\\src\\Illuminate\\Pipeline\\Pipeline.php(180): App\\Http\\Middleware\\IsInstalled->handle(Object(Illuminate\\Http\\Request), Object(Closure))
#30 D:\\PROYECTOS\\IMPORTACIONES RAMIREZ\\ERP-RAMIREZ\\vendor\\laravel\\framework\\src\\Illuminate\\Routing\\Middleware\\SubstituteBindings.php(50): Illuminate\\Pipeline\\Pipeline->Illuminate\\Pipeline\\{closure}(Object(Illuminate\\Http\\Request))
#31 D:\\PROYECTOS\\IMPORTACIONES RAMIREZ\\ERP-RAMIREZ\\vendor\\laravel\\framework\\src\\Illuminate\\Pipeline\\Pipeline.php(180): Illuminate\\Routing\\Middleware\\SubstituteBindings->handle(Object(Illuminate\\Http\\Request), Object(Closure))
#32 D:\\PROYECTOS\\IMPORTACIONES RAMIREZ\\ERP-RAMIREZ\\vendor\\laravel\\framework\\src\\Illuminate\\Auth\\Middleware\\Authenticate.php(44): Illuminate\\Pipeline\\Pipeline->Illuminate\\Pipeline\\{closure}(Object(Illuminate\\Http\\Request))
#33 D:\\PROYECTOS\\IMPORTACIONES RAMIREZ\\ERP-RAMIREZ\\vendor\\laravel\\framework\\src\\Illuminate\\Pipeline\\Pipeline.php(180): Illuminate\\Auth\\Middleware\\Authenticate->handle(Object(Illuminate\\Http\\Request), Object(Closure))
#34 D:\\PROYECTOS\\IMPORTACIONES RAMIREZ\\ERP-RAMIREZ\\vendor\\laravel\\framework\\src\\Illuminate\\Foundation\\Http\\Middleware\\VerifyCsrfToken.php(78): Illuminate\\Pipeline\\Pipeline->Illuminate\\Pipeline\\{closure}(Object(Illuminate\\Http\\Request))
#35 D:\\PROYECTOS\\IMPORTACIONES RAMIREZ\\ERP-RAMIREZ\\vendor\\laravel\\framework\\src\\Illuminate\\Pipeline\\Pipeline.php(180): Illuminate\\Foundation\\Http\\Middleware\\VerifyCsrfToken->handle(Object(Illuminate\\Http\\Request), Object(Closure))
#36 D:\\PROYECTOS\\IMPORTACIONES RAMIREZ\\ERP-RAMIREZ\\vendor\\laravel\\framework\\src\\Illuminate\\View\\Middleware\\ShareErrorsFromSession.php(49): Illuminate\\Pipeline\\Pipeline->Illuminate\\Pipeline\\{closure}(Object(Illuminate\\Http\\Request))
#37 D:\\PROYECTOS\\IMPORTACIONES RAMIREZ\\ERP-RAMIREZ\\vendor\\laravel\\framework\\src\\Illuminate\\Pipeline\\Pipeline.php(180): Illuminate\\View\\Middleware\\ShareErrorsFromSession->handle(Object(Illuminate\\Http\\Request), Object(Closure))
#38 D:\\PROYECTOS\\IMPORTACIONES RAMIREZ\\ERP-RAMIREZ\\vendor\\laravel\\framework\\src\\Illuminate\\Session\\Middleware\\StartSession.php(121): Illuminate\\Pipeline\\Pipeline->Illuminate\\Pipeline\\{closure}(Object(Illuminate\\Http\\Request))
#39 D:\\PROYECTOS\\IMPORTACIONES RAMIREZ\\ERP-RAMIREZ\\vendor\\laravel\\framework\\src\\Illuminate\\Session\\Middleware\\StartSession.php(64): Illuminate\\Session\\Middleware\\StartSession->handleStatefulRequest(Object(Illuminate\\Http\\Request), Object(Illuminate\\Session\\Store), Object(Closure))
#40 D:\\PROYECTOS\\IMPORTACIONES RAMIREZ\\ERP-RAMIREZ\\vendor\\laravel\\framework\\src\\Illuminate\\Pipeline\\Pipeline.php(180): Illuminate\\Session\\Middleware\\StartSession->handle(Object(Illuminate\\Http\\Request), Object(Closure))
#41 D:\\PROYECTOS\\IMPORTACIONES RAMIREZ\\ERP-RAMIREZ\\vendor\\laravel\\framework\\src\\Illuminate\\Cookie\\Middleware\\AddQueuedCookiesToResponse.php(37): Illuminate\\Pipeline\\Pipeline->Illuminate\\Pipeline\\{closure}(Object(Illuminate\\Http\\Request))
#42 D:\\PROYECTOS\\IMPORTACIONES RAMIREZ\\ERP-RAMIREZ\\vendor\\laravel\\framework\\src\\Illuminate\\Pipeline\\Pipeline.php(180): Illuminate\\Cookie\\Middleware\\AddQueuedCookiesToResponse->handle(Object(Illuminate\\Http\\Request), Object(Closure))
#43 D:\\PROYECTOS\\IMPORTACIONES RAMIREZ\\ERP-RAMIREZ\\vendor\\laravel\\framework\\src\\Illuminate\\Cookie\\Middleware\\EncryptCookies.php(67): Illuminate\\Pipeline\\Pipeline->Illuminate\\Pipeline\\{closure}(Object(Illuminate\\Http\\Request))
#44 D:\\PROYECTOS\\IMPORTACIONES RAMIREZ\\ERP-RAMIREZ\\vendor\\laravel\\framework\\src\\Illuminate\\Pipeline\\Pipeline.php(180): Illuminate\\Cookie\\Middleware\\EncryptCookies->handle(Object(Illuminate\\Http\\Request), Object(Closure))
#45 D:\\PROYECTOS\\IMPORTACIONES RAMIREZ\\ERP-RAMIREZ\\vendor\\laravel\\framework\\src\\Illuminate\\Pipeline\\Pipeline.php(116): Illuminate\\Pipeline\\Pipeline->Illuminate\\Pipeline\\{closure}(Object(Illuminate\\Http\\Request))
#46 D:\\PROYECTOS\\IMPORTACIONES RAMIREZ\\ERP-RAMIREZ\\vendor\\laravel\\framework\\src\\Illuminate\\Routing\\Router.php(797): Illuminate\\Pipeline\\Pipeline->then(Object(Closure))
#47 D:\\PROYECTOS\\IMPORTACIONES RAMIREZ\\ERP-RAMIREZ\\vendor\\laravel\\framework\\src\\Illuminate\\Routing\\Router.php(776): Illuminate\\Routing\\Router->runRouteWithinStack(Object(Illuminate\\Routing\\Route), Object(Illuminate\\Http\\Request))
#48 D:\\PROYECTOS\\IMPORTACIONES RAMIREZ\\ERP-RAMIREZ\\vendor\\laravel\\framework\\src\\Illuminate\\Routing\\Router.php(740): Illuminate\\Routing\\Router->runRoute(Object(Illuminate\\Http\\Request), Object(Illuminate\\Routing\\Route))
#49 D:\\PROYECTOS\\IMPORTACIONES RAMIREZ\\ERP-RAMIREZ\\vendor\\laravel\\framework\\src\\Illuminate\\Routing\\Router.php(729): Illuminate\\Routing\\Router->dispatchToRoute(Object(Illuminate\\Http\\Request))
#50 D:\\PROYECTOS\\IMPORTACIONES RAMIREZ\\ERP-RAMIREZ\\vendor\\laravel\\framework\\src\\Illuminate\\Foundation\\Http\\Kernel.php(190): Illuminate\\Routing\\Router->dispatch(Object(Illuminate\\Http\\Request))
#51 D:\\PROYECTOS\\IMPORTACIONES RAMIREZ\\ERP-RAMIREZ\\vendor\\laravel\\framework\\src\\Illuminate\\Pipeline\\Pipeline.php(141): Illuminate\\Foundation\\Http\\Kernel->Illuminate\\Foundation\\Http\\{closure}(Object(Illuminate\\Http\\Request))
#52 D:\\PROYECTOS\\IMPORTACIONES RAMIREZ\\ERP-RAMIREZ\\vendor\\barryvdh\\laravel-debugbar\\src\\Middleware\\InjectDebugbar.php(59): Illuminate\\Pipeline\\Pipeline->Illuminate\\Pipeline\\{closure}(Object(Illuminate\\Http\\Request))
#53 D:\\PROYECTOS\\IMPORTACIONES RAMIREZ\\ERP-RAMIREZ\\vendor\\laravel\\framework\\src\\Illuminate\\Pipeline\\Pipeline.php(180): Barryvdh\\Debugbar\\Middleware\\InjectDebugbar->handle(Object(Illuminate\\Http\\Request), Object(Closure))
#54 D:\\PROYECTOS\\IMPORTACIONES RAMIREZ\\ERP-RAMIREZ\\vendor\\laravel\\framework\\src\\Illuminate\\Foundation\\Http\\Middleware\\TransformsRequest.php(21): Illuminate\\Pipeline\\Pipeline->Illuminate\\Pipeline\\{closure}(Object(Illuminate\\Http\\Request))
#55 D:\\PROYECTOS\\IMPORTACIONES RAMIREZ\\ERP-RAMIREZ\\vendor\\laravel\\framework\\src\\Illuminate\\Foundation\\Http\\Middleware\\ConvertEmptyStringsToNull.php(31): Illuminate\\Foundation\\Http\\Middleware\\TransformsRequest->handle(Object(Illuminate\\Http\\Request), Object(Closure))
#56 D:\\PROYECTOS\\IMPORTACIONES RAMIREZ\\ERP-RAMIREZ\\vendor\\laravel\\framework\\src\\Illuminate\\Pipeline\\Pipeline.php(180): Illuminate\\Foundation\\Http\\Middleware\\ConvertEmptyStringsToNull->handle(Object(Illuminate\\Http\\Request), Object(Closure))
#57 D:\\PROYECTOS\\IMPORTACIONES RAMIREZ\\ERP-RAMIREZ\\vendor\\laravel\\framework\\src\\Illuminate\\Foundation\\Http\\Middleware\\TransformsRequest.php(21): Illuminate\\Pipeline\\Pipeline->Illuminate\\Pipeline\\{closure}(Object(Illuminate\\Http\\Request))
#58 D:\\PROYECTOS\\IMPORTACIONES RAMIREZ\\ERP-RAMIREZ\\vendor\\laravel\\framework\\src\\Illuminate\\Foundation\\Http\\Middleware\\TrimStrings.php(40): Illuminate\\Foundation\\Http\\Middleware\\TransformsRequest->handle(Object(Illuminate\\Http\\Request), Object(Closure))
#59 D:\\PROYECTOS\\IMPORTACIONES RAMIREZ\\ERP-RAMIREZ\\vendor\\laravel\\framework\\src\\Illuminate\\Pipeline\\Pipeline.php(180): Illuminate\\Foundation\\Http\\Middleware\\TrimStrings->handle(Object(Illuminate\\Http\\Request), Object(Closure))
#60 D:\\PROYECTOS\\IMPORTACIONES RAMIREZ\\ERP-RAMIREZ\\vendor\\laravel\\framework\\src\\Illuminate\\Foundation\\Http\\Middleware\\ValidatePostSize.php(27): Illuminate\\Pipeline\\Pipeline->Illuminate\\Pipeline\\{closure}(Object(Illuminate\\Http\\Request))
#61 D:\\PROYECTOS\\IMPORTACIONES RAMIREZ\\ERP-RAMIREZ\\vendor\\laravel\\framework\\src\\Illuminate\\Pipeline\\Pipeline.php(180): Illuminate\\Foundation\\Http\\Middleware\\ValidatePostSize->handle(Object(Illuminate\\Http\\Request), Object(Closure))
#62 D:\\PROYECTOS\\IMPORTACIONES RAMIREZ\\ERP-RAMIREZ\\vendor\\laravel\\framework\\src\\Illuminate\\Foundation\\Http\\Middleware\\PreventRequestsDuringMaintenance.php(86): Illuminate\\Pipeline\\Pipeline->Illuminate\\Pipeline\\{closure}(Object(Illuminate\\Http\\Request))
#63 D:\\PROYECTOS\\IMPORTACIONES RAMIREZ\\ERP-RAMIREZ\\vendor\\laravel\\framework\\src\\Illuminate\\Pipeline\\Pipeline.php(180): Illuminate\\Foundation\\Http\\Middleware\\PreventRequestsDuringMaintenance->handle(Object(Illuminate\\Http\\Request), Object(Closure))
#64 D:\\PROYECTOS\\IMPORTACIONES RAMIREZ\\ERP-RAMIREZ\\vendor\\laravel\\framework\\src\\Illuminate\\Http\\Middleware\\HandleCors.php(49): Illuminate\\Pipeline\\Pipeline->Illuminate\\Pipeline\\{closure}(Object(Illuminate\\Http\\Request))
#65 D:\\PROYECTOS\\IMPORTACIONES RAMIREZ\\ERP-RAMIREZ\\vendor\\laravel\\framework\\src\\Illuminate\\Pipeline\\Pipeline.php(180): Illuminate\\Http\\Middleware\\HandleCors->handle(Object(Illuminate\\Http\\Request), Object(Closure))
#66 D:\\PROYECTOS\\IMPORTACIONES RAMIREZ\\ERP-RAMIREZ\\vendor\\laravel\\framework\\src\\Illuminate\\Http\\Middleware\\TrustProxies.php(39): Illuminate\\Pipeline\\Pipeline->Illuminate\\Pipeline\\{closure}(Object(Illuminate\\Http\\Request))
#67 D:\\PROYECTOS\\IMPORTACIONES RAMIREZ\\ERP-RAMIREZ\\vendor\\laravel\\framework\\src\\Illuminate\\Pipeline\\Pipeline.php(180): Illuminate\\Http\\Middleware\\TrustProxies->handle(Object(Illuminate\\Http\\Request), Object(Closure))
#68 D:\\PROYECTOS\\IMPORTACIONES RAMIREZ\\ERP-RAMIREZ\\vendor\\laravel\\framework\\src\\Illuminate\\Pipeline\\Pipeline.php(116): Illuminate\\Pipeline\\Pipeline->Illuminate\\Pipeline\\{closure}(Object(Illuminate\\Http\\Request))
#69 D:\\PROYECTOS\\IMPORTACIONES RAMIREZ\\ERP-RAMIREZ\\vendor\\laravel\\framework\\src\\Illuminate\\Foundation\\Http\\Kernel.php(165): Illuminate\\Pipeline\\Pipeline->then(Object(Closure))
#70 D:\\PROYECTOS\\IMPORTACIONES RAMIREZ\\ERP-RAMIREZ\\vendor\\laravel\\framework\\src\\Illuminate\\Foundation\\Http\\Kernel.php(134): Illuminate\\Foundation\\Http\\Kernel->sendRequestThroughRouter(Object(Illuminate\\Http\\Request))
#71 D:\\PROYECTOS\\IMPORTACIONES RAMIREZ\\ERP-RAMIREZ\\public\\index.php(51): Illuminate\\Foundation\\Http\\Kernel->handle(Object(Illuminate\\Http\\Request))
#72 D:\\PROYECTOS\\IMPORTACIONES RAMIREZ\\ERP-RAMIREZ\\vendor\\laravel\\framework\\src\\Illuminate\\Foundation\\resources\\server.php(16): require_once('D:\\\\PROYECTOS\\\\IM...')
#73 {main}

[previous exception] [object] (Illuminate\\Routing\\Exceptions\\UrlGenerationException(code: 0): Missing required parameter for [Route: historial-importaciones.excel] [URI: historial-importaciones/{transaction}/excel] [Missing parameter: transaction]. at D:\\PROYECTOS\\IMPORTACIONES RAMIREZ\\ERP-RAMIREZ\\vendor\\laravel\\framework\\src\\Illuminate\\Routing\\Exceptions\\UrlGenerationException.php:35)
[stacktrace]
#0 D:\\PROYECTOS\\IMPORTACIONES RAMIREZ\\ERP-RAMIREZ\\vendor\\laravel\\framework\\src\\Illuminate\\Routing\\RouteUrlGenerator.php(90): Illuminate\\Routing\\Exceptions\\UrlGenerationException::forMissingParameters(Object(Illuminate\\Routing\\Route), Array)
#1 D:\\PROYECTOS\\IMPORTACIONES RAMIREZ\\ERP-RAMIREZ\\vendor\\laravel\\framework\\src\\Illuminate\\Routing\\UrlGenerator.php(492): Illuminate\\Routing\\RouteUrlGenerator->to(Object(Illuminate\\Routing\\Route), Array, true)
#2 D:\\PROYECTOS\\IMPORTACIONES RAMIREZ\\ERP-RAMIREZ\\vendor\\laravel\\framework\\src\\Illuminate\\Routing\\UrlGenerator.php(464): Illuminate\\Routing\\UrlGenerator->toRoute(Object(Illuminate\\Routing\\Route), Array, true)
#3 D:\\PROYECTOS\\IMPORTACIONES RAMIREZ\\ERP-RAMIREZ\\vendor\\laravel\\framework\\src\\Illuminate\\Foundation\\helpers.php(826): Illuminate\\Routing\\UrlGenerator->route('historial-impor...', Array, true)
#4 D:\\PROYECTOS\\IMPORTACIONES RAMIREZ\\ERP-RAMIREZ\\storage\\framework\\views\\dc6f0818c41a1e845a314568edf6dc99a1727aa6.php(89): route('historial-impor...', Array)
#5 D:\\PROYECTOS\\IMPORTACIONES RAMIREZ\\ERP-RAMIREZ\\vendor\\laravel\\framework\\src\\Illuminate\\Filesystem\\Filesystem.php(109): require('D:\\\\PROYECTOS\\\\IM...')
#6 D:\\PROYECTOS\\IMPORTACIONES RAMIREZ\\ERP-RAMIREZ\\vendor\\laravel\\framework\\src\\Illuminate\\Filesystem\\Filesystem.php(110): Illuminate\\Filesystem\\Filesystem::Illuminate\\Filesystem\\{closure}()
#7 D:\\PROYECTOS\\IMPORTACIONES RAMIREZ\\ERP-RAMIREZ\\vendor\\laravel\\framework\\src\\Illuminate\\View\\Engines\\PhpEngine.php(58): Illuminate\\Filesystem\\Filesystem->getRequire('D:\\\\PROYECTOS\\\\IM...', Array)
#8 D:\\PROYECTOS\\IMPORTACIONES RAMIREZ\\ERP-RAMIREZ\\vendor\\laravel\\framework\\src\\Illuminate\\View\\Engines\\CompilerEngine.php(70): Illuminate\\View\\Engines\\PhpEngine->evaluatePath('D:\\\\PROYECTOS\\\\IM...', Array)
#9 D:\\PROYECTOS\\IMPORTACIONES RAMIREZ\\ERP-RAMIREZ\\vendor\\laravel\\framework\\src\\Illuminate\\View\\View.php(195): Illuminate\\View\\Engines\\CompilerEngine->get('D:\\\\PROYECTOS\\\\IM...', Array)
#10 D:\\PROYECTOS\\IMPORTACIONES RAMIREZ\\ERP-RAMIREZ\\vendor\\laravel\\framework\\src\\Illuminate\\View\\View.php(178): Illuminate\\View\\View->getContents()
#11 D:\\PROYECTOS\\IMPORTACIONES RAMIREZ\\ERP-RAMIREZ\\vendor\\laravel\\framework\\src\\Illuminate\\View\\View.php(147): Illuminate\\View\\View->renderContents()
#12 D:\\PROYECTOS\\IMPORTACIONES RAMIREZ\\ERP-RAMIREZ\\vendor\\laravel\\framework\\src\\Illuminate\\Http\\Response.php(69): Illuminate\\View\\View->render()
#13 D:\\PROYECTOS\\IMPORTACIONES RAMIREZ\\ERP-RAMIREZ\\vendor\\laravel\\framework\\src\\Illuminate\\Http\\Response.php(35): Illuminate\\Http\\Response->setContent(Object(Illuminate\\View\\View))
#14 D:\\PROYECTOS\\IMPORTACIONES RAMIREZ\\ERP-RAMIREZ\\vendor\\laravel\\framework\\src\\Illuminate\\Routing\\Router.php(906): Illuminate\\Http\\Response->__construct(Object(Illuminate\\View\\View), 200, Array)
#15 D:\\PROYECTOS\\IMPORTACIONES RAMIREZ\\ERP-RAMIREZ\\vendor\\laravel\\framework\\src\\Illuminate\\Routing\\Router.php(875): Illuminate\\Routing\\Router::toResponse(Object(Illuminate\\Http\\Request), Object(Illuminate\\View\\View))
#16 D:\\PROYECTOS\\IMPORTACIONES RAMIREZ\\ERP-RAMIREZ\\vendor\\laravel\\framework\\src\\Illuminate\\Routing\\Router.php(797): Illuminate\\Routing\\Router->prepareResponse(Object(Illuminate\\Http\\Request), Object(Illuminate\\View\\View))
#17 D:\\PROYECTOS\\IMPORTACIONES RAMIREZ\\ERP-RAMIREZ\\vendor\\laravel\\framework\\src\\Illuminate\\Pipeline\\Pipeline.php(141): Illuminate\\Routing\\Router->Illuminate\\Routing\\{closure}(Object(Illuminate\\Http\\Request))
#18 D:\\PROYECTOS\\IMPORTACIONES RAMIREZ\\ERP-RAMIREZ\\app\\Http\\Middleware\\CheckUserLogin.php(22): Illuminate\\Pipeline\\Pipeline->Illuminate\\Pipeline\\{closure}(Object(Illuminate\\Http\\Request))
#19 D:\\PROYECTOS\\IMPORTACIONES RAMIREZ\\ERP-RAMIREZ\\vendor\\laravel\\framework\\src\\Illuminate\\Pipeline\\Pipeline.php(180): App\\Http\\Middleware\\CheckUserLogin->handle(Object(Illuminate\\Http\\Request), Object(Closure))
#20 D:\\PROYECTOS\\IMPORTACIONES RAMIREZ\\ERP-RAMIREZ\\app\\Http\\Middleware\\AdminSidebarMenu.php(906): Illuminate\\Pipeline\\Pipeline->Illuminate\\Pipeline\\{closure}(Object(Illuminate\\Http\\Request))
#21 D:\\PROYECTOS\\IMPORTACIONES RAMIREZ\\ERP-RAMIREZ\\vendor\\laravel\\framework\\src\\Illuminate\\Pipeline\\Pipeline.php(180): App\\Http\\Middleware\\AdminSidebarMenu->handle(Object(Illuminate\\Http\\Request), Object(Closure))
#22 D:\\PROYECTOS\\IMPORTACIONES RAMIREZ\\ERP-RAMIREZ\\app\\Http\\Middleware\\Timezone.php(30): Illuminate\\Pipeline\\Pipeline->Illuminate\\Pipeline\\{closure}(Object(Illuminate\\Http\\Request))
#23 D:\\PROYECTOS\\IMPORTACIONES RAMIREZ\\ERP-RAMIREZ\\vendor\\laravel\\framework\\src\\Illuminate\\Pipeline\\Pipeline.php(180): App\\Http\\Middleware\\Timezone->handle(Object(Illuminate\\Http\\Request), Object(Closure))
#24 D:\\PROYECTOS\\IMPORTACIONES RAMIREZ\\ERP-RAMIREZ\\app\\Http\\Middleware\\Language.php(25): Illuminate\\Pipeline\\Pipeline->Illuminate\\Pipeline\\{closure}(Object(Illuminate\\Http\\Request))
#25 D:\\PROYECTOS\\IMPORTACIONES RAMIREZ\\ERP-RAMIREZ\\vendor\\laravel\\framework\\src\\Illuminate\\Pipeline\\Pipeline.php(180): App\\Http\\Middleware\\Language->handle(Object(Illuminate\\Http\\Request), Object(Closure))
#26 D:\\PROYECTOS\\IMPORTACIONES RAMIREZ\\ERP-RAMIREZ\\app\\Http\\Middleware\\SetSessionData.php(52): Illuminate\\Pipeline\\Pipeline->Illuminate\\Pipeline\\{closure}(Object(Illuminate\\Http\\Request))
#27 D:\\PROYECTOS\\IMPORTACIONES RAMIREZ\\ERP-RAMIREZ\\vendor\\laravel\\framework\\src\\Illuminate\\Pipeline\\Pipeline.php(180): App\\Http\\Middleware\\SetSessionData->handle(Object(Illuminate\\Http\\Request), Object(Closure))
#28 D:\\PROYECTOS\\IMPORTACIONES RAMIREZ\\ERP-RAMIREZ\\app\\Http\\Middleware\\IsInstalled.php(50): Illuminate\\Pipeline\\Pipeline->Illuminate\\Pipeline\\{closure}(Object(Illuminate\\Http\\Request))
#29 D:\\PROYECTOS\\IMPORTACIONES RAMIREZ\\ERP-RAMIREZ\\vendor\\laravel\\framework\\src\\Illuminate\\Pipeline\\Pipeline.php(180): App\\Http\\Middleware\\IsInstalled->handle(Object(Illuminate\\Http\\Request), Object(Closure))
#30 D:\\PROYECTOS\\IMPORTACIONES RAMIREZ\\ERP-RAMIREZ\\vendor\\laravel\\framework\\src\\Illuminate\\Routing\\Middleware\\SubstituteBindings.php(50): Illuminate\\Pipeline\\Pipeline->Illuminate\\Pipeline\\{closure}(Object(Illuminate\\Http\\Request))
#31 D:\\PROYECTOS\\IMPORTACIONES RAMIREZ\\ERP-RAMIREZ\\vendor\\laravel\\framework\\src\\Illuminate\\Pipeline\\Pipeline.php(180): Illuminate\\Routing\\Middleware\\SubstituteBindings->handle(Object(Illuminate\\Http\\Request), Object(Closure))
#32 D:\\PROYECTOS\\IMPORTACIONES RAMIREZ\\ERP-RAMIREZ\\vendor\\laravel\\framework\\src\\Illuminate\\Auth\\Middleware\\Authenticate.php(44): Illuminate\\Pipeline\\Pipeline->Illuminate\\Pipeline\\{closure}(Object(Illuminate\\Http\\Request))
#33 D:\\PROYECTOS\\IMPORTACIONES RAMIREZ\\ERP-RAMIREZ\\vendor\\laravel\\framework\\src\\Illuminate\\Pipeline\\Pipeline.php(180): Illuminate\\Auth\\Middleware\\Authenticate->handle(Object(Illuminate\\Http\\Request), Object(Closure))
#34 D:\\PROYECTOS\\IMPORTACIONES RAMIREZ\\ERP-RAMIREZ\\vendor\\laravel\\framework\\src\\Illuminate\\Foundation\\Http\\Middleware\\VerifyCsrfToken.php(78): Illuminate\\Pipeline\\Pipeline->Illuminate\\Pipeline\\{closure}(Object(Illuminate\\Http\\Request))
#35 D:\\PROYECTOS\\IMPORTACIONES RAMIREZ\\ERP-RAMIREZ\\vendor\\laravel\\framework\\src\\Illuminate\\Pipeline\\Pipeline.php(180): Illuminate\\Foundation\\Http\\Middleware\\VerifyCsrfToken->handle(Object(Illuminate\\Http\\Request), Object(Closure))
#36 D:\\PROYECTOS\\IMPORTACIONES RAMIREZ\\ERP-RAMIREZ\\vendor\\laravel\\framework\\src\\Illuminate\\View\\Middleware\\ShareErrorsFromSession.php(49): Illuminate\\Pipeline\\Pipeline->Illuminate\\Pipeline\\{closure}(Object(Illuminate\\Http\\Request))
#37 D:\\PROYECTOS\\IMPORTACIONES RAMIREZ\\ERP-RAMIREZ\\vendor\\laravel\\framework\\src\\Illuminate\\Pipeline\\Pipeline.php(180): Illuminate\\View\\Middleware\\ShareErrorsFromSession->handle(Object(Illuminate\\Http\\Request), Object(Closure))
#38 D:\\PROYECTOS\\IMPORTACIONES RAMIREZ\\ERP-RAMIREZ\\vendor\\laravel\\framework\\src\\Illuminate\\Session\\Middleware\\StartSession.php(121): Illuminate\\Pipeline\\Pipeline->Illuminate\\Pipeline\\{closure}(Object(Illuminate\\Http\\Request))
#39 D:\\PROYECTOS\\IMPORTACIONES RAMIREZ\\ERP-RAMIREZ\\vendor\\laravel\\framework\\src\\Illuminate\\Session\\Middleware\\StartSession.php(64): Illuminate\\Session\\Middleware\\StartSession->handleStatefulRequest(Object(Illuminate\\Http\\Request), Object(Illuminate\\Session\\Store), Object(Closure))
#40 D:\\PROYECTOS\\IMPORTACIONES RAMIREZ\\ERP-RAMIREZ\\vendor\\laravel\\framework\\src\\Illuminate\\Pipeline\\Pipeline.php(180): Illuminate\\Session\\Middleware\\StartSession->handle(Object(Illuminate\\Http\\Request), Object(Closure))
#41 D:\\PROYECTOS\\IMPORTACIONES RAMIREZ\\ERP-RAMIREZ\\vendor\\laravel\\framework\\src\\Illuminate\\Cookie\\Middleware\\AddQueuedCookiesToResponse.php(37): Illuminate\\Pipeline\\Pipeline->Illuminate\\Pipeline\\{closure}(Object(Illuminate\\Http\\Request))
#42 D:\\PROYECTOS\\IMPORTACIONES RAMIREZ\\ERP-RAMIREZ\\vendor\\laravel\\framework\\src\\Illuminate\\Pipeline\\Pipeline.php(180): Illuminate\\Cookie\\Middleware\\AddQueuedCookiesToResponse->handle(Object(Illuminate\\Http\\Request), Object(Closure))
#43 D:\\PROYECTOS\\IMPORTACIONES RAMIREZ\\ERP-RAMIREZ\\vendor\\laravel\\framework\\src\\Illuminate\\Cookie\\Middleware\\EncryptCookies.php(67): Illuminate\\Pipeline\\Pipeline->Illuminate\\Pipeline\\{closure}(Object(Illuminate\\Http\\Request))
#44 D:\\PROYECTOS\\IMPORTACIONES RAMIREZ\\ERP-RAMIREZ\\vendor\\laravel\\framework\\src\\Illuminate\\Pipeline\\Pipeline.php(180): Illuminate\\Cookie\\Middleware\\EncryptCookies->handle(Object(Illuminate\\Http\\Request), Object(Closure))
#45 D:\\PROYECTOS\\IMPORTACIONES RAMIREZ\\ERP-RAMIREZ\\vendor\\laravel\\framework\\src\\Illuminate\\Pipeline\\Pipeline.php(116): Illuminate\\Pipeline\\Pipeline->Illuminate\\Pipeline\\{closure}(Object(Illuminate\\Http\\Request))
#46 D:\\PROYECTOS\\IMPORTACIONES RAMIREZ\\ERP-RAMIREZ\\vendor\\laravel\\framework\\src\\Illuminate\\Routing\\Router.php(797): Illuminate\\Pipeline\\Pipeline->then(Object(Closure))
#47 D:\\PROYECTOS\\IMPORTACIONES RAMIREZ\\ERP-RAMIREZ\\vendor\\laravel\\framework\\src\\Illuminate\\Routing\\Router.php(776): Illuminate\\Routing\\Router->runRouteWithinStack(Object(Illuminate\\Routing\\Route), Object(Illuminate\\Http\\Request))
#48 D:\\PROYECTOS\\IMPORTACIONES RAMIREZ\\ERP-RAMIREZ\\vendor\\laravel\\framework\\src\\Illuminate\\Routing\\Router.php(740): Illuminate\\Routing\\Router->runRoute(Object(Illuminate\\Http\\Request), Object(Illuminate\\Routing\\Route))
#49 D:\\PROYECTOS\\IMPORTACIONES RAMIREZ\\ERP-RAMIREZ\\vendor\\laravel\\framework\\src\\Illuminate\\Routing\\Router.php(729): Illuminate\\Routing\\Router->dispatchToRoute(Object(Illuminate\\Http\\Request))
#50 D:\\PROYECTOS\\IMPORTACIONES RAMIREZ\\ERP-RAMIREZ\\vendor\\laravel\\framework\\src\\Illuminate\\Foundation\\Http\\Kernel.php(190): Illuminate\\Routing\\Router->dispatch(Object(Illuminate\\Http\\Request))
#51 D:\\PROYECTOS\\IMPORTACIONES RAMIREZ\\ERP-RAMIREZ\\vendor\\laravel\\framework\\src\\Illuminate\\Pipeline\\Pipeline.php(141): Illuminate\\Foundation\\Http\\Kernel->Illuminate\\Foundation\\Http\\{closure}(Object(Illuminate\\Http\\Request))
#52 D:\\PROYECTOS\\IMPORTACIONES RAMIREZ\\ERP-RAMIREZ\\vendor\\barryvdh\\laravel-debugbar\\src\\Middleware\\InjectDebugbar.php(59): Illuminate\\Pipeline\\Pipeline->Illuminate\\Pipeline\\{closure}(Object(Illuminate\\Http\\Request))
#53 D:\\PROYECTOS\\IMPORTACIONES RAMIREZ\\ERP-RAMIREZ\\vendor\\laravel\\framework\\src\\Illuminate\\Pipeline\\Pipeline.php(180): Barryvdh\\Debugbar\\Middleware\\InjectDebugbar->handle(Object(Illuminate\\Http\\Request), Object(Closure))
#54 D:\\PROYECTOS\\IMPORTACIONES RAMIREZ\\ERP-RAMIREZ\\vendor\\laravel\\framework\\src\\Illuminate\\Foundation\\Http\\Middleware\\TransformsRequest.php(21): Illuminate\\Pipeline\\Pipeline->Illuminate\\Pipeline\\{closure}(Object(Illuminate\\Http\\Request))
#55 D:\\PROYECTOS\\IMPORTACIONES RAMIREZ\\ERP-RAMIREZ\\vendor\\laravel\\framework\\src\\Illuminate\\Foundation\\Http\\Middleware\\ConvertEmptyStringsToNull.php(31): Illuminate\\Foundation\\Http\\Middleware\\TransformsRequest->handle(Object(Illuminate\\Http\\Request), Object(Closure))
#56 D:\\PROYECTOS\\IMPORTACIONES RAMIREZ\\ERP-RAMIREZ\\vendor\\laravel\\framework\\src\\Illuminate\\Pipeline\\Pipeline.php(180): Illuminate\\Foundation\\Http\\Middleware\\ConvertEmptyStringsToNull->handle(Object(Illuminate\\Http\\Request), Object(Closure))
#57 D:\\PROYECTOS\\IMPORTACIONES RAMIREZ\\ERP-RAMIREZ\\vendor\\laravel\\framework\\src\\Illuminate\\Foundation\\Http\\Middleware\\TransformsRequest.php(21): Illuminate\\Pipeline\\Pipeline->Illuminate\\Pipeline\\{closure}(Object(Illuminate\\Http\\Request))
#58 D:\\PROYECTOS\\IMPORTACIONES RAMIREZ\\ERP-RAMIREZ\\vendor\\laravel\\framework\\src\\Illuminate\\Foundation\\Http\\Middleware\\TrimStrings.php(40): Illuminate\\Foundation\\Http\\Middleware\\TransformsRequest->handle(Object(Illuminate\\Http\\Request), Object(Closure))
#59 D:\\PROYECTOS\\IMPORTACIONES RAMIREZ\\ERP-RAMIREZ\\vendor\\laravel\\framework\\src\\Illuminate\\Pipeline\\Pipeline.php(180): Illuminate\\Foundation\\Http\\Middleware\\TrimStrings->handle(Object(Illuminate\\Http\\Request), Object(Closure))
#60 D:\\PROYECTOS\\IMPORTACIONES RAMIREZ\\ERP-RAMIREZ\\vendor\\laravel\\framework\\src\\Illuminate\\Foundation\\Http\\Middleware\\ValidatePostSize.php(27): Illuminate\\Pipeline\\Pipeline->Illuminate\\Pipeline\\{closure}(Object(Illuminate\\Http\\Request))
#61 D:\\PROYECTOS\\IMPORTACIONES RAMIREZ\\ERP-RAMIREZ\\vendor\\laravel\\framework\\src\\Illuminate\\Pipeline\\Pipeline.php(180): Illuminate\\Foundation\\Http\\Middleware\\ValidatePostSize->handle(Object(Illuminate\\Http\\Request), Object(Closure))
#62 D:\\PROYECTOS\\IMPORTACIONES RAMIREZ\\ERP-RAMIREZ\\vendor\\laravel\\framework\\src\\Illuminate\\Foundation\\Http\\Middleware\\PreventRequestsDuringMaintenance.php(86): Illuminate\\Pipeline\\Pipeline->Illuminate\\Pipeline\\{closure}(Object(Illuminate\\Http\\Request))
#63 D:\\PROYECTOS\\IMPORTACIONES RAMIREZ\\ERP-RAMIREZ\\vendor\\laravel\\framework\\src\\Illuminate\\Pipeline\\Pipeline.php(180): Illuminate\\Foundation\\Http\\Middleware\\PreventRequestsDuringMaintenance->handle(Object(Illuminate\\Http\\Request), Object(Closure))
#64 D:\\PROYECTOS\\IMPORTACIONES RAMIREZ\\ERP-RAMIREZ\\vendor\\laravel\\framework\\src\\Illuminate\\Http\\Middleware\\HandleCors.php(49): Illuminate\\Pipeline\\Pipeline->Illuminate\\Pipeline\\{closure}(Object(Illuminate\\Http\\Request))
#65 D:\\PROYECTOS\\IMPORTACIONES RAMIREZ\\ERP-RAMIREZ\\vendor\\laravel\\framework\\src\\Illuminate\\Pipeline\\Pipeline.php(180): Illuminate\\Http\\Middleware\\HandleCors->handle(Object(Illuminate\\Http\\Request), Object(Closure))
#66 D:\\PROYECTOS\\IMPORTACIONES RAMIREZ\\ERP-RAMIREZ\\vendor\\laravel\\framework\\src\\Illuminate\\Http\\Middleware\\TrustProxies.php(39): Illuminate\\Pipeline\\Pipeline->Illuminate\\Pipeline\\{closure}(Object(Illuminate\\Http\\Request))
#67 D:\\PROYECTOS\\IMPORTACIONES RAMIREZ\\ERP-RAMIREZ\\vendor\\laravel\\framework\\src\\Illuminate\\Pipeline\\Pipeline.php(180): Illuminate\\Http\\Middleware\\TrustProxies->handle(Object(Illuminate\\Http\\Request), Object(Closure))
#68 D:\\PROYECTOS\\IMPORTACIONES RAMIREZ\\ERP-RAMIREZ\\vendor\\laravel\\framework\\src\\Illuminate\\Pipeline\\Pipeline.php(116): Illuminate\\Pipeline\\Pipeline->Illuminate\\Pipeline\\{closure}(Object(Illuminate\\Http\\Request))
#69 D:\\PROYECTOS\\IMPORTACIONES RAMIREZ\\ERP-RAMIREZ\\vendor\\laravel\\framework\\src\\Illuminate\\Foundation\\Http\\Kernel.php(165): Illuminate\\Pipeline\\Pipeline->then(Object(Closure))
#70 D:\\PROYECTOS\\IMPORTACIONES RAMIREZ\\ERP-RAMIREZ\\vendor\\laravel\\framework\\src\\Illuminate\\Foundation\\Http\\Kernel.php(134): Illuminate\\Foundation\\Http\\Kernel->sendRequestThroughRouter(Object(Illuminate\\Http\\Request))
#71 D:\\PROYECTOS\\IMPORTACIONES RAMIREZ\\ERP-RAMIREZ\\public\\index.php(51): Illuminate\\Foundation\\Http\\Kernel->handle(Object(Illuminate\\Http\\Request))
#72 D:\\PROYECTOS\\IMPORTACIONES RAMIREZ\\ERP-RAMIREZ\\vendor\\laravel\\framework\\src\\Illuminate\\Foundation\\resources\\server.php(16): require_once('D:\\\\PROYECTOS\\\\IM...')
#73 {main}
"} 
[2026-07-03 23:15:03] local.ERROR: Missing required parameter for [Route: historial-importaciones.excel] [URI: historial-importaciones/{transaction}/excel] [Missing parameter: transaction]. {"view":{"view":"D:\\PROYECTOS\\IMPORTACIONES RAMIREZ\\ERP-RAMIREZ\\resources\\views\\purchase\\importaciones\\index.blade.php","data":{"asset_v":"<pre class=sf-dump id=sf-dump-1235309325 data-indent-pad=\"  \"><span class=sf-dump-num>511</span>
</pre><script>Sfdump(\"sf-dump-1235309325\", {\"maxDepth\":3,\"maxStringLength\":160})</script>
","errors":"<pre class=sf-dump id=sf-dump-1171138523 data-indent-pad=\"  \"><span class=sf-dump-note>Illuminate\\Support\\ViewErrorBag</span> {<a class=sf-dump-ref>#3313</a><samp data-depth=1 class=sf-dump-expanded>
  #<span class=sf-dump-protected title=\"Protected property\">bags</span>: []
</samp>}
</pre><script>Sfdump(\"sf-dump-1171138523\", {\"maxDepth\":3,\"maxStringLength\":160})</script>
","registros":"<pre class=sf-dump id=sf-dump-494990767 data-indent-pad=\"  \"><span class=sf-dump-note>Illuminate\\Support\\Collection</span> {<a class=sf-dump-ref>#3946</a><samp data-depth=1 class=sf-dump-expanded>
  #<span class=sf-dump-protected title=\"Protected property\">items</span>: <span class=sf-dump-note>array:2</span> [<samp data-depth=2 class=sf-dump-compact>
    <span class=sf-dump-key>61</span> => <span class=sf-dump-note title=\"Illuminate\\Support\\Collection
\"><span class=\"sf-dump-ellipsis sf-dump-ellipsis-note\">Illuminate\\Support</span><span class=\"sf-dump-ellipsis sf-dump-ellipsis-note\">\\</span>Collection</span> {<a class=sf-dump-ref>#3843</a><samp data-depth=3 class=sf-dump-compact>
      #<span class=sf-dump-protected title=\"Protected property\">items</span>: <span class=sf-dump-note>array:5</span> [ &#8230;5]
      #<span class=sf-dump-protected title=\"Protected property\">escapeWhenCastingToString</span>: <span class=sf-dump-const>false</span>
    </samp>}
    <span class=sf-dump-key>6</span> => <span class=sf-dump-note title=\"Illuminate\\Support\\Collection
\"><span class=\"sf-dump-ellipsis sf-dump-ellipsis-note\">Illuminate\\Support</span><span class=\"sf-dump-ellipsis sf-dump-ellipsis-note\">\\</span>Collection</span> {<a class=sf-dump-ref>#3944</a><samp data-depth=3 class=sf-dump-compact>
      #<span class=sf-dump-protected title=\"Protected property\">items</span>: <span class=sf-dump-note>array:3</span> [ &#8230;3]
      #<span class=sf-dump-protected title=\"Protected property\">escapeWhenCastingToString</span>: <span class=sf-dump-const>false</span>
    </samp>}
  </samp>]
  #<span class=sf-dump-protected title=\"Protected property\">escapeWhenCastingToString</span>: <span class=sf-dump-const>false</span>
</samp>}
</pre><script>Sfdump(\"sf-dump-494990767\", {\"maxDepth\":3,\"maxStringLength\":160})</script>
","productos":"<pre class=sf-dump id=sf-dump-1727134841 data-indent-pad=\"  \"><span class=sf-dump-note>Illuminate\\Support\\Collection</span> {<a class=sf-dump-ref>#3615</a><samp data-depth=1 class=sf-dump-expanded>
  #<span class=sf-dump-protected title=\"Protected property\">items</span>: <span class=sf-dump-note>array:7</span> [<samp data-depth=2 class=sf-dump-compact>
    <span class=sf-dump-key>4</span> => \"<span class=sf-dump-str title=\"10 characters\">Carroceria</span>\"
    <span class=sf-dump-key>7</span> => \"<span class=sf-dump-str title=\"14 characters\">ENSAMBLAJE 150</span>\"
    <span class=sf-dump-key>6</span> => \"<span class=sf-dump-str title=\"21 characters\">MATERIALES CARROCERIA</span>\"
    <span class=sf-dump-key>8</span> => \"<span class=sf-dump-str title=\"12 characters\">MOTOTAXI 150</span>\"
    <span class=sf-dump-key>2</span> => \"<span class=sf-dump-str title=\"15 characters\">RETROEXCAVADORA</span>\"
    <span class=sf-dump-key>5</span> => \"<span class=sf-dump-str title=\"9 characters\">Tapiceria</span>\"
    <span class=sf-dump-key>1</span> => \"<span class=sf-dump-str title=\"7 characters\">WX-150A</span>\"
  </samp>]
  #<span class=sf-dump-protected title=\"Protected property\">escapeWhenCastingToString</span>: <span class=sf-dump-const>false</span>
</samp>}
</pre><script>Sfdump(\"sf-dump-1727134841\", {\"maxDepth\":3,\"maxStringLength\":160})</script>
","desde":"<pre class=sf-dump id=sf-dump-2059280174 data-indent-pad=\"  \"><span class=sf-dump-const>null</span>
</pre><script>Sfdump(\"sf-dump-2059280174\", {\"maxDepth\":3,\"maxStringLength\":160})</script>
","hasta":"<pre class=sf-dump id=sf-dump-591475360 data-indent-pad=\"  \"><span class=sf-dump-const>null</span>
</pre><script>Sfdump(\"sf-dump-591475360\", {\"maxDepth\":3,\"maxStringLength\":160})</script>
","producto":"<pre class=sf-dump id=sf-dump-1381055822 data-indent-pad=\"  \"><span class=sf-dump-const>null</span>
</pre><script>Sfdump(\"sf-dump-1381055822\", {\"maxDepth\":3,\"maxStringLength\":160})</script>
","motor":"<pre class=sf-dump id=sf-dump-8493227 data-indent-pad=\"  \"><span class=sf-dump-const>null</span>
</pre><script>Sfdump(\"sf-dump-8493227\", {\"maxDepth\":3,\"maxStringLength\":160})</script>
","guia":"<pre class=sf-dump id=sf-dump-2050349113 data-indent-pad=\"  \"><span class=sf-dump-const>null</span>
</pre><script>Sfdump(\"sf-dump-2050349113\", {\"maxDepth\":3,\"maxStringLength\":160})</script>
","contenedor":"<pre class=sf-dump id=sf-dump-1890246903 data-indent-pad=\"  \"><span class=sf-dump-const>null</span>
</pre><script>Sfdump(\"sf-dump-1890246903\", {\"maxDepth\":3,\"maxStringLength\":160})</script>
","enabled_modules":"<pre class=sf-dump id=sf-dump-1763912293 data-indent-pad=\"  \"><span class=sf-dump-note>array:7</span> [<samp data-depth=1 class=sf-dump-expanded>
  <span class=sf-dump-index>0</span> => \"<span class=sf-dump-str title=\"9 characters\">purchases</span>\"
  <span class=sf-dump-index>1</span> => \"<span class=sf-dump-str title=\"8 characters\">add_sale</span>\"
  <span class=sf-dump-index>2</span> => \"<span class=sf-dump-str title=\"8 characters\">pos_sale</span>\"
  <span class=sf-dump-index>3</span> => \"<span class=sf-dump-str title=\"15 characters\">stock_transfers</span>\"
  <span class=sf-dump-index>4</span> => \"<span class=sf-dump-str title=\"16 characters\">stock_adjustment</span>\"
  <span class=sf-dump-index>5</span> => \"<span class=sf-dump-str title=\"8 characters\">expenses</span>\"
  <span class=sf-dump-index>6</span> => \"<span class=sf-dump-str title=\"7 characters\">account</span>\"
</samp>]
</pre><script>Sfdump(\"sf-dump-1763912293\", {\"maxDepth\":3,\"maxStringLength\":160})</script>
","__is_pusher_enabled":"<pre class=sf-dump id=sf-dump-994314773 data-indent-pad=\"  \"><span class=sf-dump-const>false</span>
</pre><script>Sfdump(\"sf-dump-994314773\", {\"maxDepth\":3,\"maxStringLength\":160})</script>
"}},"userId":1,"exception":"[object] (Spatie\\LaravelIgnition\\Exceptions\\ViewException(code: 0): Missing required parameter for [Route: historial-importaciones.excel] [URI: historial-importaciones/{transaction}/excel] [Missing parameter: transaction]. at D:\\PROYECTOS\\IMPORTACIONES RAMIREZ\\ERP-RAMIREZ\\vendor\\laravel\\framework\\src\\Illuminate\\Routing\\Exceptions\\UrlGenerationException.php:35)
[stacktrace]
#0 D:\\PROYECTOS\\IMPORTACIONES RAMIREZ\\ERP-RAMIREZ\\vendor\\laravel\\framework\\src\\Illuminate\\Routing\\RouteUrlGenerator.php(90): Illuminate\\Routing\\Exceptions\\UrlGenerationException::forMissingParameters(Object(Illuminate\\Routing\\Route), Array)
#1 D:\\PROYECTOS\\IMPORTACIONES RAMIREZ\\ERP-RAMIREZ\\vendor\\laravel\\framework\\src\\Illuminate\\Routing\\UrlGenerator.php(492): Illuminate\\Routing\\RouteUrlGenerator->to(Object(Illuminate\\Routing\\Route), Array, true)
#2 D:\\PROYECTOS\\IMPORTACIONES RAMIREZ\\ERP-RAMIREZ\\vendor\\laravel\\framework\\src\\Illuminate\\Routing\\UrlGenerator.php(464): Illuminate\\Routing\\UrlGenerator->toRoute(Object(Illuminate\\Routing\\Route), Array, true)
#3 D:\\PROYECTOS\\IMPORTACIONES RAMIREZ\\ERP-RAMIREZ\\vendor\\laravel\\framework\\src\\Illuminate\\Foundation\\helpers.php(826): Illuminate\\Routing\\UrlGenerator->route('historial-impor...', Array, true)
#4 D:\\PROYECTOS\\IMPORTACIONES RAMIREZ\\ERP-RAMIREZ\\resources\\views\\purchase\\importaciones\\index.blade.php(88): route('historial-impor...', Array)
#5 D:\\PROYECTOS\\IMPORTACIONES RAMIREZ\\ERP-RAMIREZ\\vendor\\laravel\\framework\\src\\Illuminate\\Filesystem\\Filesystem.php(109): require('D:\\\\PROYECTOS\\\\IM...')
#6 D:\\PROYECTOS\\IMPORTACIONES RAMIREZ\\ERP-RAMIREZ\\vendor\\laravel\\framework\\src\\Illuminate\\Filesystem\\Filesystem.php(110): Illuminate\\Filesystem\\Filesystem::Illuminate\\Filesystem\\{closure}()
#7 D:\\PROYECTOS\\IMPORTACIONES RAMIREZ\\ERP-RAMIREZ\\vendor\\laravel\\framework\\src\\Illuminate\\View\\Engines\\PhpEngine.php(58): Illuminate\\Filesystem\\Filesystem->getRequire('D:\\\\PROYECTOS\\\\IM...', Array)
#8 D:\\PROYECTOS\\IMPORTACIONES RAMIREZ\\ERP-RAMIREZ\\vendor\\laravel\\framework\\src\\Illuminate\\View\\Engines\\CompilerEngine.php(70): Illuminate\\View\\Engines\\PhpEngine->evaluatePath('D:\\\\PROYECTOS\\\\IM...', Array)
#9 D:\\PROYECTOS\\IMPORTACIONES RAMIREZ\\ERP-RAMIREZ\\vendor\\laravel\\framework\\src\\Illuminate\\View\\View.php(195): Illuminate\\View\\Engines\\CompilerEngine->get('D:\\\\PROYECTOS\\\\IM...', Array)
#10 D:\\PROYECTOS\\IMPORTACIONES RAMIREZ\\ERP-RAMIREZ\\vendor\\laravel\\framework\\src\\Illuminate\\View\\View.php(178): Illuminate\\View\\View->getContents()
#11 D:\\PROYECTOS\\IMPORTACIONES RAMIREZ\\ERP-RAMIREZ\\vendor\\laravel\\framework\\src\\Illuminate\\View\\View.php(147): Illuminate\\View\\View->renderContents()
#12 D:\\PROYECTOS\\IMPORTACIONES RAMIREZ\\ERP-RAMIREZ\\vendor\\laravel\\framework\\src\\Illuminate\\Http\\Response.php(69): Illuminate\\View\\View->render()
#13 D:\\PROYECTOS\\IMPORTACIONES RAMIREZ\\ERP-RAMIREZ\\vendor\\laravel\\framework\\src\\Illuminate\\Http\\Response.php(35): Illuminate\\Http\\Response->setContent(Object(Illuminate\\View\\View))
#14 D:\\PROYECTOS\\IMPORTACIONES RAMIREZ\\ERP-RAMIREZ\\vendor\\laravel\\framework\\src\\Illuminate\\Routing\\Router.php(906): Illuminate\\Http\\Response->__construct(Object(Illuminate\\View\\View), 200, Array)
#15 D:\\PROYECTOS\\IMPORTACIONES RAMIREZ\\ERP-RAMIREZ\\vendor\\laravel\\framework\\src\\Illuminate\\Routing\\Router.php(875): Illuminate\\Routing\\Router::toResponse(Object(Illuminate\\Http\\Request), Object(Illuminate\\View\\View))
#16 D:\\PROYECTOS\\IMPORTACIONES RAMIREZ\\ERP-RAMIREZ\\vendor\\laravel\\framework\\src\\Illuminate\\Routing\\Router.php(797): Illuminate\\Routing\\Router->prepareResponse(Object(Illuminate\\Http\\Request), Object(Illuminate\\View\\View))
#17 D:\\PROYECTOS\\IMPORTACIONES RAMIREZ\\ERP-RAMIREZ\\vendor\\laravel\\framework\\src\\Illuminate\\Pipeline\\Pipeline.php(141): Illuminate\\Routing\\Router->Illuminate\\Routing\\{closure}(Object(Illuminate\\Http\\Request))
#18 D:\\PROYECTOS\\IMPORTACIONES RAMIREZ\\ERP-RAMIREZ\\app\\Http\\Middleware\\CheckUserLogin.php(22): Illuminate\\Pipeline\\Pipeline->Illuminate\\Pipeline\\{closure}(Object(Illuminate\\Http\\Request))
#19 D:\\PROYECTOS\\IMPORTACIONES RAMIREZ\\ERP-RAMIREZ\\vendor\\laravel\\framework\\src\\Illuminate\\Pipeline\\Pipeline.php(180): App\\Http\\Middleware\\CheckUserLogin->handle(Object(Illuminate\\Http\\Request), Object(Closure))
#20 D:\\PROYECTOS\\IMPORTACIONES RAMIREZ\\ERP-RAMIREZ\\app\\Http\\Middleware\\AdminSidebarMenu.php(906): Illuminate\\Pipeline\\Pipeline->Illuminate\\Pipeline\\{closure}(Object(Illuminate\\Http\\Request))
#21 D:\\PROYECTOS\\IMPORTACIONES RAMIREZ\\ERP-RAMIREZ\\vendor\\laravel\\framework\\src\\Illuminate\\Pipeline\\Pipeline.php(180): App\\Http\\Middleware\\AdminSidebarMenu->handle(Object(Illuminate\\Http\\Request), Object(Closure))
#22 D:\\PROYECTOS\\IMPORTACIONES RAMIREZ\\ERP-RAMIREZ\\app\\Http\\Middleware\\Timezone.php(30): Illuminate\\Pipeline\\Pipeline->Illuminate\\Pipeline\\{closure}(Object(Illuminate\\Http\\Request))
#23 D:\\PROYECTOS\\IMPORTACIONES RAMIREZ\\ERP-RAMIREZ\\vendor\\laravel\\framework\\src\\Illuminate\\Pipeline\\Pipeline.php(180): App\\Http\\Middleware\\Timezone->handle(Object(Illuminate\\Http\\Request), Object(Closure))
#24 D:\\PROYECTOS\\IMPORTACIONES RAMIREZ\\ERP-RAMIREZ\\app\\Http\\Middleware\\Language.php(25): Illuminate\\Pipeline\\Pipeline->Illuminate\\Pipeline\\{closure}(Object(Illuminate\\Http\\Request))
#25 D:\\PROYECTOS\\IMPORTACIONES RAMIREZ\\ERP-RAMIREZ\\vendor\\laravel\\framework\\src\\Illuminate\\Pipeline\\Pipeline.php(180): App\\Http\\Middleware\\Language->handle(Object(Illuminate\\Http\\Request), Object(Closure))
#26 D:\\PROYECTOS\\IMPORTACIONES RAMIREZ\\ERP-RAMIREZ\\app\\Http\\Middleware\\SetSessionData.php(52): Illuminate\\Pipeline\\Pipeline->Illuminate\\Pipeline\\{closure}(Object(Illuminate\\Http\\Request))
#27 D:\\PROYECTOS\\IMPORTACIONES RAMIREZ\\ERP-RAMIREZ\\vendor\\laravel\\framework\\src\\Illuminate\\Pipeline\\Pipeline.php(180): App\\Http\\Middleware\\SetSessionData->handle(Object(Illuminate\\Http\\Request), Object(Closure))
#28 D:\\PROYECTOS\\IMPORTACIONES RAMIREZ\\ERP-RAMIREZ\\app\\Http\\Middleware\\IsInstalled.php(50): Illuminate\\Pipeline\\Pipeline->Illuminate\\Pipeline\\{closure}(Object(Illuminate\\Http\\Request))
#29 D:\\PROYECTOS\\IMPORTACIONES RAMIREZ\\ERP-RAMIREZ\\vendor\\laravel\\framework\\src\\Illuminate\\Pipeline\\Pipeline.php(180): App\\Http\\Middleware\\IsInstalled->handle(Object(Illuminate\\Http\\Request), Object(Closure))
#30 D:\\PROYECTOS\\IMPORTACIONES RAMIREZ\\ERP-RAMIREZ\\vendor\\laravel\\framework\\src\\Illuminate\\Routing\\Middleware\\SubstituteBindings.php(50): Illuminate\\Pipeline\\Pipeline->Illuminate\\Pipeline\\{closure}(Object(Illuminate\\Http\\Request))
#31 D:\\PROYECTOS\\IMPORTACIONES RAMIREZ\\ERP-RAMIREZ\\vendor\\laravel\\framework\\src\\Illuminate\\Pipeline\\Pipeline.php(180): Illuminate\\Routing\\Middleware\\SubstituteBindings->handle(Object(Illuminate\\Http\\Request), Object(Closure))
#32 D:\\PROYECTOS\\IMPORTACIONES RAMIREZ\\ERP-RAMIREZ\\vendor\\laravel\\framework\\src\\Illuminate\\Auth\\Middleware\\Authenticate.php(44): Illuminate\\Pipeline\\Pipeline->Illuminate\\Pipeline\\{closure}(Object(Illuminate\\Http\\Request))
#33 D:\\PROYECTOS\\IMPORTACIONES RAMIREZ\\ERP-RAMIREZ\\vendor\\laravel\\framework\\src\\Illuminate\\Pipeline\\Pipeline.php(180): Illuminate\\Auth\\Middleware\\Authenticate->handle(Object(Illuminate\\Http\\Request), Object(Closure))
#34 D:\\PROYECTOS\\IMPORTACIONES RAMIREZ\\ERP-RAMIREZ\\vendor\\laravel\\framework\\src\\Illuminate\\Foundation\\Http\\Middleware\\VerifyCsrfToken.php(78): Illuminate\\Pipeline\\Pipeline->Illuminate\\Pipeline\\{closure}(Object(Illuminate\\Http\\Request))
#35 D:\\PROYECTOS\\IMPORTACIONES RAMIREZ\\ERP-RAMIREZ\\vendor\\laravel\\framework\\src\\Illuminate\\Pipeline\\Pipeline.php(180): Illuminate\\Foundation\\Http\\Middleware\\VerifyCsrfToken->handle(Object(Illuminate\\Http\\Request), Object(Closure))
#36 D:\\PROYECTOS\\IMPORTACIONES RAMIREZ\\ERP-RAMIREZ\\vendor\\laravel\\framework\\src\\Illuminate\\View\\Middleware\\ShareErrorsFromSession.php(49): Illuminate\\Pipeline\\Pipeline->Illuminate\\Pipeline\\{closure}(Object(Illuminate\\Http\\Request))
#37 D:\\PROYECTOS\\IMPORTACIONES RAMIREZ\\ERP-RAMIREZ\\vendor\\laravel\\framework\\src\\Illuminate\\Pipeline\\Pipeline.php(180): Illuminate\\View\\Middleware\\ShareErrorsFromSession->handle(Object(Illuminate\\Http\\Request), Object(Closure))
#38 D:\\PROYECTOS\\IMPORTACIONES RAMIREZ\\ERP-RAMIREZ\\vendor\\laravel\\framework\\src\\Illuminate\\Session\\Middleware\\StartSession.php(121): Illuminate\\Pipeline\\Pipeline->Illuminate\\Pipeline\\{closure}(Object(Illuminate\\Http\\Request))
#39 D:\\PROYECTOS\\IMPORTACIONES RAMIREZ\\ERP-RAMIREZ\\vendor\\laravel\\framework\\src\\Illuminate\\Session\\Middleware\\StartSession.php(64): Illuminate\\Session\\Middleware\\StartSession->handleStatefulRequest(Object(Illuminate\\Http\\Request), Object(Illuminate\\Session\\Store), Object(Closure))
#40 D:\\PROYECTOS\\IMPORTACIONES RAMIREZ\\ERP-RAMIREZ\\vendor\\laravel\\framework\\src\\Illuminate\\Pipeline\\Pipeline.php(180): Illuminate\\Session\\Middleware\\StartSession->handle(Object(Illuminate\\Http\\Request), Object(Closure))
#41 D:\\PROYECTOS\\IMPORTACIONES RAMIREZ\\ERP-RAMIREZ\\vendor\\laravel\\framework\\src\\Illuminate\\Cookie\\Middleware\\AddQueuedCookiesToResponse.php(37): Illuminate\\Pipeline\\Pipeline->Illuminate\\Pipeline\\{closure}(Object(Illuminate\\Http\\Request))
#42 D:\\PROYECTOS\\IMPORTACIONES RAMIREZ\\ERP-RAMIREZ\\vendor\\laravel\\framework\\src\\Illuminate\\Pipeline\\Pipeline.php(180): Illuminate\\Cookie\\Middleware\\AddQueuedCookiesToResponse->handle(Object(Illuminate\\Http\\Request), Object(Closure))
#43 D:\\PROYECTOS\\IMPORTACIONES RAMIREZ\\ERP-RAMIREZ\\vendor\\laravel\\framework\\src\\Illuminate\\Cookie\\Middleware\\EncryptCookies.php(67): Illuminate\\Pipeline\\Pipeline->Illuminate\\Pipeline\\{closure}(Object(Illuminate\\Http\\Request))
#44 D:\\PROYECTOS\\IMPORTACIONES RAMIREZ\\ERP-RAMIREZ\\vendor\\laravel\\framework\\src\\Illuminate\\Pipeline\\Pipeline.php(180): Illuminate\\Cookie\\Middleware\\EncryptCookies->handle(Object(Illuminate\\Http\\Request), Object(Closure))
#45 D:\\PROYECTOS\\IMPORTACIONES RAMIREZ\\ERP-RAMIREZ\\vendor\\laravel\\framework\\src\\Illuminate\\Pipeline\\Pipeline.php(116): Illuminate\\Pipeline\\Pipeline->Illuminate\\Pipeline\\{closure}(Object(Illuminate\\Http\\Request))
#46 D:\\PROYECTOS\\IMPORTACIONES RAMIREZ\\ERP-RAMIREZ\\vendor\\laravel\\framework\\src\\Illuminate\\Routing\\Router.php(797): Illuminate\\Pipeline\\Pipeline->then(Object(Closure))
#47 D:\\PROYECTOS\\IMPORTACIONES RAMIREZ\\ERP-RAMIREZ\\vendor\\laravel\\framework\\src\\Illuminate\\Routing\\Router.php(776): Illuminate\\Routing\\Router->runRouteWithinStack(Object(Illuminate\\Routing\\Route), Object(Illuminate\\Http\\Request))
#48 D:\\PROYECTOS\\IMPORTACIONES RAMIREZ\\ERP-RAMIREZ\\vendor\\laravel\\framework\\src\\Illuminate\\Routing\\Router.php(740): Illuminate\\Routing\\Router->runRoute(Object(Illuminate\\Http\\Request), Object(Illuminate\\Routing\\Route))
#49 D:\\PROYECTOS\\IMPORTACIONES RAMIREZ\\ERP-RAMIREZ\\vendor\\laravel\\framework\\src\\Illuminate\\Routing\\Router.php(729): Illuminate\\Routing\\Router->dispatchToRoute(Object(Illuminate\\Http\\Request))
#50 D:\\PROYECTOS\\IMPORTACIONES RAMIREZ\\ERP-RAMIREZ\\vendor\\laravel\\framework\\src\\Illuminate\\Foundation\\Http\\Kernel.php(190): Illuminate\\Routing\\Router->dispatch(Object(Illuminate\\Http\\Request))
#51 D:\\PROYECTOS\\IMPORTACIONES RAMIREZ\\ERP-RAMIREZ\\vendor\\laravel\\framework\\src\\Illuminate\\Pipeline\\Pipeline.php(141): Illuminate\\Foundation\\Http\\Kernel->Illuminate\\Foundation\\Http\\{closure}(Object(Illuminate\\Http\\Request))
#52 D:\\PROYECTOS\\IMPORTACIONES RAMIREZ\\ERP-RAMIREZ\\vendor\\barryvdh\\laravel-debugbar\\src\\Middleware\\InjectDebugbar.php(59): Illuminate\\Pipeline\\Pipeline->Illuminate\\Pipeline\\{closure}(Object(Illuminate\\Http\\Request))
#53 D:\\PROYECTOS\\IMPORTACIONES RAMIREZ\\ERP-RAMIREZ\\vendor\\laravel\\framework\\src\\Illuminate\\Pipeline\\Pipeline.php(180): Barryvdh\\Debugbar\\Middleware\\InjectDebugbar->handle(Object(Illuminate\\Http\\Request), Object(Closure))
#54 D:\\PROYECTOS\\IMPORTACIONES RAMIREZ\\ERP-RAMIREZ\\vendor\\laravel\\framework\\src\\Illuminate\\Foundation\\Http\\Middleware\\TransformsRequest.php(21): Illuminate\\Pipeline\\Pipeline->Illuminate\\Pipeline\\{closure}(Object(Illuminate\\Http\\Request))
#55 D:\\PROYECTOS\\IMPORTACIONES RAMIREZ\\ERP-RAMIREZ\\vendor\\laravel\\framework\\src\\Illuminate\\Foundation\\Http\\Middleware\\ConvertEmptyStringsToNull.php(31): Illuminate\\Foundation\\Http\\Middleware\\TransformsRequest->handle(Object(Illuminate\\Http\\Request), Object(Closure))
#56 D:\\PROYECTOS\\IMPORTACIONES RAMIREZ\\ERP-RAMIREZ\\vendor\\laravel\\framework\\src\\Illuminate\\Pipeline\\Pipeline.php(180): Illuminate\\Foundation\\Http\\Middleware\\ConvertEmptyStringsToNull->handle(Object(Illuminate\\Http\\Request), Object(Closure))
#57 D:\\PROYECTOS\\IMPORTACIONES RAMIREZ\\ERP-RAMIREZ\\vendor\\laravel\\framework\\src\\Illuminate\\Foundation\\Http\\Middleware\\TransformsRequest.php(21): Illuminate\\Pipeline\\Pipeline->Illuminate\\Pipeline\\{closure}(Object(Illuminate\\Http\\Request))
#58 D:\\PROYECTOS\\IMPORTACIONES RAMIREZ\\ERP-RAMIREZ\\vendor\\laravel\\framework\\src\\Illuminate\\Foundation\\Http\\Middleware\\TrimStrings.php(40): Illuminate\\Foundation\\Http\\Middleware\\TransformsRequest->handle(Object(Illuminate\\Http\\Request), Object(Closure))
#59 D:\\PROYECTOS\\IMPORTACIONES RAMIREZ\\ERP-RAMIREZ\\vendor\\laravel\\framework\\src\\Illuminate\\Pipeline\\Pipeline.php(180): Illuminate\\Foundation\\Http\\Middleware\\TrimStrings->handle(Object(Illuminate\\Http\\Request), Object(Closure))
#60 D:\\PROYECTOS\\IMPORTACIONES RAMIREZ\\ERP-RAMIREZ\\vendor\\laravel\\framework\\src\\Illuminate\\Foundation\\Http\\Middleware\\ValidatePostSize.php(27): Illuminate\\Pipeline\\Pipeline->Illuminate\\Pipeline\\{closure}(Object(Illuminate\\Http\\Request))
#61 D:\\PROYECTOS\\IMPORTACIONES RAMIREZ\\ERP-RAMIREZ\\vendor\\laravel\\framework\\src\\Illuminate\\Pipeline\\Pipeline.php(180): Illuminate\\Foundation\\Http\\Middleware\\ValidatePostSize->handle(Object(Illuminate\\Http\\Request), Object(Closure))
#62 D:\\PROYECTOS\\IMPORTACIONES RAMIREZ\\ERP-RAMIREZ\\vendor\\laravel\\framework\\src\\Illuminate\\Foundation\\Http\\Middleware\\PreventRequestsDuringMaintenance.php(86): Illuminate\\Pipeline\\Pipeline->Illuminate\\Pipeline\\{closure}(Object(Illuminate\\Http\\Request))
#63 D:\\PROYECTOS\\IMPORTACIONES RAMIREZ\\ERP-RAMIREZ\\vendor\\laravel\\framework\\src\\Illuminate\\Pipeline\\Pipeline.php(180): Illuminate\\Foundation\\Http\\Middleware\\PreventRequestsDuringMaintenance->handle(Object(Illuminate\\Http\\Request), Object(Closure))
#64 D:\\PROYECTOS\\IMPORTACIONES RAMIREZ\\ERP-RAMIREZ\\vendor\\laravel\\framework\\src\\Illuminate\\Http\\Middleware\\HandleCors.php(49): Illuminate\\Pipeline\\Pipeline->Illuminate\\Pipeline\\{closure}(Object(Illuminate\\Http\\Request))
#65 D:\\PROYECTOS\\IMPORTACIONES RAMIREZ\\ERP-RAMIREZ\\vendor\\laravel\\framework\\src\\Illuminate\\Pipeline\\Pipeline.php(180): Illuminate\\Http\\Middleware\\HandleCors->handle(Object(Illuminate\\Http\\Request), Object(Closure))
#66 D:\\PROYECTOS\\IMPORTACIONES RAMIREZ\\ERP-RAMIREZ\\vendor\\laravel\\framework\\src\\Illuminate\\Http\\Middleware\\TrustProxies.php(39): Illuminate\\Pipeline\\Pipeline->Illuminate\\Pipeline\\{closure}(Object(Illuminate\\Http\\Request))
#67 D:\\PROYECTOS\\IMPORTACIONES RAMIREZ\\ERP-RAMIREZ\\vendor\\laravel\\framework\\src\\Illuminate\\Pipeline\\Pipeline.php(180): Illuminate\\Http\\Middleware\\TrustProxies->handle(Object(Illuminate\\Http\\Request), Object(Closure))
#68 D:\\PROYECTOS\\IMPORTACIONES RAMIREZ\\ERP-RAMIREZ\\vendor\\laravel\\framework\\src\\Illuminate\\Pipeline\\Pipeline.php(116): Illuminate\\Pipeline\\Pipeline->Illuminate\\Pipeline\\{closure}(Object(Illuminate\\Http\\Request))
#69 D:\\PROYECTOS\\IMPORTACIONES RAMIREZ\\ERP-RAMIREZ\\vendor\\laravel\\framework\\src\\Illuminate\\Foundation\\Http\\Kernel.php(165): Illuminate\\Pipeline\\Pipeline->then(Object(Closure))
#70 D:\\PROYECTOS\\IMPORTACIONES RAMIREZ\\ERP-RAMIREZ\\vendor\\laravel\\framework\\src\\Illuminate\\Foundation\\Http\\Kernel.php(134): Illuminate\\Foundation\\Http\\Kernel->sendRequestThroughRouter(Object(Illuminate\\Http\\Request))
#71 D:\\PROYECTOS\\IMPORTACIONES RAMIREZ\\ERP-RAMIREZ\\public\\index.php(51): Illuminate\\Foundation\\Http\\Kernel->handle(Object(Illuminate\\Http\\Request))
#72 D:\\PROYECTOS\\IMPORTACIONES RAMIREZ\\ERP-RAMIREZ\\vendor\\laravel\\framework\\src\\Illuminate\\Foundation\\resources\\server.php(16): require_once('D:\\\\PROYECTOS\\\\IM...')
#73 {main}

[previous exception] [object] (Illuminate\\Routing\\Exceptions\\UrlGenerationException(code: 0): Missing required parameter for [Route: historial-importaciones.excel] [URI: historial-importaciones/{transaction}/excel] [Missing parameter: transaction]. at D:\\PROYECTOS\\IMPORTACIONES RAMIREZ\\ERP-RAMIREZ\\vendor\\laravel\\framework\\src\\Illuminate\\Routing\\Exceptions\\UrlGenerationException.php:35)
[stacktrace]
#0 D:\\PROYECTOS\\IMPORTACIONES RAMIREZ\\ERP-RAMIREZ\\vendor\\laravel\\framework\\src\\Illuminate\\Routing\\RouteUrlGenerator.php(90): Illuminate\\Routing\\Exceptions\\UrlGenerationException::forMissingParameters(Object(Illuminate\\Routing\\Route), Array)
#1 D:\\PROYECTOS\\IMPORTACIONES RAMIREZ\\ERP-RAMIREZ\\vendor\\laravel\\framework\\src\\Illuminate\\Routing\\UrlGenerator.php(492): Illuminate\\Routing\\RouteUrlGenerator->to(Object(Illuminate\\Routing\\Route), Array, true)
#2 D:\\PROYECTOS\\IMPORTACIONES RAMIREZ\\ERP-RAMIREZ\\vendor\\laravel\\framework\\src\\Illuminate\\Routing\\UrlGenerator.php(464): Illuminate\\Routing\\UrlGenerator->toRoute(Object(Illuminate\\Routing\\Route), Array, true)
#3 D:\\PROYECTOS\\IMPORTACIONES RAMIREZ\\ERP-RAMIREZ\\vendor\\laravel\\framework\\src\\Illuminate\\Foundation\\helpers.php(826): Illuminate\\Routing\\UrlGenerator->route('historial-impor...', Array, true)
#4 D:\\PROYECTOS\\IMPORTACIONES RAMIREZ\\ERP-RAMIREZ\\storage\\framework\\views\\dc6f0818c41a1e845a314568edf6dc99a1727aa6.php(89): route('historial-impor...', Array)
#5 D:\\PROYECTOS\\IMPORTACIONES RAMIREZ\\ERP-RAMIREZ\\vendor\\laravel\\framework\\src\\Illuminate\\Filesystem\\Filesystem.php(109): require('D:\\\\PROYECTOS\\\\IM...')
#6 D:\\PROYECTOS\\IMPORTACIONES RAMIREZ\\ERP-RAMIREZ\\vendor\\laravel\\framework\\src\\Illuminate\\Filesystem\\Filesystem.php(110): Illuminate\\Filesystem\\Filesystem::Illuminate\\Filesystem\\{closure}()
#7 D:\\PROYECTOS\\IMPORTACIONES RAMIREZ\\ERP-RAMIREZ\\vendor\\laravel\\framework\\src\\Illuminate\\View\\Engines\\PhpEngine.php(58): Illuminate\\Filesystem\\Filesystem->getRequire('D:\\\\PROYECTOS\\\\IM...', Array)
#8 D:\\PROYECTOS\\IMPORTACIONES RAMIREZ\\ERP-RAMIREZ\\vendor\\laravel\\framework\\src\\Illuminate\\View\\Engines\\CompilerEngine.php(70): Illuminate\\View\\Engines\\PhpEngine->evaluatePath('D:\\\\PROYECTOS\\\\IM...', Array)
#9 D:\\PROYECTOS\\IMPORTACIONES RAMIREZ\\ERP-RAMIREZ\\vendor\\laravel\\framework\\src\\Illuminate\\View\\View.php(195): Illuminate\\View\\Engines\\CompilerEngine->get('D:\\\\PROYECTOS\\\\IM...', Array)
#10 D:\\PROYECTOS\\IMPORTACIONES RAMIREZ\\ERP-RAMIREZ\\vendor\\laravel\\framework\\src\\Illuminate\\View\\View.php(178): Illuminate\\View\\View->getContents()
#11 D:\\PROYECTOS\\IMPORTACIONES RAMIREZ\\ERP-RAMIREZ\\vendor\\laravel\\framework\\src\\Illuminate\\View\\View.php(147): Illuminate\\View\\View->renderContents()
#12 D:\\PROYECTOS\\IMPORTACIONES RAMIREZ\\ERP-RAMIREZ\\vendor\\laravel\\framework\\src\\Illuminate\\Http\\Response.php(69): Illuminate\\View\\View->render()
#13 D:\\PROYECTOS\\IMPORTACIONES RAMIREZ\\ERP-RAMIREZ\\vendor\\laravel\\framework\\src\\Illuminate\\Http\\Response.php(35): Illuminate\\Http\\Response->setContent(Object(Illuminate\\View\\View))
#14 D:\\PROYECTOS\\IMPORTACIONES RAMIREZ\\ERP-RAMIREZ\\vendor\\laravel\\framework\\src\\Illuminate\\Routing\\Router.php(906): Illuminate\\Http\\Response->__construct(Object(Illuminate\\View\\View), 200, Array)
#15 D:\\PROYECTOS\\IMPORTACIONES RAMIREZ\\ERP-RAMIREZ\\vendor\\laravel\\framework\\src\\Illuminate\\Routing\\Router.php(875): Illuminate\\Routing\\Router::toResponse(Object(Illuminate\\Http\\Request), Object(Illuminate\\View\\View))
#16 D:\\PROYECTOS\\IMPORTACIONES RAMIREZ\\ERP-RAMIREZ\\vendor\\laravel\\framework\\src\\Illuminate\\Routing\\Router.php(797): Illuminate\\Routing\\Router->prepareResponse(Object(Illuminate\\Http\\Request), Object(Illuminate\\View\\View))
#17 D:\\PROYECTOS\\IMPORTACIONES RAMIREZ\\ERP-RAMIREZ\\vendor\\laravel\\framework\\src\\Illuminate\\Pipeline\\Pipeline.php(141): Illuminate\\Routing\\Router->Illuminate\\Routing\\{closure}(Object(Illuminate\\Http\\Request))
#18 D:\\PROYECTOS\\IMPORTACIONES RAMIREZ\\ERP-RAMIREZ\\app\\Http\\Middleware\\CheckUserLogin.php(22): Illuminate\\Pipeline\\Pipeline->Illuminate\\Pipeline\\{closure}(Object(Illuminate\\Http\\Request))
#19 D:\\PROYECTOS\\IMPORTACIONES RAMIREZ\\ERP-RAMIREZ\\vendor\\laravel\\framework\\src\\Illuminate\\Pipeline\\Pipeline.php(180): App\\Http\\Middleware\\CheckUserLogin->handle(Object(Illuminate\\Http\\Request), Object(Closure))
#20 D:\\PROYECTOS\\IMPORTACIONES RAMIREZ\\ERP-RAMIREZ\\app\\Http\\Middleware\\AdminSidebarMenu.php(906): Illuminate\\Pipeline\\Pipeline->Illuminate\\Pipeline\\{closure}(Object(Illuminate\\Http\\Request))
#21 D:\\PROYECTOS\\IMPORTACIONES RAMIREZ\\ERP-RAMIREZ\\vendor\\laravel\\framework\\src\\Illuminate\\Pipeline\\Pipeline.php(180): App\\Http\\Middleware\\AdminSidebarMenu->handle(Object(Illuminate\\Http\\Request), Object(Closure))
#22 D:\\PROYECTOS\\IMPORTACIONES RAMIREZ\\ERP-RAMIREZ\\app\\Http\\Middleware\\Timezone.php(30): Illuminate\\Pipeline\\Pipeline->Illuminate\\Pipeline\\{closure}(Object(Illuminate\\Http\\Request))
#23 D:\\PROYECTOS\\IMPORTACIONES RAMIREZ\\ERP-RAMIREZ\\vendor\\laravel\\framework\\src\\Illuminate\\Pipeline\\Pipeline.php(180): App\\Http\\Middleware\\Timezone->handle(Object(Illuminate\\Http\\Request), Object(Closure))
#24 D:\\PROYECTOS\\IMPORTACIONES RAMIREZ\\ERP-RAMIREZ\\app\\Http\\Middleware\\Language.php(25): Illuminate\\Pipeline\\Pipeline->Illuminate\\Pipeline\\{closure}(Object(Illuminate\\Http\\Request))
#25 D:\\PROYECTOS\\IMPORTACIONES RAMIREZ\\ERP-RAMIREZ\\vendor\\laravel\\framework\\src\\Illuminate\\Pipeline\\Pipeline.php(180): App\\Http\\Middleware\\Language->handle(Object(Illuminate\\Http\\Request), Object(Closure))
#26 D:\\PROYECTOS\\IMPORTACIONES RAMIREZ\\ERP-RAMIREZ\\app\\Http\\Middleware\\SetSessionData.php(52): Illuminate\\Pipeline\\Pipeline->Illuminate\\Pipeline\\{closure}(Object(Illuminate\\Http\\Request))
#27 D:\\PROYECTOS\\IMPORTACIONES RAMIREZ\\ERP-RAMIREZ\\vendor\\laravel\\framework\\src\\Illuminate\\Pipeline\\Pipeline.php(180): App\\Http\\Middleware\\SetSessionData->handle(Object(Illuminate\\Http\\Request), Object(Closure))
#28 D:\\PROYECTOS\\IMPORTACIONES RAMIREZ\\ERP-RAMIREZ\\app\\Http\\Middleware\\IsInstalled.php(50): Illuminate\\Pipeline\\Pipeline->Illuminate\\Pipeline\\{closure}(Object(Illuminate\\Http\\Request))
#29 D:\\PROYECTOS\\IMPORTACIONES RAMIREZ\\ERP-RAMIREZ\\vendor\\laravel\\framework\\src\\Illuminate\\Pipeline\\Pipeline.php(180): App\\Http\\Middleware\\IsInstalled->handle(Object(Illuminate\\Http\\Request), Object(Closure))
#30 D:\\PROYECTOS\\IMPORTACIONES RAMIREZ\\ERP-RAMIREZ\\vendor\\laravel\\framework\\src\\Illuminate\\Routing\\Middleware\\SubstituteBindings.php(50): Illuminate\\Pipeline\\Pipeline->Illuminate\\Pipeline\\{closure}(Object(Illuminate\\Http\\Request))
#31 D:\\PROYECTOS\\IMPORTACIONES RAMIREZ\\ERP-RAMIREZ\\vendor\\laravel\\framework\\src\\Illuminate\\Pipeline\\Pipeline.php(180): Illuminate\\Routing\\Middleware\\SubstituteBindings->handle(Object(Illuminate\\Http\\Request), Object(Closure))
#32 D:\\PROYECTOS\\IMPORTACIONES RAMIREZ\\ERP-RAMIREZ\\vendor\\laravel\\framework\\src\\Illuminate\\Auth\\Middleware\\Authenticate.php(44): Illuminate\\Pipeline\\Pipeline->Illuminate\\Pipeline\\{closure}(Object(Illuminate\\Http\\Request))
#33 D:\\PROYECTOS\\IMPORTACIONES RAMIREZ\\ERP-RAMIREZ\\vendor\\laravel\\framework\\src\\Illuminate\\Pipeline\\Pipeline.php(180): Illuminate\\Auth\\Middleware\\Authenticate->handle(Object(Illuminate\\Http\\Request), Object(Closure))
#34 D:\\PROYECTOS\\IMPORTACIONES RAMIREZ\\ERP-RAMIREZ\\vendor\\laravel\\framework\\src\\Illuminate\\Foundation\\Http\\Middleware\\VerifyCsrfToken.php(78): Illuminate\\Pipeline\\Pipeline->Illuminate\\Pipeline\\{closure}(Object(Illuminate\\Http\\Request))
#35 D:\\PROYECTOS\\IMPORTACIONES RAMIREZ\\ERP-RAMIREZ\\vendor\\laravel\\framework\\src\\Illuminate\\Pipeline\\Pipeline.php(180): Illuminate\\Foundation\\Http\\Middleware\\VerifyCsrfToken->handle(Object(Illuminate\\Http\\Request), Object(Closure))
#36 D:\\PROYECTOS\\IMPORTACIONES RAMIREZ\\ERP-RAMIREZ\\vendor\\laravel\\framework\\src\\Illuminate\\View\\Middleware\\ShareErrorsFromSession.php(49): Illuminate\\Pipeline\\Pipeline->Illuminate\\Pipeline\\{closure}(Object(Illuminate\\Http\\Request))
#37 D:\\PROYECTOS\\IMPORTACIONES RAMIREZ\\ERP-RAMIREZ\\vendor\\laravel\\framework\\src\\Illuminate\\Pipeline\\Pipeline.php(180): Illuminate\\View\\Middleware\\ShareErrorsFromSession->handle(Object(Illuminate\\Http\\Request), Object(Closure))
#38 D:\\PROYECTOS\\IMPORTACIONES RAMIREZ\\ERP-RAMIREZ\\vendor\\laravel\\framework\\src\\Illuminate\\Session\\Middleware\\StartSession.php(121): Illuminate\\Pipeline\\Pipeline->Illuminate\\Pipeline\\{closure}(Object(Illuminate\\Http\\Request))
#39 D:\\PROYECTOS\\IMPORTACIONES RAMIREZ\\ERP-RAMIREZ\\vendor\\laravel\\framework\\src\\Illuminate\\Session\\Middleware\\StartSession.php(64): Illuminate\\Session\\Middleware\\StartSession->handleStatefulRequest(Object(Illuminate\\Http\\Request), Object(Illuminate\\Session\\Store), Object(Closure))
#40 D:\\PROYECTOS\\IMPORTACIONES RAMIREZ\\ERP-RAMIREZ\\vendor\\laravel\\framework\\src\\Illuminate\\Pipeline\\Pipeline.php(180): Illuminate\\Session\\Middleware\\StartSession->handle(Object(Illuminate\\Http\\Request), Object(Closure))
#41 D:\\PROYECTOS\\IMPORTACIONES RAMIREZ\\ERP-RAMIREZ\\vendor\\laravel\\framework\\src\\Illuminate\\Cookie\\Middleware\\AddQueuedCookiesToResponse.php(37): Illuminate\\Pipeline\\Pipeline->Illuminate\\Pipeline\\{closure}(Object(Illuminate\\Http\\Request))
#42 D:\\PROYECTOS\\IMPORTACIONES RAMIREZ\\ERP-RAMIREZ\\vendor\\laravel\\framework\\src\\Illuminate\\Pipeline\\Pipeline.php(180): Illuminate\\Cookie\\Middleware\\AddQueuedCookiesToResponse->handle(Object(Illuminate\\Http\\Request), Object(Closure))
#43 D:\\PROYECTOS\\IMPORTACIONES RAMIREZ\\ERP-RAMIREZ\\vendor\\laravel\\framework\\src\\Illuminate\\Cookie\\Middleware\\EncryptCookies.php(67): Illuminate\\Pipeline\\Pipeline->Illuminate\\Pipeline\\{closure}(Object(Illuminate\\Http\\Request))
#44 D:\\PROYECTOS\\IMPORTACIONES RAMIREZ\\ERP-RAMIREZ\\vendor\\laravel\\framework\\src\\Illuminate\\Pipeline\\Pipeline.php(180): Illuminate\\Cookie\\Middleware\\EncryptCookies->handle(Object(Illuminate\\Http\\Request), Object(Closure))
#45 D:\\PROYECTOS\\IMPORTACIONES RAMIREZ\\ERP-RAMIREZ\\vendor\\laravel\\framework\\src\\Illuminate\\Pipeline\\Pipeline.php(116): Illuminate\\Pipeline\\Pipeline->Illuminate\\Pipeline\\{closure}(Object(Illuminate\\Http\\Request))
#46 D:\\PROYECTOS\\IMPORTACIONES RAMIREZ\\ERP-RAMIREZ\\vendor\\laravel\\framework\\src\\Illuminate\\Routing\\Router.php(797): Illuminate\\Pipeline\\Pipeline->then(Object(Closure))
#47 D:\\PROYECTOS\\IMPORTACIONES RAMIREZ\\ERP-RAMIREZ\\vendor\\laravel\\framework\\src\\Illuminate\\Routing\\Router.php(776): Illuminate\\Routing\\Router->runRouteWithinStack(Object(Illuminate\\Routing\\Route), Object(Illuminate\\Http\\Request))
#48 D:\\PROYECTOS\\IMPORTACIONES RAMIREZ\\ERP-RAMIREZ\\vendor\\laravel\\framework\\src\\Illuminate\\Routing\\Router.php(740): Illuminate\\Routing\\Router->runRoute(Object(Illuminate\\Http\\Request), Object(Illuminate\\Routing\\Route))
#49 D:\\PROYECTOS\\IMPORTACIONES RAMIREZ\\ERP-RAMIREZ\\vendor\\laravel\\framework\\src\\Illuminate\\Routing\\Router.php(729): Illuminate\\Routing\\Router->dispatchToRoute(Object(Illuminate\\Http\\Request))
#50 D:\\PROYECTOS\\IMPORTACIONES RAMIREZ\\ERP-RAMIREZ\\vendor\\laravel\\framework\\src\\Illuminate\\Foundation\\Http\\Kernel.php(190): Illuminate\\Routing\\Router->dispatch(Object(Illuminate\\Http\\Request))
#51 D:\\PROYECTOS\\IMPORTACIONES RAMIREZ\\ERP-RAMIREZ\\vendor\\laravel\\framework\\src\\Illuminate\\Pipeline\\Pipeline.php(141): Illuminate\\Foundation\\Http\\Kernel->Illuminate\\Foundation\\Http\\{closure}(Object(Illuminate\\Http\\Request))
#52 D:\\PROYECTOS\\IMPORTACIONES RAMIREZ\\ERP-RAMIREZ\\vendor\\barryvdh\\laravel-debugbar\\src\\Middleware\\InjectDebugbar.php(59): Illuminate\\Pipeline\\Pipeline->Illuminate\\Pipeline\\{closure}(Object(Illuminate\\Http\\Request))
#53 D:\\PROYECTOS\\IMPORTACIONES RAMIREZ\\ERP-RAMIREZ\\vendor\\laravel\\framework\\src\\Illuminate\\Pipeline\\Pipeline.php(180): Barryvdh\\Debugbar\\Middleware\\InjectDebugbar->handle(Object(Illuminate\\Http\\Request), Object(Closure))
#54 D:\\PROYECTOS\\IMPORTACIONES RAMIREZ\\ERP-RAMIREZ\\vendor\\laravel\\framework\\src\\Illuminate\\Foundation\\Http\\Middleware\\TransformsRequest.php(21): Illuminate\\Pipeline\\Pipeline->Illuminate\\Pipeline\\{closure}(Object(Illuminate\\Http\\Request))
#55 D:\\PROYECTOS\\IMPORTACIONES RAMIREZ\\ERP-RAMIREZ\\vendor\\laravel\\framework\\src\\Illuminate\\Foundation\\Http\\Middleware\\ConvertEmptyStringsToNull.php(31): Illuminate\\Foundation\\Http\\Middleware\\TransformsRequest->handle(Object(Illuminate\\Http\\Request), Object(Closure))
#56 D:\\PROYECTOS\\IMPORTACIONES RAMIREZ\\ERP-RAMIREZ\\vendor\\laravel\\framework\\src\\Illuminate\\Pipeline\\Pipeline.php(180): Illuminate\\Foundation\\Http\\Middleware\\ConvertEmptyStringsToNull->handle(Object(Illuminate\\Http\\Request), Object(Closure))
#57 D:\\PROYECTOS\\IMPORTACIONES RAMIREZ\\ERP-RAMIREZ\\vendor\\laravel\\framework\\src\\Illuminate\\Foundation\\Http\\Middleware\\TransformsRequest.php(21): Illuminate\\Pipeline\\Pipeline->Illuminate\\Pipeline\\{closure}(Object(Illuminate\\Http\\Request))
#58 D:\\PROYECTOS\\IMPORTACIONES RAMIREZ\\ERP-RAMIREZ\\vendor\\laravel\\framework\\src\\Illuminate\\Foundation\\Http\\Middleware\\TrimStrings.php(40): Illuminate\\Foundation\\Http\\Middleware\\TransformsRequest->handle(Object(Illuminate\\Http\\Request), Object(Closure))
#59 D:\\PROYECTOS\\IMPORTACIONES RAMIREZ\\ERP-RAMIREZ\\vendor\\laravel\\framework\\src\\Illuminate\\Pipeline\\Pipeline.php(180): Illuminate\\Foundation\\Http\\Middleware\\TrimStrings->handle(Object(Illuminate\\Http\\Request), Object(Closure))
#60 D:\\PROYECTOS\\IMPORTACIONES RAMIREZ\\ERP-RAMIREZ\\vendor\\laravel\\framework\\src\\Illuminate\\Foundation\\Http\\Middleware\\ValidatePostSize.php(27): Illuminate\\Pipeline\\Pipeline->Illuminate\\Pipeline\\{closure}(Object(Illuminate\\Http\\Request))
#61 D:\\PROYECTOS\\IMPORTACIONES RAMIREZ\\ERP-RAMIREZ\\vendor\\laravel\\framework\\src\\Illuminate\\Pipeline\\Pipeline.php(180): Illuminate\\Foundation\\Http\\Middleware\\ValidatePostSize->handle(Object(Illuminate\\Http\\Request), Object(Closure))
#62 D:\\PROYECTOS\\IMPORTACIONES RAMIREZ\\ERP-RAMIREZ\\vendor\\laravel\\framework\\src\\Illuminate\\Foundation\\Http\\Middleware\\PreventRequestsDuringMaintenance.php(86): Illuminate\\Pipeline\\Pipeline->Illuminate\\Pipeline\\{closure}(Object(Illuminate\\Http\\Request))
#63 D:\\PROYECTOS\\IMPORTACIONES RAMIREZ\\ERP-RAMIREZ\\vendor\\laravel\\framework\\src\\Illuminate\\Pipeline\\Pipeline.php(180): Illuminate\\Foundation\\Http\\Middleware\\PreventRequestsDuringMaintenance->handle(Object(Illuminate\\Http\\Request), Object(Closure))
#64 D:\\PROYECTOS\\IMPORTACIONES RAMIREZ\\ERP-RAMIREZ\\vendor\\laravel\\framework\\src\\Illuminate\\Http\\Middleware\\HandleCors.php(49): Illuminate\\Pipeline\\Pipeline->Illuminate\\Pipeline\\{closure}(Object(Illuminate\\Http\\Request))
#65 D:\\PROYECTOS\\IMPORTACIONES RAMIREZ\\ERP-RAMIREZ\\vendor\\laravel\\framework\\src\\Illuminate\\Pipeline\\Pipeline.php(180): Illuminate\\Http\\Middleware\\HandleCors->handle(Object(Illuminate\\Http\\Request), Object(Closure))
#66 D:\\PROYECTOS\\IMPORTACIONES RAMIREZ\\ERP-RAMIREZ\\vendor\\laravel\\framework\\src\\Illuminate\\Http\\Middleware\\TrustProxies.php(39): Illuminate\\Pipeline\\Pipeline->Illuminate\\Pipeline\\{closure}(Object(Illuminate\\Http\\Request))
#67 D:\\PROYECTOS\\IMPORTACIONES RAMIREZ\\ERP-RAMIREZ\\vendor\\laravel\\framework\\src\\Illuminate\\Pipeline\\Pipeline.php(180): Illuminate\\Http\\Middleware\\TrustProxies->handle(Object(Illuminate\\Http\\Request), Object(Closure))
#68 D:\\PROYECTOS\\IMPORTACIONES RAMIREZ\\ERP-RAMIREZ\\vendor\\laravel\\framework\\src\\Illuminate\\Pipeline\\Pipeline.php(116): Illuminate\\Pipeline\\Pipeline->Illuminate\\Pipeline\\{closure}(Object(Illuminate\\Http\\Request))
#69 D:\\PROYECTOS\\IMPORTACIONES RAMIREZ\\ERP-RAMIREZ\\vendor\\laravel\\framework\\src\\Illuminate\\Foundation\\Http\\Kernel.php(165): Illuminate\\Pipeline\\Pipeline->then(Object(Closure))
#70 D:\\PROYECTOS\\IMPORTACIONES RAMIREZ\\ERP-RAMIREZ\\vendor\\laravel\\framework\\src\\Illuminate\\Foundation\\Http\\Kernel.php(134): Illuminate\\Foundation\\Http\\Kernel->sendRequestThroughRouter(Object(Illuminate\\Http\\Request))
#71 D:\\PROYECTOS\\IMPORTACIONES RAMIREZ\\ERP-RAMIREZ\\public\\index.php(51): Illuminate\\Foundation\\Http\\Kernel->handle(Object(Illuminate\\Http\\Request))
#72 D:\\PROYECTOS\\IMPORTACIONES RAMIREZ\\ERP-RAMIREZ\\vendor\\laravel\\framework\\src\\Illuminate\\Foundation\\resources\\server.php(16): require_once('D:\\\\PROYECTOS\\\\IM...')
#73 {main}
"} 
[2026-07-03 23:17:12] local.ERROR: Missing required parameter for [Route: historial-importaciones.excel] [URI: historial-importaciones/{transaction}/excel] [Missing parameter: transaction]. {"view":{"view":"D:\\PROYECTOS\\IMPORTACIONES RAMIREZ\\ERP-RAMIREZ\\resources\\views\\purchase\\importaciones\\index.blade.php","data":{"asset_v":"<pre class=sf-dump id=sf-dump-1757206343 data-indent-pad=\"  \"><span class=sf-dump-num>511</span>
</pre><script>Sfdump(\"sf-dump-1757206343\", {\"maxDepth\":3,\"maxStringLength\":160})</script>
","errors":"<pre class=sf-dump id=sf-dump-1558028200 data-indent-pad=\"  \"><span class=sf-dump-note>Illuminate\\Support\\ViewErrorBag</span> {<a class=sf-dump-ref>#3313</a><samp data-depth=1 class=sf-dump-expanded>
  #<span class=sf-dump-protected title=\"Protected property\">bags</span>: []
</samp>}
</pre><script>Sfdump(\"sf-dump-1558028200\", {\"maxDepth\":3,\"maxStringLength\":160})</script>
","registros":"<pre class=sf-dump id=sf-dump-1990371441 data-indent-pad=\"  \"><span class=sf-dump-note>Illuminate\\Support\\Collection</span> {<a class=sf-dump-ref>#3946</a><samp data-depth=1 class=sf-dump-expanded>
  #<span class=sf-dump-protected title=\"Protected property\">items</span>: <span class=sf-dump-note>array:2</span> [<samp data-depth=2 class=sf-dump-compact>
    <span class=sf-dump-key>61</span> => <span class=sf-dump-note title=\"Illuminate\\Support\\Collection
\"><span class=\"sf-dump-ellipsis sf-dump-ellipsis-note\">Illuminate\\Support</span><span class=\"sf-dump-ellipsis sf-dump-ellipsis-note\">\\</span>Collection</span> {<a class=sf-dump-ref>#3843</a><samp data-depth=3 class=sf-dump-compact>
      #<span class=sf-dump-protected title=\"Protected property\">items</span>: <span class=sf-dump-note>array:5</span> [ &#8230;5]
      #<span class=sf-dump-protected title=\"Protected property\">escapeWhenCastingToString</span>: <span class=sf-dump-const>false</span>
    </samp>}
    <span class=sf-dump-key>6</span> => <span class=sf-dump-note title=\"Illuminate\\Support\\Collection
\"><span class=\"sf-dump-ellipsis sf-dump-ellipsis-note\">Illuminate\\Support</span><span class=\"sf-dump-ellipsis sf-dump-ellipsis-note\">\\</span>Collection</span> {<a class=sf-dump-ref>#3944</a><samp data-depth=3 class=sf-dump-compact>
      #<span class=sf-dump-protected title=\"Protected property\">items</span>: <span class=sf-dump-note>array:3</span> [ &#8230;3]
      #<span class=sf-dump-protected title=\"Protected property\">escapeWhenCastingToString</span>: <span class=sf-dump-const>false</span>
    </samp>}
  </samp>]
  #<span class=sf-dump-protected title=\"Protected property\">escapeWhenCastingToString</span>: <span class=sf-dump-const>false</span>
</samp>}
</pre><script>Sfdump(\"sf-dump-1990371441\", {\"maxDepth\":3,\"maxStringLength\":160})</script>
","productos":"<pre class=sf-dump id=sf-dump-1507361614 data-indent-pad=\"  \"><span class=sf-dump-note>Illuminate\\Support\\Collection</span> {<a class=sf-dump-ref>#3615</a><samp data-depth=1 class=sf-dump-expanded>
  #<span class=sf-dump-protected title=\"Protected property\">items</span>: <span class=sf-dump-note>array:7</span> [<samp data-depth=2 class=sf-dump-compact>
    <span class=sf-dump-key>4</span> => \"<span class=sf-dump-str title=\"10 characters\">Carroceria</span>\"
    <span class=sf-dump-key>7</span> => \"<span class=sf-dump-str title=\"14 characters\">ENSAMBLAJE 150</span>\"
    <span class=sf-dump-key>6</span> => \"<span class=sf-dump-str title=\"21 characters\">MATERIALES CARROCERIA</span>\"
    <span class=sf-dump-key>8</span> => \"<span class=sf-dump-str title=\"12 characters\">MOTOTAXI 150</span>\"
    <span class=sf-dump-key>2</span> => \"<span class=sf-dump-str title=\"15 characters\">RETROEXCAVADORA</span>\"
    <span class=sf-dump-key>5</span> => \"<span class=sf-dump-str title=\"9 characters\">Tapiceria</span>\"
    <span class=sf-dump-key>1</span> => \"<span class=sf-dump-str title=\"7 characters\">WX-150A</span>\"
  </samp>]
  #<span class=sf-dump-protected title=\"Protected property\">escapeWhenCastingToString</span>: <span class=sf-dump-const>false</span>
</samp>}
</pre><script>Sfdump(\"sf-dump-1507361614\", {\"maxDepth\":3,\"maxStringLength\":160})</script>
","desde":"<pre class=sf-dump id=sf-dump-324537006 data-indent-pad=\"  \"><span class=sf-dump-const>null</span>
</pre><script>Sfdump(\"sf-dump-324537006\", {\"maxDepth\":3,\"maxStringLength\":160})</script>
","hasta":"<pre class=sf-dump id=sf-dump-1207152596 data-indent-pad=\"  \"><span class=sf-dump-const>null</span>
</pre><script>Sfdump(\"sf-dump-1207152596\", {\"maxDepth\":3,\"maxStringLength\":160})</script>
","producto":"<pre class=sf-dump id=sf-dump-2001963927 data-indent-pad=\"  \"><span class=sf-dump-const>null</span>
</pre><script>Sfdump(\"sf-dump-2001963927\", {\"maxDepth\":3,\"maxStringLength\":160})</script>
","motor":"<pre class=sf-dump id=sf-dump-1052345370 data-indent-pad=\"  \"><span class=sf-dump-const>null</span>
</pre><script>Sfdump(\"sf-dump-1052345370\", {\"maxDepth\":3,\"maxStringLength\":160})</script>
","guia":"<pre class=sf-dump id=sf-dump-1331193413 data-indent-pad=\"  \"><span class=sf-dump-const>null</span>
</pre><script>Sfdump(\"sf-dump-1331193413\", {\"maxDepth\":3,\"maxStringLength\":160})</script>
","contenedor":"<pre class=sf-dump id=sf-dump-76454542 data-indent-pad=\"  \"><span class=sf-dump-const>null</span>
</pre><script>Sfdump(\"sf-dump-76454542\", {\"maxDepth\":3,\"maxStringLength\":160})</script>
","enabled_modules":"<pre class=sf-dump id=sf-dump-281120329 data-indent-pad=\"  \"><span class=sf-dump-note>array:7</span> [<samp data-depth=1 class=sf-dump-expanded>
  <span class=sf-dump-index>0</span> => \"<span class=sf-dump-str title=\"9 characters\">purchases</span>\"
  <span class=sf-dump-index>1</span> => \"<span class=sf-dump-str title=\"8 characters\">add_sale</span>\"
  <span class=sf-dump-index>2</span> => \"<span class=sf-dump-str title=\"8 characters\">pos_sale</span>\"
  <span class=sf-dump-index>3</span> => \"<span class=sf-dump-str title=\"15 characters\">stock_transfers</span>\"
  <span class=sf-dump-index>4</span> => \"<span class=sf-dump-str title=\"16 characters\">stock_adjustment</span>\"
  <span class=sf-dump-index>5</span> => \"<span class=sf-dump-str title=\"8 characters\">expenses</span>\"
  <span class=sf-dump-index>6</span> => \"<span class=sf-dump-str title=\"7 characters\">account</span>\"
</samp>]
</pre><script>Sfdump(\"sf-dump-281120329\", {\"maxDepth\":3,\"maxStringLength\":160})</script>
","__is_pusher_enabled":"<pre class=sf-dump id=sf-dump-602171418 data-indent-pad=\"  \"><span class=sf-dump-const>false</span>
</pre><script>Sfdump(\"sf-dump-602171418\", {\"maxDepth\":3,\"maxStringLength\":160})</script>
"}},"userId":1,"exception":"[object] (Spatie\\LaravelIgnition\\Exceptions\\ViewException(code: 0): Missing required parameter for [Route: historial-importaciones.excel] [URI: historial-importaciones/{transaction}/excel] [Missing parameter: transaction]. at D:\\PROYECTOS\\IMPORTACIONES RAMIREZ\\ERP-RAMIREZ\\vendor\\laravel\\framework\\src\\Illuminate\\Routing\\Exceptions\\UrlGenerationException.php:35)
[stacktrace]
#0 D:\\PROYECTOS\\IMPORTACIONES RAMIREZ\\ERP-RAMIREZ\\vendor\\laravel\\framework\\src\\Illuminate\\Routing\\RouteUrlGenerator.php(90): Illuminate\\Routing\\Exceptions\\UrlGenerationException::forMissingParameters(Object(Illuminate\\Routing\\Route), Array)
#1 D:\\PROYECTOS\\IMPORTACIONES RAMIREZ\\ERP-RAMIREZ\\vendor\\laravel\\framework\\src\\Illuminate\\Routing\\UrlGenerator.php(492): Illuminate\\Routing\\RouteUrlGenerator->to(Object(Illuminate\\Routing\\Route), Array, true)
#2 D:\\PROYECTOS\\IMPORTACIONES RAMIREZ\\ERP-RAMIREZ\\vendor\\laravel\\framework\\src\\Illuminate\\Routing\\UrlGenerator.php(464): Illuminate\\Routing\\UrlGenerator->toRoute(Object(Illuminate\\Routing\\Route), Array, true)
#3 D:\\PROYECTOS\\IMPORTACIONES RAMIREZ\\ERP-RAMIREZ\\vendor\\laravel\\framework\\src\\Illuminate\\Foundation\\helpers.php(826): Illuminate\\Routing\\UrlGenerator->route('historial-impor...', Array, true)
#4 D:\\PROYECTOS\\IMPORTACIONES RAMIREZ\\ERP-RAMIREZ\\resources\\views\\purchase\\importaciones\\index.blade.php(88): route('historial-impor...', Array)
#5 D:\\PROYECTOS\\IMPORTACIONES RAMIREZ\\ERP-RAMIREZ\\vendor\\laravel\\framework\\src\\Illuminate\\Filesystem\\Filesystem.php(109): require('D:\\\\PROYECTOS\\\\IM...')
#6 D:\\PROYECTOS\\IMPORTACIONES RAMIREZ\\ERP-RAMIREZ\\vendor\\laravel\\framework\\src\\Illuminate\\Filesystem\\Filesystem.php(110): Illuminate\\Filesystem\\Filesystem::Illuminate\\Filesystem\\{closure}()
#7 D:\\PROYECTOS\\IMPORTACIONES RAMIREZ\\ERP-RAMIREZ\\vendor\\laravel\\framework\\src\\Illuminate\\View\\Engines\\PhpEngine.php(58): Illuminate\\Filesystem\\Filesystem->getRequire('D:\\\\PROYECTOS\\\\IM...', Array)
#8 D:\\PROYECTOS\\IMPORTACIONES RAMIREZ\\ERP-RAMIREZ\\vendor\\laravel\\framework\\src\\Illuminate\\View\\Engines\\CompilerEngine.php(70): Illuminate\\View\\Engines\\PhpEngine->evaluatePath('D:\\\\PROYECTOS\\\\IM...', Array)
#9 D:\\PROYECTOS\\IMPORTACIONES RAMIREZ\\ERP-RAMIREZ\\vendor\\laravel\\framework\\src\\Illuminate\\View\\View.php(195): Illuminate\\View\\Engines\\CompilerEngine->get('D:\\\\PROYECTOS\\\\IM...', Array)
#10 D:\\PROYECTOS\\IMPORTACIONES RAMIREZ\\ERP-RAMIREZ\\vendor\\laravel\\framework\\src\\Illuminate\\View\\View.php(178): Illuminate\\View\\View->getContents()
#11 D:\\PROYECTOS\\IMPORTACIONES RAMIREZ\\ERP-RAMIREZ\\vendor\\laravel\\framework\\src\\Illuminate\\View\\View.php(147): Illuminate\\View\\View->renderContents()
#12 D:\\PROYECTOS\\IMPORTACIONES RAMIREZ\\ERP-RAMIREZ\\vendor\\laravel\\framework\\src\\Illuminate\\Http\\Response.php(69): Illuminate\\View\\View->render()
#13 D:\\PROYECTOS\\IMPORTACIONES RAMIREZ\\ERP-RAMIREZ\\vendor\\laravel\\framework\\src\\Illuminate\\Http\\Response.php(35): Illuminate\\Http\\Response->setContent(Object(Illuminate\\View\\View))
#14 D:\\PROYECTOS\\IMPORTACIONES RAMIREZ\\ERP-RAMIREZ\\vendor\\laravel\\framework\\src\\Illuminate\\Routing\\Router.php(906): Illuminate\\Http\\Response->__construct(Object(Illuminate\\View\\View), 200, Array)
#15 D:\\PROYECTOS\\IMPORTACIONES RAMIREZ\\ERP-RAMIREZ\\vendor\\laravel\\framework\\src\\Illuminate\\Routing\\Router.php(875): Illuminate\\Routing\\Router::toResponse(Object(Illuminate\\Http\\Request), Object(Illuminate\\View\\View))
#16 D:\\PROYECTOS\\IMPORTACIONES RAMIREZ\\ERP-RAMIREZ\\vendor\\laravel\\framework\\src\\Illuminate\\Routing\\Router.php(797): Illuminate\\Routing\\Router->prepareResponse(Object(Illuminate\\Http\\Request), Object(Illuminate\\View\\View))
#17 D:\\PROYECTOS\\IMPORTACIONES RAMIREZ\\ERP-RAMIREZ\\vendor\\laravel\\framework\\src\\Illuminate\\Pipeline\\Pipeline.php(141): Illuminate\\Routing\\Router->Illuminate\\Routing\\{closure}(Object(Illuminate\\Http\\Request))
#18 D:\\PROYECTOS\\IMPORTACIONES RAMIREZ\\ERP-RAMIREZ\\app\\Http\\Middleware\\CheckUserLogin.php(22): Illuminate\\Pipeline\\Pipeline->Illuminate\\Pipeline\\{closure}(Object(Illuminate\\Http\\Request))
#19 D:\\PROYECTOS\\IMPORTACIONES RAMIREZ\\ERP-RAMIREZ\\vendor\\laravel\\framework\\src\\Illuminate\\Pipeline\\Pipeline.php(180): App\\Http\\Middleware\\CheckUserLogin->handle(Object(Illuminate\\Http\\Request), Object(Closure))
#20 D:\\PROYECTOS\\IMPORTACIONES RAMIREZ\\ERP-RAMIREZ\\app\\Http\\Middleware\\AdminSidebarMenu.php(906): Illuminate\\Pipeline\\Pipeline->Illuminate\\Pipeline\\{closure}(Object(Illuminate\\Http\\Request))
#21 D:\\PROYECTOS\\IMPORTACIONES RAMIREZ\\ERP-RAMIREZ\\vendor\\laravel\\framework\\src\\Illuminate\\Pipeline\\Pipeline.php(180): App\\Http\\Middleware\\AdminSidebarMenu->handle(Object(Illuminate\\Http\\Request), Object(Closure))
#22 D:\\PROYECTOS\\IMPORTACIONES RAMIREZ\\ERP-RAMIREZ\\app\\Http\\Middleware\\Timezone.php(30): Illuminate\\Pipeline\\Pipeline->Illuminate\\Pipeline\\{closure}(Object(Illuminate\\Http\\Request))
#23 D:\\PROYECTOS\\IMPORTACIONES RAMIREZ\\ERP-RAMIREZ\\vendor\\laravel\\framework\\src\\Illuminate\\Pipeline\\Pipeline.php(180): App\\Http\\Middleware\\Timezone->handle(Object(Illuminate\\Http\\Request), Object(Closure))
#24 D:\\PROYECTOS\\IMPORTACIONES RAMIREZ\\ERP-RAMIREZ\\app\\Http\\Middleware\\Language.php(25): Illuminate\\Pipeline\\Pipeline->Illuminate\\Pipeline\\{closure}(Object(Illuminate\\Http\\Request))
#25 D:\\PROYECTOS\\IMPORTACIONES RAMIREZ\\ERP-RAMIREZ\\vendor\\laravel\\framework\\src\\Illuminate\\Pipeline\\Pipeline.php(180): App\\Http\\Middleware\\Language->handle(Object(Illuminate\\Http\\Request), Object(Closure))
#26 D:\\PROYECTOS\\IMPORTACIONES RAMIREZ\\ERP-RAMIREZ\\app\\Http\\Middleware\\SetSessionData.php(52): Illuminate\\Pipeline\\Pipeline->Illuminate\\Pipeline\\{closure}(Object(Illuminate\\Http\\Request))
#27 D:\\PROYECTOS\\IMPORTACIONES RAMIREZ\\ERP-RAMIREZ\\vendor\\laravel\\framework\\src\\Illuminate\\Pipeline\\Pipeline.php(180): App\\Http\\Middleware\\SetSessionData->handle(Object(Illuminate\\Http\\Request), Object(Closure))
#28 D:\\PROYECTOS\\IMPORTACIONES RAMIREZ\\ERP-RAMIREZ\\app\\Http\\Middleware\\IsInstalled.php(50): Illuminate\\Pipeline\\Pipeline->Illuminate\\Pipeline\\{closure}(Object(Illuminate\\Http\\Request))
#29 D:\\PROYECTOS\\IMPORTACIONES RAMIREZ\\ERP-RAMIREZ\\vendor\\laravel\\framework\\src\\Illuminate\\Pipeline\\Pipeline.php(180): App\\Http\\Middleware\\IsInstalled->handle(Object(Illuminate\\Http\\Request), Object(Closure))
#30 D:\\PROYECTOS\\IMPORTACIONES RAMIREZ\\ERP-RAMIREZ\\vendor\\laravel\\framework\\src\\Illuminate\\Routing\\Middleware\\SubstituteBindings.php(50): Illuminate\\Pipeline\\Pipeline->Illuminate\\Pipeline\\{closure}(Object(Illuminate\\Http\\Request))
#31 D:\\PROYECTOS\\IMPORTACIONES RAMIREZ\\ERP-RAMIREZ\\vendor\\laravel\\framework\\src\\Illuminate\\Pipeline\\Pipeline.php(180): Illuminate\\Routing\\Middleware\\SubstituteBindings->handle(Object(Illuminate\\Http\\Request), Object(Closure))
#32 D:\\PROYECTOS\\IMPORTACIONES RAMIREZ\\ERP-RAMIREZ\\vendor\\laravel\\framework\\src\\Illuminate\\Auth\\Middleware\\Authenticate.php(44): Illuminate\\Pipeline\\Pipeline->Illuminate\\Pipeline\\{closure}(Object(Illuminate\\Http\\Request))
#33 D:\\PROYECTOS\\IMPORTACIONES RAMIREZ\\ERP-RAMIREZ\\vendor\\laravel\\framework\\src\\Illuminate\\Pipeline\\Pipeline.php(180): Illuminate\\Auth\\Middleware\\Authenticate->handle(Object(Illuminate\\Http\\Request), Object(Closure))
#34 D:\\PROYECTOS\\IMPORTACIONES RAMIREZ\\ERP-RAMIREZ\\vendor\\laravel\\framework\\src\\Illuminate\\Foundation\\Http\\Middleware\\VerifyCsrfToken.php(78): Illuminate\\Pipeline\\Pipeline->Illuminate\\Pipeline\\{closure}(Object(Illuminate\\Http\\Request))
#35 D:\\PROYECTOS\\IMPORTACIONES RAMIREZ\\ERP-RAMIREZ\\vendor\\laravel\\framework\\src\\Illuminate\\Pipeline\\Pipeline.php(180): Illuminate\\Foundation\\Http\\Middleware\\VerifyCsrfToken->handle(Object(Illuminate\\Http\\Request), Object(Closure))
#36 D:\\PROYECTOS\\IMPORTACIONES RAMIREZ\\ERP-RAMIREZ\\vendor\\laravel\\framework\\src\\Illuminate\\View\\Middleware\\ShareErrorsFromSession.php(49): Illuminate\\Pipeline\\Pipeline->Illuminate\\Pipeline\\{closure}(Object(Illuminate\\Http\\Request))
#37 D:\\PROYECTOS\\IMPORTACIONES RAMIREZ\\ERP-RAMIREZ\\vendor\\laravel\\framework\\src\\Illuminate\\Pipeline\\Pipeline.php(180): Illuminate\\View\\Middleware\\ShareErrorsFromSession->handle(Object(Illuminate\\Http\\Request), Object(Closure))
#38 D:\\PROYECTOS\\IMPORTACIONES RAMIREZ\\ERP-RAMIREZ\\vendor\\laravel\\framework\\src\\Illuminate\\Session\\Middleware\\StartSession.php(121): Illuminate\\Pipeline\\Pipeline->Illuminate\\Pipeline\\{closure}(Object(Illuminate\\Http\\Request))
#39 D:\\PROYECTOS\\IMPORTACIONES RAMIREZ\\ERP-RAMIREZ\\vendor\\laravel\\framework\\src\\Illuminate\\Session\\Middleware\\StartSession.php(64): Illuminate\\Session\\Middleware\\StartSession->handleStatefulRequest(Object(Illuminate\\Http\\Request), Object(Illuminate\\Session\\Store), Object(Closure))
#40 D:\\PROYECTOS\\IMPORTACIONES RAMIREZ\\ERP-RAMIREZ\\vendor\\laravel\\framework\\src\\Illuminate\\Pipeline\\Pipeline.php(180): Illuminate\\Session\\Middleware\\StartSession->handle(Object(Illuminate\\Http\\Request), Object(Closure))
#41 D:\\PROYECTOS\\IMPORTACIONES RAMIREZ\\ERP-RAMIREZ\\vendor\\laravel\\framework\\src\\Illuminate\\Cookie\\Middleware\\AddQueuedCookiesToResponse.php(37): Illuminate\\Pipeline\\Pipeline->Illuminate\\Pipeline\\{closure}(Object(Illuminate\\Http\\Request))
#42 D:\\PROYECTOS\\IMPORTACIONES RAMIREZ\\ERP-RAMIREZ\\vendor\\laravel\\framework\\src\\Illuminate\\Pipeline\\Pipeline.php(180): Illuminate\\Cookie\\Middleware\\AddQueuedCookiesToResponse->handle(Object(Illuminate\\Http\\Request), Object(Closure))
#43 D:\\PROYECTOS\\IMPORTACIONES RAMIREZ\\ERP-RAMIREZ\\vendor\\laravel\\framework\\src\\Illuminate\\Cookie\\Middleware\\EncryptCookies.php(67): Illuminate\\Pipeline\\Pipeline->Illuminate\\Pipeline\\{closure}(Object(Illuminate\\Http\\Request))
#44 D:\\PROYECTOS\\IMPORTACIONES RAMIREZ\\ERP-RAMIREZ\\vendor\\laravel\\framework\\src\\Illuminate\\Pipeline\\Pipeline.php(180): Illuminate\\Cookie\\Middleware\\EncryptCookies->handle(Object(Illuminate\\Http\\Request), Object(Closure))
#45 D:\\PROYECTOS\\IMPORTACIONES RAMIREZ\\ERP-RAMIREZ\\vendor\\laravel\\framework\\src\\Illuminate\\Pipeline\\Pipeline.php(116): Illuminate\\Pipeline\\Pipeline->Illuminate\\Pipeline\\{closure}(Object(Illuminate\\Http\\Request))
#46 D:\\PROYECTOS\\IMPORTACIONES RAMIREZ\\ERP-RAMIREZ\\vendor\\laravel\\framework\\src\\Illuminate\\Routing\\Router.php(797): Illuminate\\Pipeline\\Pipeline->then(Object(Closure))
#47 D:\\PROYECTOS\\IMPORTACIONES RAMIREZ\\ERP-RAMIREZ\\vendor\\laravel\\framework\\src\\Illuminate\\Routing\\Router.php(776): Illuminate\\Routing\\Router->runRouteWithinStack(Object(Illuminate\\Routing\\Route), Object(Illuminate\\Http\\Request))
#48 D:\\PROYECTOS\\IMPORTACIONES RAMIREZ\\ERP-RAMIREZ\\vendor\\laravel\\framework\\src\\Illuminate\\Routing\\Router.php(740): Illuminate\\Routing\\Router->runRoute(Object(Illuminate\\Http\\Request), Object(Illuminate\\Routing\\Route))
#49 D:\\PROYECTOS\\IMPORTACIONES RAMIREZ\\ERP-RAMIREZ\\vendor\\laravel\\framework\\src\\Illuminate\\Routing\\Router.php(729): Illuminate\\Routing\\Router->dispatchToRoute(Object(Illuminate\\Http\\Request))
#50 D:\\PROYECTOS\\IMPORTACIONES RAMIREZ\\ERP-RAMIREZ\\vendor\\laravel\\framework\\src\\Illuminate\\Foundation\\Http\\Kernel.php(190): Illuminate\\Routing\\Router->dispatch(Object(Illuminate\\Http\\Request))
#51 D:\\PROYECTOS\\IMPORTACIONES RAMIREZ\\ERP-RAMIREZ\\vendor\\laravel\\framework\\src\\Illuminate\\Pipeline\\Pipeline.php(141): Illuminate\\Foundation\\Http\\Kernel->Illuminate\\Foundation\\Http\\{closure}(Object(Illuminate\\Http\\Request))
#52 D:\\PROYECTOS\\IMPORTACIONES RAMIREZ\\ERP-RAMIREZ\\vendor\\barryvdh\\laravel-debugbar\\src\\Middleware\\InjectDebugbar.php(59): Illuminate\\Pipeline\\Pipeline->Illuminate\\Pipeline\\{closure}(Object(Illuminate\\Http\\Request))
#53 D:\\PROYECTOS\\IMPORTACIONES RAMIREZ\\ERP-RAMIREZ\\vendor\\laravel\\framework\\src\\Illuminate\\Pipeline\\Pipeline.php(180): Barryvdh\\Debugbar\\Middleware\\InjectDebugbar->handle(Object(Illuminate\\Http\\Request), Object(Closure))
#54 D:\\PROYECTOS\\IMPORTACIONES RAMIREZ\\ERP-RAMIREZ\\vendor\\laravel\\framework\\src\\Illuminate\\Foundation\\Http\\Middleware\\TransformsRequest.php(21): Illuminate\\Pipeline\\Pipeline->Illuminate\\Pipeline\\{closure}(Object(Illuminate\\Http\\Request))
#55 D:\\PROYECTOS\\IMPORTACIONES RAMIREZ\\ERP-RAMIREZ\\vendor\\laravel\\framework\\src\\Illuminate\\Foundation\\Http\\Middleware\\ConvertEmptyStringsToNull.php(31): Illuminate\\Foundation\\Http\\Middleware\\TransformsRequest->handle(Object(Illuminate\\Http\\Request), Object(Closure))
#56 D:\\PROYECTOS\\IMPORTACIONES RAMIREZ\\ERP-RAMIREZ\\vendor\\laravel\\framework\\src\\Illuminate\\Pipeline\\Pipeline.php(180): Illuminate\\Foundation\\Http\\Middleware\\ConvertEmptyStringsToNull->handle(Object(Illuminate\\Http\\Request), Object(Closure))
#57 D:\\PROYECTOS\\IMPORTACIONES RAMIREZ\\ERP-RAMIREZ\\vendor\\laravel\\framework\\src\\Illuminate\\Foundation\\Http\\Middleware\\TransformsRequest.php(21): Illuminate\\Pipeline\\Pipeline->Illuminate\\Pipeline\\{closure}(Object(Illuminate\\Http\\Request))
#58 D:\\PROYECTOS\\IMPORTACIONES RAMIREZ\\ERP-RAMIREZ\\vendor\\laravel\\framework\\src\\Illuminate\\Foundation\\Http\\Middleware\\TrimStrings.php(40): Illuminate\\Foundation\\Http\\Middleware\\TransformsRequest->handle(Object(Illuminate\\Http\\Request), Object(Closure))
#59 D:\\PROYECTOS\\IMPORTACIONES RAMIREZ\\ERP-RAMIREZ\\vendor\\laravel\\framework\\src\\Illuminate\\Pipeline\\Pipeline.php(180): Illuminate\\Foundation\\Http\\Middleware\\TrimStrings->handle(Object(Illuminate\\Http\\Request), Object(Closure))
#60 D:\\PROYECTOS\\IMPORTACIONES RAMIREZ\\ERP-RAMIREZ\\vendor\\laravel\\framework\\src\\Illuminate\\Foundation\\Http\\Middleware\\ValidatePostSize.php(27): Illuminate\\Pipeline\\Pipeline->Illuminate\\Pipeline\\{closure}(Object(Illuminate\\Http\\Request))
#61 D:\\PROYECTOS\\IMPORTACIONES RAMIREZ\\ERP-RAMIREZ\\vendor\\laravel\\framework\\src\\Illuminate\\Pipeline\\Pipeline.php(180): Illuminate\\Foundation\\Http\\Middleware\\ValidatePostSize->handle(Object(Illuminate\\Http\\Request), Object(Closure))
#62 D:\\PROYECTOS\\IMPORTACIONES RAMIREZ\\ERP-RAMIREZ\\vendor\\laravel\\framework\\src\\Illuminate\\Foundation\\Http\\Middleware\\PreventRequestsDuringMaintenance.php(86): Illuminate\\Pipeline\\Pipeline->Illuminate\\Pipeline\\{closure}(Object(Illuminate\\Http\\Request))
#63 D:\\PROYECTOS\\IMPORTACIONES RAMIREZ\\ERP-RAMIREZ\\vendor\\laravel\\framework\\src\\Illuminate\\Pipeline\\Pipeline.php(180): Illuminate\\Foundation\\Http\\Middleware\\PreventRequestsDuringMaintenance->handle(Object(Illuminate\\Http\\Request), Object(Closure))
#64 D:\\PROYECTOS\\IMPORTACIONES RAMIREZ\\ERP-RAMIREZ\\vendor\\laravel\\framework\\src\\Illuminate\\Http\\Middleware\\HandleCors.php(49): Illuminate\\Pipeline\\Pipeline->Illuminate\\Pipeline\\{closure}(Object(Illuminate\\Http\\Request))
#65 D:\\PROYECTOS\\IMPORTACIONES RAMIREZ\\ERP-RAMIREZ\\vendor\\laravel\\framework\\src\\Illuminate\\Pipeline\\Pipeline.php(180): Illuminate\\Http\\Middleware\\HandleCors->handle(Object(Illuminate\\Http\\Request), Object(Closure))
#66 D:\\PROYECTOS\\IMPORTACIONES RAMIREZ\\ERP-RAMIREZ\\vendor\\laravel\\framework\\src\\Illuminate\\Http\\Middleware\\TrustProxies.php(39): Illuminate\\Pipeline\\Pipeline->Illuminate\\Pipeline\\{closure}(Object(Illuminate\\Http\\Request))
#67 D:\\PROYECTOS\\IMPORTACIONES RAMIREZ\\ERP-RAMIREZ\\vendor\\laravel\\framework\\src\\Illuminate\\Pipeline\\Pipeline.php(180): Illuminate\\Http\\Middleware\\TrustProxies->handle(Object(Illuminate\\Http\\Request), Object(Closure))
#68 D:\\PROYECTOS\\IMPORTACIONES RAMIREZ\\ERP-RAMIREZ\\vendor\\laravel\\framework\\src\\Illuminate\\Pipeline\\Pipeline.php(116): Illuminate\\Pipeline\\Pipeline->Illuminate\\Pipeline\\{closure}(Object(Illuminate\\Http\\Request))
#69 D:\\PROYECTOS\\IMPORTACIONES RAMIREZ\\ERP-RAMIREZ\\vendor\\laravel\\framework\\src\\Illuminate\\Foundation\\Http\\Kernel.php(165): Illuminate\\Pipeline\\Pipeline->then(Object(Closure))
#70 D:\\PROYECTOS\\IMPORTACIONES RAMIREZ\\ERP-RAMIREZ\\vendor\\laravel\\framework\\src\\Illuminate\\Foundation\\Http\\Kernel.php(134): Illuminate\\Foundation\\Http\\Kernel->sendRequestThroughRouter(Object(Illuminate\\Http\\Request))
#71 D:\\PROYECTOS\\IMPORTACIONES RAMIREZ\\ERP-RAMIREZ\\public\\index.php(51): Illuminate\\Foundation\\Http\\Kernel->handle(Object(Illuminate\\Http\\Request))
#72 D:\\PROYECTOS\\IMPORTACIONES RAMIREZ\\ERP-RAMIREZ\\vendor\\laravel\\framework\\src\\Illuminate\\Foundation\\resources\\server.php(16): require_once('D:\\\\PROYECTOS\\\\IM...')
#73 {main}

[previous exception] [object] (Illuminate\\Routing\\Exceptions\\UrlGenerationException(code: 0): Missing required parameter for [Route: historial-importaciones.excel] [URI: historial-importaciones/{transaction}/excel] [Missing parameter: transaction]. at D:\\PROYECTOS\\IMPORTACIONES RAMIREZ\\ERP-RAMIREZ\\vendor\\laravel\\framework\\src\\Illuminate\\Routing\\Exceptions\\UrlGenerationException.php:35)
[stacktrace]
#0 D:\\PROYECTOS\\IMPORTACIONES RAMIREZ\\ERP-RAMIREZ\\vendor\\laravel\\framework\\src\\Illuminate\\Routing\\RouteUrlGenerator.php(90): Illuminate\\Routing\\Exceptions\\UrlGenerationException::forMissingParameters(Object(Illuminate\\Routing\\Route), Array)
#1 D:\\PROYECTOS\\IMPORTACIONES RAMIREZ\\ERP-RAMIREZ\\vendor\\laravel\\framework\\src\\Illuminate\\Routing\\UrlGenerator.php(492): Illuminate\\Routing\\RouteUrlGenerator->to(Object(Illuminate\\Routing\\Route), Array, true)
#2 D:\\PROYECTOS\\IMPORTACIONES RAMIREZ\\ERP-RAMIREZ\\vendor\\laravel\\framework\\src\\Illuminate\\Routing\\UrlGenerator.php(464): Illuminate\\Routing\\UrlGenerator->toRoute(Object(Illuminate\\Routing\\Route), Array, true)
#3 D:\\PROYECTOS\\IMPORTACIONES RAMIREZ\\ERP-RAMIREZ\\vendor\\laravel\\framework\\src\\Illuminate\\Foundation\\helpers.php(826): Illuminate\\Routing\\UrlGenerator->route('historial-impor...', Array, true)
#4 D:\\PROYECTOS\\IMPORTACIONES RAMIREZ\\ERP-RAMIREZ\\storage\\framework\\views\\dc6f0818c41a1e845a314568edf6dc99a1727aa6.php(89): route('historial-impor...', Array)
#5 D:\\PROYECTOS\\IMPORTACIONES RAMIREZ\\ERP-RAMIREZ\\vendor\\laravel\\framework\\src\\Illuminate\\Filesystem\\Filesystem.php(109): require('D:\\\\PROYECTOS\\\\IM...')
#6 D:\\PROYECTOS\\IMPORTACIONES RAMIREZ\\ERP-RAMIREZ\\vendor\\laravel\\framework\\src\\Illuminate\\Filesystem\\Filesystem.php(110): Illuminate\\Filesystem\\Filesystem::Illuminate\\Filesystem\\{closure}()
#7 D:\\PROYECTOS\\IMPORTACIONES RAMIREZ\\ERP-RAMIREZ\\vendor\\laravel\\framework\\src\\Illuminate\\View\\Engines\\PhpEngine.php(58): Illuminate\\Filesystem\\Filesystem->getRequire('D:\\\\PROYECTOS\\\\IM...', Array)
#8 D:\\PROYECTOS\\IMPORTACIONES RAMIREZ\\ERP-RAMIREZ\\vendor\\laravel\\framework\\src\\Illuminate\\View\\Engines\\CompilerEngine.php(70): Illuminate\\View\\Engines\\PhpEngine->evaluatePath('D:\\\\PROYECTOS\\\\IM...', Array)
#9 D:\\PROYECTOS\\IMPORTACIONES RAMIREZ\\ERP-RAMIREZ\\vendor\\laravel\\framework\\src\\Illuminate\\View\\View.php(195): Illuminate\\View\\Engines\\CompilerEngine->get('D:\\\\PROYECTOS\\\\IM...', Array)
#10 D:\\PROYECTOS\\IMPORTACIONES RAMIREZ\\ERP-RAMIREZ\\vendor\\laravel\\framework\\src\\Illuminate\\View\\View.php(178): Illuminate\\View\\View->getContents()
#11 D:\\PROYECTOS\\IMPORTACIONES RAMIREZ\\ERP-RAMIREZ\\vendor\\laravel\\framework\\src\\Illuminate\\View\\View.php(147): Illuminate\\View\\View->renderContents()
#12 D:\\PROYECTOS\\IMPORTACIONES RAMIREZ\\ERP-RAMIREZ\\vendor\\laravel\\framework\\src\\Illuminate\\Http\\Response.php(69): Illuminate\\View\\View->render()
#13 D:\\PROYECTOS\\IMPORTACIONES RAMIREZ\\ERP-RAMIREZ\\vendor\\laravel\\framework\\src\\Illuminate\\Http\\Response.php(35): Illuminate\\Http\\Response->setContent(Object(Illuminate\\View\\View))
#14 D:\\PROYECTOS\\IMPORTACIONES RAMIREZ\\ERP-RAMIREZ\\vendor\\laravel\\framework\\src\\Illuminate\\Routing\\Router.php(906): Illuminate\\Http\\Response->__construct(Object(Illuminate\\View\\View), 200, Array)
#15 D:\\PROYECTOS\\IMPORTACIONES RAMIREZ\\ERP-RAMIREZ\\vendor\\laravel\\framework\\src\\Illuminate\\Routing\\Router.php(875): Illuminate\\Routing\\Router::toResponse(Object(Illuminate\\Http\\Request), Object(Illuminate\\View\\View))
#16 D:\\PROYECTOS\\IMPORTACIONES RAMIREZ\\ERP-RAMIREZ\\vendor\\laravel\\framework\\src\\Illuminate\\Routing\\Router.php(797): Illuminate\\Routing\\Router->prepareResponse(Object(Illuminate\\Http\\Request), Object(Illuminate\\View\\View))
#17 D:\\PROYECTOS\\IMPORTACIONES RAMIREZ\\ERP-RAMIREZ\\vendor\\laravel\\framework\\src\\Illuminate\\Pipeline\\Pipeline.php(141): Illuminate\\Routing\\Router->Illuminate\\Routing\\{closure}(Object(Illuminate\\Http\\Request))
#18 D:\\PROYECTOS\\IMPORTACIONES RAMIREZ\\ERP-RAMIREZ\\app\\Http\\Middleware\\CheckUserLogin.php(22): Illuminate\\Pipeline\\Pipeline->Illuminate\\Pipeline\\{closure}(Object(Illuminate\\Http\\Request))
#19 D:\\PROYECTOS\\IMPORTACIONES RAMIREZ\\ERP-RAMIREZ\\vendor\\laravel\\framework\\src\\Illuminate\\Pipeline\\Pipeline.php(180): App\\Http\\Middleware\\CheckUserLogin->handle(Object(Illuminate\\Http\\Request), Object(Closure))
#20 D:\\PROYECTOS\\IMPORTACIONES RAMIREZ\\ERP-RAMIREZ\\app\\Http\\Middleware\\AdminSidebarMenu.php(906): Illuminate\\Pipeline\\Pipeline->Illuminate\\Pipeline\\{closure}(Object(Illuminate\\Http\\Request))
#21 D:\\PROYECTOS\\IMPORTACIONES RAMIREZ\\ERP-RAMIREZ\\vendor\\laravel\\framework\\src\\Illuminate\\Pipeline\\Pipeline.php(180): App\\Http\\Middleware\\AdminSidebarMenu->handle(Object(Illuminate\\Http\\Request), Object(Closure))
#22 D:\\PROYECTOS\\IMPORTACIONES RAMIREZ\\ERP-RAMIREZ\\app\\Http\\Middleware\\Timezone.php(30): Illuminate\\Pipeline\\Pipeline->Illuminate\\Pipeline\\{closure}(Object(Illuminate\\Http\\Request))
#23 D:\\PROYECTOS\\IMPORTACIONES RAMIREZ\\ERP-RAMIREZ\\vendor\\laravel\\framework\\src\\Illuminate\\Pipeline\\Pipeline.php(180): App\\Http\\Middleware\\Timezone->handle(Object(Illuminate\\Http\\Request), Object(Closure))
#24 D:\\PROYECTOS\\IMPORTACIONES RAMIREZ\\ERP-RAMIREZ\\app\\Http\\Middleware\\Language.php(25): Illuminate\\Pipeline\\Pipeline->Illuminate\\Pipeline\\{closure}(Object(Illuminate\\Http\\Request))
#25 D:\\PROYECTOS\\IMPORTACIONES RAMIREZ\\ERP-RAMIREZ\\vendor\\laravel\\framework\\src\\Illuminate\\Pipeline\\Pipeline.php(180): App\\Http\\Middleware\\Language->handle(Object(Illuminate\\Http\\Request), Object(Closure))
#26 D:\\PROYECTOS\\IMPORTACIONES RAMIREZ\\ERP-RAMIREZ\\app\\Http\\Middleware\\SetSessionData.php(52): Illuminate\\Pipeline\\Pipeline->Illuminate\\Pipeline\\{closure}(Object(Illuminate\\Http\\Request))
#27 D:\\PROYECTOS\\IMPORTACIONES RAMIREZ\\ERP-RAMIREZ\\vendor\\laravel\\framework\\src\\Illuminate\\Pipeline\\Pipeline.php(180): App\\Http\\Middleware\\SetSessionData->handle(Object(Illuminate\\Http\\Request), Object(Closure))
#28 D:\\PROYECTOS\\IMPORTACIONES RAMIREZ\\ERP-RAMIREZ\\app\\Http\\Middleware\\IsInstalled.php(50): Illuminate\\Pipeline\\Pipeline->Illuminate\\Pipeline\\{closure}(Object(Illuminate\\Http\\Request))
#29 D:\\PROYECTOS\\IMPORTACIONES RAMIREZ\\ERP-RAMIREZ\\vendor\\laravel\\framework\\src\\Illuminate\\Pipeline\\Pipeline.php(180): App\\Http\\Middleware\\IsInstalled->handle(Object(Illuminate\\Http\\Request), Object(Closure))
#30 D:\\PROYECTOS\\IMPORTACIONES RAMIREZ\\ERP-RAMIREZ\\vendor\\laravel\\framework\\src\\Illuminate\\Routing\\Middleware\\SubstituteBindings.php(50): Illuminate\\Pipeline\\Pipeline->Illuminate\\Pipeline\\{closure}(Object(Illuminate\\Http\\Request))
#31 D:\\PROYECTOS\\IMPORTACIONES RAMIREZ\\ERP-RAMIREZ\\vendor\\laravel\\framework\\src\\Illuminate\\Pipeline\\Pipeline.php(180): Illuminate\\Routing\\Middleware\\SubstituteBindings->handle(Object(Illuminate\\Http\\Request), Object(Closure))
#32 D:\\PROYECTOS\\IMPORTACIONES RAMIREZ\\ERP-RAMIREZ\\vendor\\laravel\\framework\\src\\Illuminate\\Auth\\Middleware\\Authenticate.php(44): Illuminate\\Pipeline\\Pipeline->Illuminate\\Pipeline\\{closure}(Object(Illuminate\\Http\\Request))
#33 D:\\PROYECTOS\\IMPORTACIONES RAMIREZ\\ERP-RAMIREZ\\vendor\\laravel\\framework\\src\\Illuminate\\Pipeline\\Pipeline.php(180): Illuminate\\Auth\\Middleware\\Authenticate->handle(Object(Illuminate\\Http\\Request), Object(Closure))
#34 D:\\PROYECTOS\\IMPORTACIONES RAMIREZ\\ERP-RAMIREZ\\vendor\\laravel\\framework\\src\\Illuminate\\Foundation\\Http\\Middleware\\VerifyCsrfToken.php(78): Illuminate\\Pipeline\\Pipeline->Illuminate\\Pipeline\\{closure}(Object(Illuminate\\Http\\Request))
#35 D:\\PROYECTOS\\IMPORTACIONES RAMIREZ\\ERP-RAMIREZ\\vendor\\laravel\\framework\\src\\Illuminate\\Pipeline\\Pipeline.php(180): Illuminate\\Foundation\\Http\\Middleware\\VerifyCsrfToken->handle(Object(Illuminate\\Http\\Request), Object(Closure))
#36 D:\\PROYECTOS\\IMPORTACIONES RAMIREZ\\ERP-RAMIREZ\\vendor\\laravel\\framework\\src\\Illuminate\\View\\Middleware\\ShareErrorsFromSession.php(49): Illuminate\\Pipeline\\Pipeline->Illuminate\\Pipeline\\{closure}(Object(Illuminate\\Http\\Request))
#37 D:\\PROYECTOS\\IMPORTACIONES RAMIREZ\\ERP-RAMIREZ\\vendor\\laravel\\framework\\src\\Illuminate\\Pipeline\\Pipeline.php(180): Illuminate\\View\\Middleware\\ShareErrorsFromSession->handle(Object(Illuminate\\Http\\Request), Object(Closure))
#38 D:\\PROYECTOS\\IMPORTACIONES RAMIREZ\\ERP-RAMIREZ\\vendor\\laravel\\framework\\src\\Illuminate\\Session\\Middleware\\StartSession.php(121): Illuminate\\Pipeline\\Pipeline->Illuminate\\Pipeline\\{closure}(Object(Illuminate\\Http\\Request))
#39 D:\\PROYECTOS\\IMPORTACIONES RAMIREZ\\ERP-RAMIREZ\\vendor\\laravel\\framework\\src\\Illuminate\\Session\\Middleware\\StartSession.php(64): Illuminate\\Session\\Middleware\\StartSession->handleStatefulRequest(Object(Illuminate\\Http\\Request), Object(Illuminate\\Session\\Store), Object(Closure))
#40 D:\\PROYECTOS\\IMPORTACIONES RAMIREZ\\ERP-RAMIREZ\\vendor\\laravel\\framework\\src\\Illuminate\\Pipeline\\Pipeline.php(180): Illuminate\\Session\\Middleware\\StartSession->handle(Object(Illuminate\\Http\\Request), Object(Closure))
#41 D:\\PROYECTOS\\IMPORTACIONES RAMIREZ\\ERP-RAMIREZ\\vendor\\laravel\\framework\\src\\Illuminate\\Cookie\\Middleware\\AddQueuedCookiesToResponse.php(37): Illuminate\\Pipeline\\Pipeline->Illuminate\\Pipeline\\{closure}(Object(Illuminate\\Http\\Request))
#42 D:\\PROYECTOS\\IMPORTACIONES RAMIREZ\\ERP-RAMIREZ\\vendor\\laravel\\framework\\src\\Illuminate\\Pipeline\\Pipeline.php(180): Illuminate\\Cookie\\Middleware\\AddQueuedCookiesToResponse->handle(Object(Illuminate\\Http\\Request), Object(Closure))
#43 D:\\PROYECTOS\\IMPORTACIONES RAMIREZ\\ERP-RAMIREZ\\vendor\\laravel\\framework\\src\\Illuminate\\Cookie\\Middleware\\EncryptCookies.php(67): Illuminate\\Pipeline\\Pipeline->Illuminate\\Pipeline\\{closure}(Object(Illuminate\\Http\\Request))
#44 D:\\PROYECTOS\\IMPORTACIONES RAMIREZ\\ERP-RAMIREZ\\vendor\\laravel\\framework\\src\\Illuminate\\Pipeline\\Pipeline.php(180): Illuminate\\Cookie\\Middleware\\EncryptCookies->handle(Object(Illuminate\\Http\\Request), Object(Closure))
#45 D:\\PROYECTOS\\IMPORTACIONES RAMIREZ\\ERP-RAMIREZ\\vendor\\laravel\\framework\\src\\Illuminate\\Pipeline\\Pipeline.php(116): Illuminate\\Pipeline\\Pipeline->Illuminate\\Pipeline\\{closure}(Object(Illuminate\\Http\\Request))
#46 D:\\PROYECTOS\\IMPORTACIONES RAMIREZ\\ERP-RAMIREZ\\vendor\\laravel\\framework\\src\\Illuminate\\Routing\\Router.php(797): Illuminate\\Pipeline\\Pipeline->then(Object(Closure))
#47 D:\\PROYECTOS\\IMPORTACIONES RAMIREZ\\ERP-RAMIREZ\\vendor\\laravel\\framework\\src\\Illuminate\\Routing\\Router.php(776): Illuminate\\Routing\\Router->runRouteWithinStack(Object(Illuminate\\Routing\\Route), Object(Illuminate\\Http\\Request))
#48 D:\\PROYECTOS\\IMPORTACIONES RAMIREZ\\ERP-RAMIREZ\\vendor\\laravel\\framework\\src\\Illuminate\\Routing\\Router.php(740): Illuminate\\Routing\\Router->runRoute(Object(Illuminate\\Http\\Request), Object(Illuminate\\Routing\\Route))
#49 D:\\PROYECTOS\\IMPORTACIONES RAMIREZ\\ERP-RAMIREZ\\vendor\\laravel\\framework\\src\\Illuminate\\Routing\\Router.php(729): Illuminate\\Routing\\Router->dispatchToRoute(Object(Illuminate\\Http\\Request))
#50 D:\\PROYECTOS\\IMPORTACIONES RAMIREZ\\ERP-RAMIREZ\\vendor\\laravel\\framework\\src\\Illuminate\\Foundation\\Http\\Kernel.php(190): Illuminate\\Routing\\Router->dispatch(Object(Illuminate\\Http\\Request))
#51 D:\\PROYECTOS\\IMPORTACIONES RAMIREZ\\ERP-RAMIREZ\\vendor\\laravel\\framework\\src\\Illuminate\\Pipeline\\Pipeline.php(141): Illuminate\\Foundation\\Http\\Kernel->Illuminate\\Foundation\\Http\\{closure}(Object(Illuminate\\Http\\Request))
#52 D:\\PROYECTOS\\IMPORTACIONES RAMIREZ\\ERP-RAMIREZ\\vendor\\barryvdh\\laravel-debugbar\\src\\Middleware\\InjectDebugbar.php(59): Illuminate\\Pipeline\\Pipeline->Illuminate\\Pipeline\\{closure}(Object(Illuminate\\Http\\Request))
#53 D:\\PROYECTOS\\IMPORTACIONES RAMIREZ\\ERP-RAMIREZ\\vendor\\laravel\\framework\\src\\Illuminate\\Pipeline\\Pipeline.php(180): Barryvdh\\Debugbar\\Middleware\\InjectDebugbar->handle(Object(Illuminate\\Http\\Request), Object(Closure))
#54 D:\\PROYECTOS\\IMPORTACIONES RAMIREZ\\ERP-RAMIREZ\\vendor\\laravel\\framework\\src\\Illuminate\\Foundation\\Http\\Middleware\\TransformsRequest.php(21): Illuminate\\Pipeline\\Pipeline->Illuminate\\Pipeline\\{closure}(Object(Illuminate\\Http\\Request))
#55 D:\\PROYECTOS\\IMPORTACIONES RAMIREZ\\ERP-RAMIREZ\\vendor\\laravel\\framework\\src\\Illuminate\\Foundation\\Http\\Middleware\\ConvertEmptyStringsToNull.php(31): Illuminate\\Foundation\\Http\\Middleware\\TransformsRequest->handle(Object(Illuminate\\Http\\Request), Object(Closure))
#56 D:\\PROYECTOS\\IMPORTACIONES RAMIREZ\\ERP-RAMIREZ\\vendor\\laravel\\framework\\src\\Illuminate\\Pipeline\\Pipeline.php(180): Illuminate\\Foundation\\Http\\Middleware\\ConvertEmptyStringsToNull->handle(Object(Illuminate\\Http\\Request), Object(Closure))
#57 D:\\PROYECTOS\\IMPORTACIONES RAMIREZ\\ERP-RAMIREZ\\vendor\\laravel\\framework\\src\\Illuminate\\Foundation\\Http\\Middleware\\TransformsRequest.php(21): Illuminate\\Pipeline\\Pipeline->Illuminate\\Pipeline\\{closure}(Object(Illuminate\\Http\\Request))
#58 D:\\PROYECTOS\\IMPORTACIONES RAMIREZ\\ERP-RAMIREZ\\vendor\\laravel\\framework\\src\\Illuminate\\Foundation\\Http\\Middleware\\TrimStrings.php(40): Illuminate\\Foundation\\Http\\Middleware\\TransformsRequest->handle(Object(Illuminate\\Http\\Request), Object(Closure))
#59 D:\\PROYECTOS\\IMPORTACIONES RAMIREZ\\ERP-RAMIREZ\\vendor\\laravel\\framework\\src\\Illuminate\\Pipeline\\Pipeline.php(180): Illuminate\\Foundation\\Http\\Middleware\\TrimStrings->handle(Object(Illuminate\\Http\\Request), Object(Closure))
#60 D:\\PROYECTOS\\IMPORTACIONES RAMIREZ\\ERP-RAMIREZ\\vendor\\laravel\\framework\\src\\Illuminate\\Foundation\\Http\\Middleware\\ValidatePostSize.php(27): Illuminate\\Pipeline\\Pipeline->Illuminate\\Pipeline\\{closure}(Object(Illuminate\\Http\\Request))
#61 D:\\PROYECTOS\\IMPORTACIONES RAMIREZ\\ERP-RAMIREZ\\vendor\\laravel\\framework\\src\\Illuminate\\Pipeline\\Pipeline.php(180): Illuminate\\Foundation\\Http\\Middleware\\ValidatePostSize->handle(Object(Illuminate\\Http\\Request), Object(Closure))
#62 D:\\PROYECTOS\\IMPORTACIONES RAMIREZ\\ERP-RAMIREZ\\vendor\\laravel\\framework\\src\\Illuminate\\Foundation\\Http\\Middleware\\PreventRequestsDuringMaintenance.php(86): Illuminate\\Pipeline\\Pipeline->Illuminate\\Pipeline\\{closure}(Object(Illuminate\\Http\\Request))
#63 D:\\PROYECTOS\\IMPORTACIONES RAMIREZ\\ERP-RAMIREZ\\vendor\\laravel\\framework\\src\\Illuminate\\Pipeline\\Pipeline.php(180): Illuminate\\Foundation\\Http\\Middleware\\PreventRequestsDuringMaintenance->handle(Object(Illuminate\\Http\\Request), Object(Closure))
#64 D:\\PROYECTOS\\IMPORTACIONES RAMIREZ\\ERP-RAMIREZ\\vendor\\laravel\\framework\\src\\Illuminate\\Http\\Middleware\\HandleCors.php(49): Illuminate\\Pipeline\\Pipeline->Illuminate\\Pipeline\\{closure}(Object(Illuminate\\Http\\Request))
#65 D:\\PROYECTOS\\IMPORTACIONES RAMIREZ\\ERP-RAMIREZ\\vendor\\laravel\\framework\\src\\Illuminate\\Pipeline\\Pipeline.php(180): Illuminate\\Http\\Middleware\\HandleCors->handle(Object(Illuminate\\Http\\Request), Object(Closure))
#66 D:\\PROYECTOS\\IMPORTACIONES RAMIREZ\\ERP-RAMIREZ\\vendor\\laravel\\framework\\src\\Illuminate\\Http\\Middleware\\TrustProxies.php(39): Illuminate\\Pipeline\\Pipeline->Illuminate\\Pipeline\\{closure}(Object(Illuminate\\Http\\Request))
#67 D:\\PROYECTOS\\IMPORTACIONES RAMIREZ\\ERP-RAMIREZ\\vendor\\laravel\\framework\\src\\Illuminate\\Pipeline\\Pipeline.php(180): Illuminate\\Http\\Middleware\\TrustProxies->handle(Object(Illuminate\\Http\\Request), Object(Closure))
#68 D:\\PROYECTOS\\IMPORTACIONES RAMIREZ\\ERP-RAMIREZ\\vendor\\laravel\\framework\\src\\Illuminate\\Pipeline\\Pipeline.php(116): Illuminate\\Pipeline\\Pipeline->Illuminate\\Pipeline\\{closure}(Object(Illuminate\\Http\\Request))
#69 D:\\PROYECTOS\\IMPORTACIONES RAMIREZ\\ERP-RAMIREZ\\vendor\\laravel\\framework\\src\\Illuminate\\Foundation\\Http\\Kernel.php(165): Illuminate\\Pipeline\\Pipeline->then(Object(Closure))
#70 D:\\PROYECTOS\\IMPORTACIONES RAMIREZ\\ERP-RAMIREZ\\vendor\\laravel\\framework\\src\\Illuminate\\Foundation\\Http\\Kernel.php(134): Illuminate\\Foundation\\Http\\Kernel->sendRequestThroughRouter(Object(Illuminate\\Http\\Request))
#71 D:\\PROYECTOS\\IMPORTACIONES RAMIREZ\\ERP-RAMIREZ\\public\\index.php(51): Illuminate\\Foundation\\Http\\Kernel->handle(Object(Illuminate\\Http\\Request))
#72 D:\\PROYECTOS\\IMPORTACIONES RAMIREZ\\ERP-RAMIREZ\\vendor\\laravel\\framework\\src\\Illuminate\\Foundation\\resources\\server.php(16): require_once('D:\\\\PROYECTOS\\\\IM...')
#73 {main}
"} 
