[2026-07-02 15:08:23] local.ERROR: Action App\Http\Controllers\ImportacionMasivaController@index not defined. {"userId":1,"exception":"[object] (InvalidArgumentException(code: 0): Action App\\Http\\Controllers\\ImportacionMasivaController@index not defined. at D:\\PROYECTOS\\IMPORTACIONES RAMIREZ\\ERP-RAMIREZ\\vendor\\laravel\\framework\\src\\Illuminate\\Routing\\UrlGenerator.php:510)
[stacktrace]
#0 D:\\PROYECTOS\\IMPORTACIONES RAMIREZ\\ERP-RAMIREZ\\vendor\\laravel\\framework\\src\\Illuminate\\Foundation\\helpers.php(102): Illuminate\\Routing\\UrlGenerator->action('App\\\\Http\\\\Contro...', Array, true)
#1 D:\\PROYECTOS\\IMPORTACIONES RAMIREZ\\ERP-RAMIREZ\\app\\Http\\Middleware\\AdminSidebarMenu.php(317): action(Array)
#2 [internal function]: App\\Http\\Middleware\\AdminSidebarMenu->App\\Http\\Middleware\\{closure}(Object(Nwidart\\Menus\\MenuItem))
#3 D:\\PROYECTOS\\IMPORTACIONES RAMIREZ\\ERP-RAMIREZ\\vendor\\nwidart\\laravel-menus\\src\\MenuBuilder.php(363): call_user_func(Object(Closure), Object(Nwidart\\Menus\\MenuItem))
#4 D:\\PROYECTOS\\IMPORTACIONES RAMIREZ\\ERP-RAMIREZ\\app\\Http\\Middleware\\AdminSidebarMenu.php(257): Nwidart\\Menus\\MenuBuilder->dropdown('Compras', Object(Closure), Array)
#5 D:\\PROYECTOS\\IMPORTACIONES RAMIREZ\\ERP-RAMIREZ\\vendor\\nwidart\\laravel-menus\\src\\Menu.php(68): App\\Http\\Middleware\\AdminSidebarMenu->App\\Http\\Middleware\\{closure}(Object(Nwidart\\Menus\\MenuBuilder))
#6 D:\\PROYECTOS\\IMPORTACIONES RAMIREZ\\ERP-RAMIREZ\\vendor\\laravel\\framework\\src\\Illuminate\\Support\\Facades\\Facade.php(338): Nwidart\\Menus\\Menu->create('admin-sidebar-m...', Object(Closure))
#7 D:\\PROYECTOS\\IMPORTACIONES RAMIREZ\\ERP-RAMIREZ\\app\\Http\\Middleware\\AdminSidebarMenu.php(24): Illuminate\\Support\\Facades\\Facade::__callStatic('create', Array)
#8 D:\\PROYECTOS\\IMPORTACIONES RAMIREZ\\ERP-RAMIREZ\\vendor\\laravel\\framework\\src\\Illuminate\\Pipeline\\Pipeline.php(180): App\\Http\\Middleware\\AdminSidebarMenu->handle(Object(Illuminate\\Http\\Request), Object(Closure))
#9 D:\\PROYECTOS\\IMPORTACIONES RAMIREZ\\ERP-RAMIREZ\\app\\Http\\Middleware\\Timezone.php(30): Illuminate\\Pipeline\\Pipeline->Illuminate\\Pipeline\\{closure}(Object(Illuminate\\Http\\Request))
#10 D:\\PROYECTOS\\IMPORTACIONES RAMIREZ\\ERP-RAMIREZ\\vendor\\laravel\\framework\\src\\Illuminate\\Pipeline\\Pipeline.php(180): App\\Http\\Middleware\\Timezone->handle(Object(Illuminate\\Http\\Request), Object(Closure))
#11 D:\\PROYECTOS\\IMPORTACIONES RAMIREZ\\ERP-RAMIREZ\\app\\Http\\Middleware\\Language.php(25): Illuminate\\Pipeline\\Pipeline->Illuminate\\Pipeline\\{closure}(Object(Illuminate\\Http\\Request))
#12 D:\\PROYECTOS\\IMPORTACIONES RAMIREZ\\ERP-RAMIREZ\\vendor\\laravel\\framework\\src\\Illuminate\\Pipeline\\Pipeline.php(180): App\\Http\\Middleware\\Language->handle(Object(Illuminate\\Http\\Request), Object(Closure))
#13 D:\\PROYECTOS\\IMPORTACIONES RAMIREZ\\ERP-RAMIREZ\\app\\Http\\Middleware\\SetSessionData.php(52): Illuminate\\Pipeline\\Pipeline->Illuminate\\Pipeline\\{closure}(Object(Illuminate\\Http\\Request))
#14 D:\\PROYECTOS\\IMPORTACIONES RAMIREZ\\ERP-RAMIREZ\\vendor\\laravel\\framework\\src\\Illuminate\\Pipeline\\Pipeline.php(180): App\\Http\\Middleware\\SetSessionData->handle(Object(Illuminate\\Http\\Request), Object(Closure))
#15 D:\\PROYECTOS\\IMPORTACIONES RAMIREZ\\ERP-RAMIREZ\\app\\Http\\Middleware\\IsInstalled.php(50): Illuminate\\Pipeline\\Pipeline->Illuminate\\Pipeline\\{closure}(Object(Illuminate\\Http\\Request))
#16 D:\\PROYECTOS\\IMPORTACIONES RAMIREZ\\ERP-RAMIREZ\\vendor\\laravel\\framework\\src\\Illuminate\\Pipeline\\Pipeline.php(180): App\\Http\\Middleware\\IsInstalled->handle(Object(Illuminate\\Http\\Request), Object(Closure))
#17 D:\\PROYECTOS\\IMPORTACIONES RAMIREZ\\ERP-RAMIREZ\\vendor\\laravel\\framework\\src\\Illuminate\\Routing\\Middleware\\SubstituteBindings.php(50): Illuminate\\Pipeline\\Pipeline->Illuminate\\Pipeline\\{closure}(Object(Illuminate\\Http\\Request))
#18 D:\\PROYECTOS\\IMPORTACIONES RAMIREZ\\ERP-RAMIREZ\\vendor\\laravel\\framework\\src\\Illuminate\\Pipeline\\Pipeline.php(180): Illuminate\\Routing\\Middleware\\SubstituteBindings->handle(Object(Illuminate\\Http\\Request), Object(Closure))
#19 D:\\PROYECTOS\\IMPORTACIONES RAMIREZ\\ERP-RAMIREZ\\vendor\\laravel\\framework\\src\\Illuminate\\Auth\\Middleware\\Authenticate.php(44): Illuminate\\Pipeline\\Pipeline->Illuminate\\Pipeline\\{closure}(Object(Illuminate\\Http\\Request))
#20 D:\\PROYECTOS\\IMPORTACIONES RAMIREZ\\ERP-RAMIREZ\\vendor\\laravel\\framework\\src\\Illuminate\\Pipeline\\Pipeline.php(180): Illuminate\\Auth\\Middleware\\Authenticate->handle(Object(Illuminate\\Http\\Request), Object(Closure))
#21 D:\\PROYECTOS\\IMPORTACIONES RAMIREZ\\ERP-RAMIREZ\\vendor\\laravel\\framework\\src\\Illuminate\\Foundation\\Http\\Middleware\\VerifyCsrfToken.php(78): Illuminate\\Pipeline\\Pipeline->Illuminate\\Pipeline\\{closure}(Object(Illuminate\\Http\\Request))
#22 D:\\PROYECTOS\\IMPORTACIONES RAMIREZ\\ERP-RAMIREZ\\vendor\\laravel\\framework\\src\\Illuminate\\Pipeline\\Pipeline.php(180): Illuminate\\Foundation\\Http\\Middleware\\VerifyCsrfToken->handle(Object(Illuminate\\Http\\Request), Object(Closure))
#23 D:\\PROYECTOS\\IMPORTACIONES RAMIREZ\\ERP-RAMIREZ\\vendor\\laravel\\framework\\src\\Illuminate\\View\\Middleware\\ShareErrorsFromSession.php(49): Illuminate\\Pipeline\\Pipeline->Illuminate\\Pipeline\\{closure}(Object(Illuminate\\Http\\Request))
#24 D:\\PROYECTOS\\IMPORTACIONES RAMIREZ\\ERP-RAMIREZ\\vendor\\laravel\\framework\\src\\Illuminate\\Pipeline\\Pipeline.php(180): Illuminate\\View\\Middleware\\ShareErrorsFromSession->handle(Object(Illuminate\\Http\\Request), Object(Closure))
#25 D:\\PROYECTOS\\IMPORTACIONES RAMIREZ\\ERP-RAMIREZ\\vendor\\laravel\\framework\\src\\Illuminate\\Session\\Middleware\\StartSession.php(121): Illuminate\\Pipeline\\Pipeline->Illuminate\\Pipeline\\{closure}(Object(Illuminate\\Http\\Request))
#26 D:\\PROYECTOS\\IMPORTACIONES RAMIREZ\\ERP-RAMIREZ\\vendor\\laravel\\framework\\src\\Illuminate\\Session\\Middleware\\StartSession.php(64): Illuminate\\Session\\Middleware\\StartSession->handleStatefulRequest(Object(Illuminate\\Http\\Request), Object(Illuminate\\Session\\Store), Object(Closure))
#27 D:\\PROYECTOS\\IMPORTACIONES RAMIREZ\\ERP-RAMIREZ\\vendor\\laravel\\framework\\src\\Illuminate\\Pipeline\\Pipeline.php(180): Illuminate\\Session\\Middleware\\StartSession->handle(Object(Illuminate\\Http\\Request), Object(Closure))
#28 D:\\PROYECTOS\\IMPORTACIONES RAMIREZ\\ERP-RAMIREZ\\vendor\\laravel\\framework\\src\\Illuminate\\Cookie\\Middleware\\AddQueuedCookiesToResponse.php(37): Illuminate\\Pipeline\\Pipeline->Illuminate\\Pipeline\\{closure}(Object(Illuminate\\Http\\Request))
#29 D:\\PROYECTOS\\IMPORTACIONES RAMIREZ\\ERP-RAMIREZ\\vendor\\laravel\\framework\\src\\Illuminate\\Pipeline\\Pipeline.php(180): Illuminate\\Cookie\\Middleware\\AddQueuedCookiesToResponse->handle(Object(Illuminate\\Http\\Request), Object(Closure))
#30 D:\\PROYECTOS\\IMPORTACIONES RAMIREZ\\ERP-RAMIREZ\\vendor\\laravel\\framework\\src\\Illuminate\\Cookie\\Middleware\\EncryptCookies.php(67): Illuminate\\Pipeline\\Pipeline->Illuminate\\Pipeline\\{closure}(Object(Illuminate\\Http\\Request))
#31 D:\\PROYECTOS\\IMPORTACIONES RAMIREZ\\ERP-RAMIREZ\\vendor\\laravel\\framework\\src\\Illuminate\\Pipeline\\Pipeline.php(180): Illuminate\\Cookie\\Middleware\\EncryptCookies->handle(Object(Illuminate\\Http\\Request), Object(Closure))
#32 D:\\PROYECTOS\\IMPORTACIONES RAMIREZ\\ERP-RAMIREZ\\vendor\\laravel\\framework\\src\\Illuminate\\Pipeline\\Pipeline.php(116): Illuminate\\Pipeline\\Pipeline->Illuminate\\Pipeline\\{closure}(Object(Illuminate\\Http\\Request))
#33 D:\\PROYECTOS\\IMPORTACIONES RAMIREZ\\ERP-RAMIREZ\\vendor\\laravel\\framework\\src\\Illuminate\\Routing\\Router.php(797): Illuminate\\Pipeline\\Pipeline->then(Object(Closure))
#34 D:\\PROYECTOS\\IMPORTACIONES RAMIREZ\\ERP-RAMIREZ\\vendor\\laravel\\framework\\src\\Illuminate\\Routing\\Router.php(776): Illuminate\\Routing\\Router->runRouteWithinStack(Object(Illuminate\\Routing\\Route), Object(Illuminate\\Http\\Request))
#35 D:\\PROYECTOS\\IMPORTACIONES RAMIREZ\\ERP-RAMIREZ\\vendor\\laravel\\framework\\src\\Illuminate\\Routing\\Router.php(740): Illuminate\\Routing\\Router->runRoute(Object(Illuminate\\Http\\Request), Object(Illuminate\\Routing\\Route))
#36 D:\\PROYECTOS\\IMPORTACIONES RAMIREZ\\ERP-RAMIREZ\\vendor\\laravel\\framework\\src\\Illuminate\\Routing\\Router.php(729): Illuminate\\Routing\\Router->dispatchToRoute(Object(Illuminate\\Http\\Request))
#37 D:\\PROYECTOS\\IMPORTACIONES RAMIREZ\\ERP-RAMIREZ\\vendor\\laravel\\framework\\src\\Illuminate\\Foundation\\Http\\Kernel.php(190): Illuminate\\Routing\\Router->dispatch(Object(Illuminate\\Http\\Request))
#38 D:\\PROYECTOS\\IMPORTACIONES RAMIREZ\\ERP-RAMIREZ\\vendor\\laravel\\framework\\src\\Illuminate\\Pipeline\\Pipeline.php(141): Illuminate\\Foundation\\Http\\Kernel->Illuminate\\Foundation\\Http\\{closure}(Object(Illuminate\\Http\\Request))
#39 D:\\PROYECTOS\\IMPORTACIONES RAMIREZ\\ERP-RAMIREZ\\vendor\\barryvdh\\laravel-debugbar\\src\\Middleware\\InjectDebugbar.php(59): Illuminate\\Pipeline\\Pipeline->Illuminate\\Pipeline\\{closure}(Object(Illuminate\\Http\\Request))
#40 D:\\PROYECTOS\\IMPORTACIONES RAMIREZ\\ERP-RAMIREZ\\vendor\\laravel\\framework\\src\\Illuminate\\Pipeline\\Pipeline.php(180): Barryvdh\\Debugbar\\Middleware\\InjectDebugbar->handle(Object(Illuminate\\Http\\Request), Object(Closure))
#41 D:\\PROYECTOS\\IMPORTACIONES RAMIREZ\\ERP-RAMIREZ\\vendor\\laravel\\framework\\src\\Illuminate\\Foundation\\Http\\Middleware\\TransformsRequest.php(21): Illuminate\\Pipeline\\Pipeline->Illuminate\\Pipeline\\{closure}(Object(Illuminate\\Http\\Request))
#42 D:\\PROYECTOS\\IMPORTACIONES RAMIREZ\\ERP-RAMIREZ\\vendor\\laravel\\framework\\src\\Illuminate\\Foundation\\Http\\Middleware\\ConvertEmptyStringsToNull.php(31): Illuminate\\Foundation\\Http\\Middleware\\TransformsRequest->handle(Object(Illuminate\\Http\\Request), Object(Closure))
#43 D:\\PROYECTOS\\IMPORTACIONES RAMIREZ\\ERP-RAMIREZ\\vendor\\laravel\\framework\\src\\Illuminate\\Pipeline\\Pipeline.php(180): Illuminate\\Foundation\\Http\\Middleware\\ConvertEmptyStringsToNull->handle(Object(Illuminate\\Http\\Request), Object(Closure))
#44 D:\\PROYECTOS\\IMPORTACIONES RAMIREZ\\ERP-RAMIREZ\\vendor\\laravel\\framework\\src\\Illuminate\\Foundation\\Http\\Middleware\\TransformsRequest.php(21): Illuminate\\Pipeline\\Pipeline->Illuminate\\Pipeline\\{closure}(Object(Illuminate\\Http\\Request))
#45 D:\\PROYECTOS\\IMPORTACIONES RAMIREZ\\ERP-RAMIREZ\\vendor\\laravel\\framework\\src\\Illuminate\\Foundation\\Http\\Middleware\\TrimStrings.php(40): Illuminate\\Foundation\\Http\\Middleware\\TransformsRequest->handle(Object(Illuminate\\Http\\Request), Object(Closure))
#46 D:\\PROYECTOS\\IMPORTACIONES RAMIREZ\\ERP-RAMIREZ\\vendor\\laravel\\framework\\src\\Illuminate\\Pipeline\\Pipeline.php(180): Illuminate\\Foundation\\Http\\Middleware\\TrimStrings->handle(Object(Illuminate\\Http\\Request), Object(Closure))
#47 D:\\PROYECTOS\\IMPORTACIONES RAMIREZ\\ERP-RAMIREZ\\vendor\\laravel\\framework\\src\\Illuminate\\Foundation\\Http\\Middleware\\ValidatePostSize.php(27): Illuminate\\Pipeline\\Pipeline->Illuminate\\Pipeline\\{closure}(Object(Illuminate\\Http\\Request))
#48 D:\\PROYECTOS\\IMPORTACIONES RAMIREZ\\ERP-RAMIREZ\\vendor\\laravel\\framework\\src\\Illuminate\\Pipeline\\Pipeline.php(180): Illuminate\\Foundation\\Http\\Middleware\\ValidatePostSize->handle(Object(Illuminate\\Http\\Request), Object(Closure))
#49 D:\\PROYECTOS\\IMPORTACIONES RAMIREZ\\ERP-RAMIREZ\\vendor\\laravel\\framework\\src\\Illuminate\\Foundation\\Http\\Middleware\\PreventRequestsDuringMaintenance.php(86): Illuminate\\Pipeline\\Pipeline->Illuminate\\Pipeline\\{closure}(Object(Illuminate\\Http\\Request))
#50 D:\\PROYECTOS\\IMPORTACIONES RAMIREZ\\ERP-RAMIREZ\\vendor\\laravel\\framework\\src\\Illuminate\\Pipeline\\Pipeline.php(180): Illuminate\\Foundation\\Http\\Middleware\\PreventRequestsDuringMaintenance->handle(Object(Illuminate\\Http\\Request), Object(Closure))
#51 D:\\PROYECTOS\\IMPORTACIONES RAMIREZ\\ERP-RAMIREZ\\vendor\\laravel\\framework\\src\\Illuminate\\Http\\Middleware\\HandleCors.php(49): Illuminate\\Pipeline\\Pipeline->Illuminate\\Pipeline\\{closure}(Object(Illuminate\\Http\\Request))
#52 D:\\PROYECTOS\\IMPORTACIONES RAMIREZ\\ERP-RAMIREZ\\vendor\\laravel\\framework\\src\\Illuminate\\Pipeline\\Pipeline.php(180): Illuminate\\Http\\Middleware\\HandleCors->handle(Object(Illuminate\\Http\\Request), Object(Closure))
#53 D:\\PROYECTOS\\IMPORTACIONES RAMIREZ\\ERP-RAMIREZ\\vendor\\laravel\\framework\\src\\Illuminate\\Http\\Middleware\\TrustProxies.php(39): Illuminate\\Pipeline\\Pipeline->Illuminate\\Pipeline\\{closure}(Object(Illuminate\\Http\\Request))
#54 D:\\PROYECTOS\\IMPORTACIONES RAMIREZ\\ERP-RAMIREZ\\vendor\\laravel\\framework\\src\\Illuminate\\Pipeline\\Pipeline.php(180): Illuminate\\Http\\Middleware\\TrustProxies->handle(Object(Illuminate\\Http\\Request), Object(Closure))
#55 D:\\PROYECTOS\\IMPORTACIONES RAMIREZ\\ERP-RAMIREZ\\vendor\\laravel\\framework\\src\\Illuminate\\Pipeline\\Pipeline.php(116): Illuminate\\Pipeline\\Pipeline->Illuminate\\Pipeline\\{closure}(Object(Illuminate\\Http\\Request))
#56 D:\\PROYECTOS\\IMPORTACIONES RAMIREZ\\ERP-RAMIREZ\\vendor\\laravel\\framework\\src\\Illuminate\\Foundation\\Http\\Kernel.php(165): Illuminate\\Pipeline\\Pipeline->then(Object(Closure))
#57 D:\\PROYECTOS\\IMPORTACIONES RAMIREZ\\ERP-RAMIREZ\\vendor\\laravel\\framework\\src\\Illuminate\\Foundation\\Http\\Kernel.php(134): Illuminate\\Foundation\\Http\\Kernel->sendRequestThroughRouter(Object(Illuminate\\Http\\Request))
#58 D:\\PROYECTOS\\IMPORTACIONES RAMIREZ\\ERP-RAMIREZ\\public\\index.php(51): Illuminate\\Foundation\\Http\\Kernel->handle(Object(Illuminate\\Http\\Request))
#59 D:\\PROYECTOS\\IMPORTACIONES RAMIREZ\\ERP-RAMIREZ\\vendor\\laravel\\framework\\src\\Illuminate\\Foundation\\resources\\server.php(16): require_once('D:\\\\PROYECTOS\\\\IM...')
#60 {main}
"} 
[2026-07-02 15:08:37] local.ERROR: Action App\Http\Controllers\ImportacionMasivaController@index not defined. {"userId":1,"exception":"[object] (InvalidArgumentException(code: 0): Action App\\Http\\Controllers\\ImportacionMasivaController@index not defined. at D:\\PROYECTOS\\IMPORTACIONES RAMIREZ\\ERP-RAMIREZ\\vendor\\laravel\\framework\\src\\Illuminate\\Routing\\UrlGenerator.php:510)
[stacktrace]
#0 D:\\PROYECTOS\\IMPORTACIONES RAMIREZ\\ERP-RAMIREZ\\vendor\\laravel\\framework\\src\\Illuminate\\Foundation\\helpers.php(102): Illuminate\\Routing\\UrlGenerator->action('App\\\\Http\\\\Contro...', Array, true)
#1 D:\\PROYECTOS\\IMPORTACIONES RAMIREZ\\ERP-RAMIREZ\\app\\Http\\Middleware\\AdminSidebarMenu.php(317): action(Array)
#2 [internal function]: App\\Http\\Middleware\\AdminSidebarMenu->App\\Http\\Middleware\\{closure}(Object(Nwidart\\Menus\\MenuItem))
#3 D:\\PROYECTOS\\IMPORTACIONES RAMIREZ\\ERP-RAMIREZ\\vendor\\nwidart\\laravel-menus\\src\\MenuBuilder.php(363): call_user_func(Object(Closure), Object(Nwidart\\Menus\\MenuItem))
#4 D:\\PROYECTOS\\IMPORTACIONES RAMIREZ\\ERP-RAMIREZ\\app\\Http\\Middleware\\AdminSidebarMenu.php(257): Nwidart\\Menus\\MenuBuilder->dropdown('Compras', Object(Closure), Array)
#5 D:\\PROYECTOS\\IMPORTACIONES RAMIREZ\\ERP-RAMIREZ\\vendor\\nwidart\\laravel-menus\\src\\Menu.php(68): App\\Http\\Middleware\\AdminSidebarMenu->App\\Http\\Middleware\\{closure}(Object(Nwidart\\Menus\\MenuBuilder))
#6 D:\\PROYECTOS\\IMPORTACIONES RAMIREZ\\ERP-RAMIREZ\\vendor\\laravel\\framework\\src\\Illuminate\\Support\\Facades\\Facade.php(338): Nwidart\\Menus\\Menu->create('admin-sidebar-m...', Object(Closure))
#7 D:\\PROYECTOS\\IMPORTACIONES RAMIREZ\\ERP-RAMIREZ\\app\\Http\\Middleware\\AdminSidebarMenu.php(24): Illuminate\\Support\\Facades\\Facade::__callStatic('create', Array)
#8 D:\\PROYECTOS\\IMPORTACIONES RAMIREZ\\ERP-RAMIREZ\\vendor\\laravel\\framework\\src\\Illuminate\\Pipeline\\Pipeline.php(180): App\\Http\\Middleware\\AdminSidebarMenu->handle(Object(Illuminate\\Http\\Request), Object(Closure))
#9 D:\\PROYECTOS\\IMPORTACIONES RAMIREZ\\ERP-RAMIREZ\\app\\Http\\Middleware\\Timezone.php(30): Illuminate\\Pipeline\\Pipeline->Illuminate\\Pipeline\\{closure}(Object(Illuminate\\Http\\Request))
#10 D:\\PROYECTOS\\IMPORTACIONES RAMIREZ\\ERP-RAMIREZ\\vendor\\laravel\\framework\\src\\Illuminate\\Pipeline\\Pipeline.php(180): App\\Http\\Middleware\\Timezone->handle(Object(Illuminate\\Http\\Request), Object(Closure))
#11 D:\\PROYECTOS\\IMPORTACIONES RAMIREZ\\ERP-RAMIREZ\\app\\Http\\Middleware\\Language.php(25): Illuminate\\Pipeline\\Pipeline->Illuminate\\Pipeline\\{closure}(Object(Illuminate\\Http\\Request))
#12 D:\\PROYECTOS\\IMPORTACIONES RAMIREZ\\ERP-RAMIREZ\\vendor\\laravel\\framework\\src\\Illuminate\\Pipeline\\Pipeline.php(180): App\\Http\\Middleware\\Language->handle(Object(Illuminate\\Http\\Request), Object(Closure))
#13 D:\\PROYECTOS\\IMPORTACIONES RAMIREZ\\ERP-RAMIREZ\\app\\Http\\Middleware\\SetSessionData.php(52): Illuminate\\Pipeline\\Pipeline->Illuminate\\Pipeline\\{closure}(Object(Illuminate\\Http\\Request))
#14 D:\\PROYECTOS\\IMPORTACIONES RAMIREZ\\ERP-RAMIREZ\\vendor\\laravel\\framework\\src\\Illuminate\\Pipeline\\Pipeline.php(180): App\\Http\\Middleware\\SetSessionData->handle(Object(Illuminate\\Http\\Request), Object(Closure))
#15 D:\\PROYECTOS\\IMPORTACIONES RAMIREZ\\ERP-RAMIREZ\\app\\Http\\Middleware\\IsInstalled.php(50): Illuminate\\Pipeline\\Pipeline->Illuminate\\Pipeline\\{closure}(Object(Illuminate\\Http\\Request))
#16 D:\\PROYECTOS\\IMPORTACIONES RAMIREZ\\ERP-RAMIREZ\\vendor\\laravel\\framework\\src\\Illuminate\\Pipeline\\Pipeline.php(180): App\\Http\\Middleware\\IsInstalled->handle(Object(Illuminate\\Http\\Request), Object(Closure))
#17 D:\\PROYECTOS\\IMPORTACIONES RAMIREZ\\ERP-RAMIREZ\\vendor\\laravel\\framework\\src\\Illuminate\\Routing\\Middleware\\SubstituteBindings.php(50): Illuminate\\Pipeline\\Pipeline->Illuminate\\Pipeline\\{closure}(Object(Illuminate\\Http\\Request))
#18 D:\\PROYECTOS\\IMPORTACIONES RAMIREZ\\ERP-RAMIREZ\\vendor\\laravel\\framework\\src\\Illuminate\\Pipeline\\Pipeline.php(180): Illuminate\\Routing\\Middleware\\SubstituteBindings->handle(Object(Illuminate\\Http\\Request), Object(Closure))
#19 D:\\PROYECTOS\\IMPORTACIONES RAMIREZ\\ERP-RAMIREZ\\vendor\\laravel\\framework\\src\\Illuminate\\Auth\\Middleware\\Authenticate.php(44): Illuminate\\Pipeline\\Pipeline->Illuminate\\Pipeline\\{closure}(Object(Illuminate\\Http\\Request))
#20 D:\\PROYECTOS\\IMPORTACIONES RAMIREZ\\ERP-RAMIREZ\\vendor\\laravel\\framework\\src\\Illuminate\\Pipeline\\Pipeline.php(180): Illuminate\\Auth\\Middleware\\Authenticate->handle(Object(Illuminate\\Http\\Request), Object(Closure))
#21 D:\\PROYECTOS\\IMPORTACIONES RAMIREZ\\ERP-RAMIREZ\\vendor\\laravel\\framework\\src\\Illuminate\\Foundation\\Http\\Middleware\\VerifyCsrfToken.php(78): Illuminate\\Pipeline\\Pipeline->Illuminate\\Pipeline\\{closure}(Object(Illuminate\\Http\\Request))
#22 D:\\PROYECTOS\\IMPORTACIONES RAMIREZ\\ERP-RAMIREZ\\vendor\\laravel\\framework\\src\\Illuminate\\Pipeline\\Pipeline.php(180): Illuminate\\Foundation\\Http\\Middleware\\VerifyCsrfToken->handle(Object(Illuminate\\Http\\Request), Object(Closure))
#23 D:\\PROYECTOS\\IMPORTACIONES RAMIREZ\\ERP-RAMIREZ\\vendor\\laravel\\framework\\src\\Illuminate\\View\\Middleware\\ShareErrorsFromSession.php(49): Illuminate\\Pipeline\\Pipeline->Illuminate\\Pipeline\\{closure}(Object(Illuminate\\Http\\Request))
#24 D:\\PROYECTOS\\IMPORTACIONES RAMIREZ\\ERP-RAMIREZ\\vendor\\laravel\\framework\\src\\Illuminate\\Pipeline\\Pipeline.php(180): Illuminate\\View\\Middleware\\ShareErrorsFromSession->handle(Object(Illuminate\\Http\\Request), Object(Closure))
#25 D:\\PROYECTOS\\IMPORTACIONES RAMIREZ\\ERP-RAMIREZ\\vendor\\laravel\\framework\\src\\Illuminate\\Session\\Middleware\\StartSession.php(121): Illuminate\\Pipeline\\Pipeline->Illuminate\\Pipeline\\{closure}(Object(Illuminate\\Http\\Request))
#26 D:\\PROYECTOS\\IMPORTACIONES RAMIREZ\\ERP-RAMIREZ\\vendor\\laravel\\framework\\src\\Illuminate\\Session\\Middleware\\StartSession.php(64): Illuminate\\Session\\Middleware\\StartSession->handleStatefulRequest(Object(Illuminate\\Http\\Request), Object(Illuminate\\Session\\Store), Object(Closure))
#27 D:\\PROYECTOS\\IMPORTACIONES RAMIREZ\\ERP-RAMIREZ\\vendor\\laravel\\framework\\src\\Illuminate\\Pipeline\\Pipeline.php(180): Illuminate\\Session\\Middleware\\StartSession->handle(Object(Illuminate\\Http\\Request), Object(Closure))
#28 D:\\PROYECTOS\\IMPORTACIONES RAMIREZ\\ERP-RAMIREZ\\vendor\\laravel\\framework\\src\\Illuminate\\Cookie\\Middleware\\AddQueuedCookiesToResponse.php(37): Illuminate\\Pipeline\\Pipeline->Illuminate\\Pipeline\\{closure}(Object(Illuminate\\Http\\Request))
#29 D:\\PROYECTOS\\IMPORTACIONES RAMIREZ\\ERP-RAMIREZ\\vendor\\laravel\\framework\\src\\Illuminate\\Pipeline\\Pipeline.php(180): Illuminate\\Cookie\\Middleware\\AddQueuedCookiesToResponse->handle(Object(Illuminate\\Http\\Request), Object(Closure))
#30 D:\\PROYECTOS\\IMPORTACIONES RAMIREZ\\ERP-RAMIREZ\\vendor\\laravel\\framework\\src\\Illuminate\\Cookie\\Middleware\\EncryptCookies.php(67): Illuminate\\Pipeline\\Pipeline->Illuminate\\Pipeline\\{closure}(Object(Illuminate\\Http\\Request))
#31 D:\\PROYECTOS\\IMPORTACIONES RAMIREZ\\ERP-RAMIREZ\\vendor\\laravel\\framework\\src\\Illuminate\\Pipeline\\Pipeline.php(180): Illuminate\\Cookie\\Middleware\\EncryptCookies->handle(Object(Illuminate\\Http\\Request), Object(Closure))
#32 D:\\PROYECTOS\\IMPORTACIONES RAMIREZ\\ERP-RAMIREZ\\vendor\\laravel\\framework\\src\\Illuminate\\Pipeline\\Pipeline.php(116): Illuminate\\Pipeline\\Pipeline->Illuminate\\Pipeline\\{closure}(Object(Illuminate\\Http\\Request))
#33 D:\\PROYECTOS\\IMPORTACIONES RAMIREZ\\ERP-RAMIREZ\\vendor\\laravel\\framework\\src\\Illuminate\\Routing\\Router.php(797): Illuminate\\Pipeline\\Pipeline->then(Object(Closure))
#34 D:\\PROYECTOS\\IMPORTACIONES RAMIREZ\\ERP-RAMIREZ\\vendor\\laravel\\framework\\src\\Illuminate\\Routing\\Router.php(776): Illuminate\\Routing\\Router->runRouteWithinStack(Object(Illuminate\\Routing\\Route), Object(Illuminate\\Http\\Request))
#35 D:\\PROYECTOS\\IMPORTACIONES RAMIREZ\\ERP-RAMIREZ\\vendor\\laravel\\framework\\src\\Illuminate\\Routing\\Router.php(740): Illuminate\\Routing\\Router->runRoute(Object(Illuminate\\Http\\Request), Object(Illuminate\\Routing\\Route))
#36 D:\\PROYECTOS\\IMPORTACIONES RAMIREZ\\ERP-RAMIREZ\\vendor\\laravel\\framework\\src\\Illuminate\\Routing\\Router.php(729): Illuminate\\Routing\\Router->dispatchToRoute(Object(Illuminate\\Http\\Request))
#37 D:\\PROYECTOS\\IMPORTACIONES RAMIREZ\\ERP-RAMIREZ\\vendor\\laravel\\framework\\src\\Illuminate\\Foundation\\Http\\Kernel.php(190): Illuminate\\Routing\\Router->dispatch(Object(Illuminate\\Http\\Request))
#38 D:\\PROYECTOS\\IMPORTACIONES RAMIREZ\\ERP-RAMIREZ\\vendor\\laravel\\framework\\src\\Illuminate\\Pipeline\\Pipeline.php(141): Illuminate\\Foundation\\Http\\Kernel->Illuminate\\Foundation\\Http\\{closure}(Object(Illuminate\\Http\\Request))
#39 D:\\PROYECTOS\\IMPORTACIONES RAMIREZ\\ERP-RAMIREZ\\vendor\\barryvdh\\laravel-debugbar\\src\\Middleware\\InjectDebugbar.php(59): Illuminate\\Pipeline\\Pipeline->Illuminate\\Pipeline\\{closure}(Object(Illuminate\\Http\\Request))
#40 D:\\PROYECTOS\\IMPORTACIONES RAMIREZ\\ERP-RAMIREZ\\vendor\\laravel\\framework\\src\\Illuminate\\Pipeline\\Pipeline.php(180): Barryvdh\\Debugbar\\Middleware\\InjectDebugbar->handle(Object(Illuminate\\Http\\Request), Object(Closure))
#41 D:\\PROYECTOS\\IMPORTACIONES RAMIREZ\\ERP-RAMIREZ\\vendor\\laravel\\framework\\src\\Illuminate\\Foundation\\Http\\Middleware\\TransformsRequest.php(21): Illuminate\\Pipeline\\Pipeline->Illuminate\\Pipeline\\{closure}(Object(Illuminate\\Http\\Request))
#42 D:\\PROYECTOS\\IMPORTACIONES RAMIREZ\\ERP-RAMIREZ\\vendor\\laravel\\framework\\src\\Illuminate\\Foundation\\Http\\Middleware\\ConvertEmptyStringsToNull.php(31): Illuminate\\Foundation\\Http\\Middleware\\TransformsRequest->handle(Object(Illuminate\\Http\\Request), Object(Closure))
#43 D:\\PROYECTOS\\IMPORTACIONES RAMIREZ\\ERP-RAMIREZ\\vendor\\laravel\\framework\\src\\Illuminate\\Pipeline\\Pipeline.php(180): Illuminate\\Foundation\\Http\\Middleware\\ConvertEmptyStringsToNull->handle(Object(Illuminate\\Http\\Request), Object(Closure))
#44 D:\\PROYECTOS\\IMPORTACIONES RAMIREZ\\ERP-RAMIREZ\\vendor\\laravel\\framework\\src\\Illuminate\\Foundation\\Http\\Middleware\\TransformsRequest.php(21): Illuminate\\Pipeline\\Pipeline->Illuminate\\Pipeline\\{closure}(Object(Illuminate\\Http\\Request))
#45 D:\\PROYECTOS\\IMPORTACIONES RAMIREZ\\ERP-RAMIREZ\\vendor\\laravel\\framework\\src\\Illuminate\\Foundation\\Http\\Middleware\\TrimStrings.php(40): Illuminate\\Foundation\\Http\\Middleware\\TransformsRequest->handle(Object(Illuminate\\Http\\Request), Object(Closure))
#46 D:\\PROYECTOS\\IMPORTACIONES RAMIREZ\\ERP-RAMIREZ\\vendor\\laravel\\framework\\src\\Illuminate\\Pipeline\\Pipeline.php(180): Illuminate\\Foundation\\Http\\Middleware\\TrimStrings->handle(Object(Illuminate\\Http\\Request), Object(Closure))
#47 D:\\PROYECTOS\\IMPORTACIONES RAMIREZ\\ERP-RAMIREZ\\vendor\\laravel\\framework\\src\\Illuminate\\Foundation\\Http\\Middleware\\ValidatePostSize.php(27): Illuminate\\Pipeline\\Pipeline->Illuminate\\Pipeline\\{closure}(Object(Illuminate\\Http\\Request))
#48 D:\\PROYECTOS\\IMPORTACIONES RAMIREZ\\ERP-RAMIREZ\\vendor\\laravel\\framework\\src\\Illuminate\\Pipeline\\Pipeline.php(180): Illuminate\\Foundation\\Http\\Middleware\\ValidatePostSize->handle(Object(Illuminate\\Http\\Request), Object(Closure))
#49 D:\\PROYECTOS\\IMPORTACIONES RAMIREZ\\ERP-RAMIREZ\\vendor\\laravel\\framework\\src\\Illuminate\\Foundation\\Http\\Middleware\\PreventRequestsDuringMaintenance.php(86): Illuminate\\Pipeline\\Pipeline->Illuminate\\Pipeline\\{closure}(Object(Illuminate\\Http\\Request))
#50 D:\\PROYECTOS\\IMPORTACIONES RAMIREZ\\ERP-RAMIREZ\\vendor\\laravel\\framework\\src\\Illuminate\\Pipeline\\Pipeline.php(180): Illuminate\\Foundation\\Http\\Middleware\\PreventRequestsDuringMaintenance->handle(Object(Illuminate\\Http\\Request), Object(Closure))
#51 D:\\PROYECTOS\\IMPORTACIONES RAMIREZ\\ERP-RAMIREZ\\vendor\\laravel\\framework\\src\\Illuminate\\Http\\Middleware\\HandleCors.php(49): Illuminate\\Pipeline\\Pipeline->Illuminate\\Pipeline\\{closure}(Object(Illuminate\\Http\\Request))
#52 D:\\PROYECTOS\\IMPORTACIONES RAMIREZ\\ERP-RAMIREZ\\vendor\\laravel\\framework\\src\\Illuminate\\Pipeline\\Pipeline.php(180): Illuminate\\Http\\Middleware\\HandleCors->handle(Object(Illuminate\\Http\\Request), Object(Closure))
#53 D:\\PROYECTOS\\IMPORTACIONES RAMIREZ\\ERP-RAMIREZ\\vendor\\laravel\\framework\\src\\Illuminate\\Http\\Middleware\\TrustProxies.php(39): Illuminate\\Pipeline\\Pipeline->Illuminate\\Pipeline\\{closure}(Object(Illuminate\\Http\\Request))
#54 D:\\PROYECTOS\\IMPORTACIONES RAMIREZ\\ERP-RAMIREZ\\vendor\\laravel\\framework\\src\\Illuminate\\Pipeline\\Pipeline.php(180): Illuminate\\Http\\Middleware\\TrustProxies->handle(Object(Illuminate\\Http\\Request), Object(Closure))
#55 D:\\PROYECTOS\\IMPORTACIONES RAMIREZ\\ERP-RAMIREZ\\vendor\\laravel\\framework\\src\\Illuminate\\Pipeline\\Pipeline.php(116): Illuminate\\Pipeline\\Pipeline->Illuminate\\Pipeline\\{closure}(Object(Illuminate\\Http\\Request))
#56 D:\\PROYECTOS\\IMPORTACIONES RAMIREZ\\ERP-RAMIREZ\\vendor\\laravel\\framework\\src\\Illuminate\\Foundation\\Http\\Kernel.php(165): Illuminate\\Pipeline\\Pipeline->then(Object(Closure))
#57 D:\\PROYECTOS\\IMPORTACIONES RAMIREZ\\ERP-RAMIREZ\\vendor\\laravel\\framework\\src\\Illuminate\\Foundation\\Http\\Kernel.php(134): Illuminate\\Foundation\\Http\\Kernel->sendRequestThroughRouter(Object(Illuminate\\Http\\Request))
#58 D:\\PROYECTOS\\IMPORTACIONES RAMIREZ\\ERP-RAMIREZ\\public\\index.php(51): Illuminate\\Foundation\\Http\\Kernel->handle(Object(Illuminate\\Http\\Request))
#59 D:\\PROYECTOS\\IMPORTACIONES RAMIREZ\\ERP-RAMIREZ\\vendor\\laravel\\framework\\src\\Illuminate\\Foundation\\resources\\server.php(16): require_once('D:\\\\PROYECTOS\\\\IM...')
#60 {main}
"} 
[2026-07-02 15:08:50] local.ERROR: Action App\Http\Controllers\ImportacionMasivaController@index not defined. {"userId":1,"exception":"[object] (InvalidArgumentException(code: 0): Action App\\Http\\Controllers\\ImportacionMasivaController@index not defined. at D:\\PROYECTOS\\IMPORTACIONES RAMIREZ\\ERP-RAMIREZ\\vendor\\laravel\\framework\\src\\Illuminate\\Routing\\UrlGenerator.php:510)
[stacktrace]
#0 D:\\PROYECTOS\\IMPORTACIONES RAMIREZ\\ERP-RAMIREZ\\vendor\\laravel\\framework\\src\\Illuminate\\Foundation\\helpers.php(102): Illuminate\\Routing\\UrlGenerator->action('App\\\\Http\\\\Contro...', Array, true)
#1 D:\\PROYECTOS\\IMPORTACIONES RAMIREZ\\ERP-RAMIREZ\\app\\Http\\Middleware\\AdminSidebarMenu.php(317): action(Array)
#2 [internal function]: App\\Http\\Middleware\\AdminSidebarMenu->App\\Http\\Middleware\\{closure}(Object(Nwidart\\Menus\\MenuItem))
#3 D:\\PROYECTOS\\IMPORTACIONES RAMIREZ\\ERP-RAMIREZ\\vendor\\nwidart\\laravel-menus\\src\\MenuBuilder.php(363): call_user_func(Object(Closure), Object(Nwidart\\Menus\\MenuItem))
#4 D:\\PROYECTOS\\IMPORTACIONES RAMIREZ\\ERP-RAMIREZ\\app\\Http\\Middleware\\AdminSidebarMenu.php(257): Nwidart\\Menus\\MenuBuilder->dropdown('Compras', Object(Closure), Array)
#5 D:\\PROYECTOS\\IMPORTACIONES RAMIREZ\\ERP-RAMIREZ\\vendor\\nwidart\\laravel-menus\\src\\Menu.php(68): App\\Http\\Middleware\\AdminSidebarMenu->App\\Http\\Middleware\\{closure}(Object(Nwidart\\Menus\\MenuBuilder))
#6 D:\\PROYECTOS\\IMPORTACIONES RAMIREZ\\ERP-RAMIREZ\\vendor\\laravel\\framework\\src\\Illuminate\\Support\\Facades\\Facade.php(338): Nwidart\\Menus\\Menu->create('admin-sidebar-m...', Object(Closure))
#7 D:\\PROYECTOS\\IMPORTACIONES RAMIREZ\\ERP-RAMIREZ\\app\\Http\\Middleware\\AdminSidebarMenu.php(24): Illuminate\\Support\\Facades\\Facade::__callStatic('create', Array)
#8 D:\\PROYECTOS\\IMPORTACIONES RAMIREZ\\ERP-RAMIREZ\\vendor\\laravel\\framework\\src\\Illuminate\\Pipeline\\Pipeline.php(180): App\\Http\\Middleware\\AdminSidebarMenu->handle(Object(Illuminate\\Http\\Request), Object(Closure))
#9 D:\\PROYECTOS\\IMPORTACIONES RAMIREZ\\ERP-RAMIREZ\\app\\Http\\Middleware\\Timezone.php(30): Illuminate\\Pipeline\\Pipeline->Illuminate\\Pipeline\\{closure}(Object(Illuminate\\Http\\Request))
#10 D:\\PROYECTOS\\IMPORTACIONES RAMIREZ\\ERP-RAMIREZ\\vendor\\laravel\\framework\\src\\Illuminate\\Pipeline\\Pipeline.php(180): App\\Http\\Middleware\\Timezone->handle(Object(Illuminate\\Http\\Request), Object(Closure))
#11 D:\\PROYECTOS\\IMPORTACIONES RAMIREZ\\ERP-RAMIREZ\\app\\Http\\Middleware\\Language.php(25): Illuminate\\Pipeline\\Pipeline->Illuminate\\Pipeline\\{closure}(Object(Illuminate\\Http\\Request))
#12 D:\\PROYECTOS\\IMPORTACIONES RAMIREZ\\ERP-RAMIREZ\\vendor\\laravel\\framework\\src\\Illuminate\\Pipeline\\Pipeline.php(180): App\\Http\\Middleware\\Language->handle(Object(Illuminate\\Http\\Request), Object(Closure))
#13 D:\\PROYECTOS\\IMPORTACIONES RAMIREZ\\ERP-RAMIREZ\\app\\Http\\Middleware\\SetSessionData.php(52): Illuminate\\Pipeline\\Pipeline->Illuminate\\Pipeline\\{closure}(Object(Illuminate\\Http\\Request))
#14 D:\\PROYECTOS\\IMPORTACIONES RAMIREZ\\ERP-RAMIREZ\\vendor\\laravel\\framework\\src\\Illuminate\\Pipeline\\Pipeline.php(180): App\\Http\\Middleware\\SetSessionData->handle(Object(Illuminate\\Http\\Request), Object(Closure))
#15 D:\\PROYECTOS\\IMPORTACIONES RAMIREZ\\ERP-RAMIREZ\\app\\Http\\Middleware\\IsInstalled.php(50): Illuminate\\Pipeline\\Pipeline->Illuminate\\Pipeline\\{closure}(Object(Illuminate\\Http\\Request))
#16 D:\\PROYECTOS\\IMPORTACIONES RAMIREZ\\ERP-RAMIREZ\\vendor\\laravel\\framework\\src\\Illuminate\\Pipeline\\Pipeline.php(180): App\\Http\\Middleware\\IsInstalled->handle(Object(Illuminate\\Http\\Request), Object(Closure))
#17 D:\\PROYECTOS\\IMPORTACIONES RAMIREZ\\ERP-RAMIREZ\\vendor\\laravel\\framework\\src\\Illuminate\\Routing\\Middleware\\SubstituteBindings.php(50): Illuminate\\Pipeline\\Pipeline->Illuminate\\Pipeline\\{closure}(Object(Illuminate\\Http\\Request))
#18 D:\\PROYECTOS\\IMPORTACIONES RAMIREZ\\ERP-RAMIREZ\\vendor\\laravel\\framework\\src\\Illuminate\\Pipeline\\Pipeline.php(180): Illuminate\\Routing\\Middleware\\SubstituteBindings->handle(Object(Illuminate\\Http\\Request), Object(Closure))
#19 D:\\PROYECTOS\\IMPORTACIONES RAMIREZ\\ERP-RAMIREZ\\vendor\\laravel\\framework\\src\\Illuminate\\Auth\\Middleware\\Authenticate.php(44): Illuminate\\Pipeline\\Pipeline->Illuminate\\Pipeline\\{closure}(Object(Illuminate\\Http\\Request))
#20 D:\\PROYECTOS\\IMPORTACIONES RAMIREZ\\ERP-RAMIREZ\\vendor\\laravel\\framework\\src\\Illuminate\\Pipeline\\Pipeline.php(180): Illuminate\\Auth\\Middleware\\Authenticate->handle(Object(Illuminate\\Http\\Request), Object(Closure))
#21 D:\\PROYECTOS\\IMPORTACIONES RAMIREZ\\ERP-RAMIREZ\\vendor\\laravel\\framework\\src\\Illuminate\\Foundation\\Http\\Middleware\\VerifyCsrfToken.php(78): Illuminate\\Pipeline\\Pipeline->Illuminate\\Pipeline\\{closure}(Object(Illuminate\\Http\\Request))
#22 D:\\PROYECTOS\\IMPORTACIONES RAMIREZ\\ERP-RAMIREZ\\vendor\\laravel\\framework\\src\\Illuminate\\Pipeline\\Pipeline.php(180): Illuminate\\Foundation\\Http\\Middleware\\VerifyCsrfToken->handle(Object(Illuminate\\Http\\Request), Object(Closure))
#23 D:\\PROYECTOS\\IMPORTACIONES RAMIREZ\\ERP-RAMIREZ\\vendor\\laravel\\framework\\src\\Illuminate\\View\\Middleware\\ShareErrorsFromSession.php(49): Illuminate\\Pipeline\\Pipeline->Illuminate\\Pipeline\\{closure}(Object(Illuminate\\Http\\Request))
#24 D:\\PROYECTOS\\IMPORTACIONES RAMIREZ\\ERP-RAMIREZ\\vendor\\laravel\\framework\\src\\Illuminate\\Pipeline\\Pipeline.php(180): Illuminate\\View\\Middleware\\ShareErrorsFromSession->handle(Object(Illuminate\\Http\\Request), Object(Closure))
#25 D:\\PROYECTOS\\IMPORTACIONES RAMIREZ\\ERP-RAMIREZ\\vendor\\laravel\\framework\\src\\Illuminate\\Session\\Middleware\\StartSession.php(121): Illuminate\\Pipeline\\Pipeline->Illuminate\\Pipeline\\{closure}(Object(Illuminate\\Http\\Request))
#26 D:\\PROYECTOS\\IMPORTACIONES RAMIREZ\\ERP-RAMIREZ\\vendor\\laravel\\framework\\src\\Illuminate\\Session\\Middleware\\StartSession.php(64): Illuminate\\Session\\Middleware\\StartSession->handleStatefulRequest(Object(Illuminate\\Http\\Request), Object(Illuminate\\Session\\Store), Object(Closure))
#27 D:\\PROYECTOS\\IMPORTACIONES RAMIREZ\\ERP-RAMIREZ\\vendor\\laravel\\framework\\src\\Illuminate\\Pipeline\\Pipeline.php(180): Illuminate\\Session\\Middleware\\StartSession->handle(Object(Illuminate\\Http\\Request), Object(Closure))
#28 D:\\PROYECTOS\\IMPORTACIONES RAMIREZ\\ERP-RAMIREZ\\vendor\\laravel\\framework\\src\\Illuminate\\Cookie\\Middleware\\AddQueuedCookiesToResponse.php(37): Illuminate\\Pipeline\\Pipeline->Illuminate\\Pipeline\\{closure}(Object(Illuminate\\Http\\Request))
#29 D:\\PROYECTOS\\IMPORTACIONES RAMIREZ\\ERP-RAMIREZ\\vendor\\laravel\\framework\\src\\Illuminate\\Pipeline\\Pipeline.php(180): Illuminate\\Cookie\\Middleware\\AddQueuedCookiesToResponse->handle(Object(Illuminate\\Http\\Request), Object(Closure))
#30 D:\\PROYECTOS\\IMPORTACIONES RAMIREZ\\ERP-RAMIREZ\\vendor\\laravel\\framework\\src\\Illuminate\\Cookie\\Middleware\\EncryptCookies.php(67): Illuminate\\Pipeline\\Pipeline->Illuminate\\Pipeline\\{closure}(Object(Illuminate\\Http\\Request))
#31 D:\\PROYECTOS\\IMPORTACIONES RAMIREZ\\ERP-RAMIREZ\\vendor\\laravel\\framework\\src\\Illuminate\\Pipeline\\Pipeline.php(180): Illuminate\\Cookie\\Middleware\\EncryptCookies->handle(Object(Illuminate\\Http\\Request), Object(Closure))
#32 D:\\PROYECTOS\\IMPORTACIONES RAMIREZ\\ERP-RAMIREZ\\vendor\\laravel\\framework\\src\\Illuminate\\Pipeline\\Pipeline.php(116): Illuminate\\Pipeline\\Pipeline->Illuminate\\Pipeline\\{closure}(Object(Illuminate\\Http\\Request))
#33 D:\\PROYECTOS\\IMPORTACIONES RAMIREZ\\ERP-RAMIREZ\\vendor\\laravel\\framework\\src\\Illuminate\\Routing\\Router.php(797): Illuminate\\Pipeline\\Pipeline->then(Object(Closure))
#34 D:\\PROYECTOS\\IMPORTACIONES RAMIREZ\\ERP-RAMIREZ\\vendor\\laravel\\framework\\src\\Illuminate\\Routing\\Router.php(776): Illuminate\\Routing\\Router->runRouteWithinStack(Object(Illuminate\\Routing\\Route), Object(Illuminate\\Http\\Request))
#35 D:\\PROYECTOS\\IMPORTACIONES RAMIREZ\\ERP-RAMIREZ\\vendor\\laravel\\framework\\src\\Illuminate\\Routing\\Router.php(740): Illuminate\\Routing\\Router->runRoute(Object(Illuminate\\Http\\Request), Object(Illuminate\\Routing\\Route))
#36 D:\\PROYECTOS\\IMPORTACIONES RAMIREZ\\ERP-RAMIREZ\\vendor\\laravel\\framework\\src\\Illuminate\\Routing\\Router.php(729): Illuminate\\Routing\\Router->dispatchToRoute(Object(Illuminate\\Http\\Request))
#37 D:\\PROYECTOS\\IMPORTACIONES RAMIREZ\\ERP-RAMIREZ\\vendor\\laravel\\framework\\src\\Illuminate\\Foundation\\Http\\Kernel.php(190): Illuminate\\Routing\\Router->dispatch(Object(Illuminate\\Http\\Request))
#38 D:\\PROYECTOS\\IMPORTACIONES RAMIREZ\\ERP-RAMIREZ\\vendor\\laravel\\framework\\src\\Illuminate\\Pipeline\\Pipeline.php(141): Illuminate\\Foundation\\Http\\Kernel->Illuminate\\Foundation\\Http\\{closure}(Object(Illuminate\\Http\\Request))
#39 D:\\PROYECTOS\\IMPORTACIONES RAMIREZ\\ERP-RAMIREZ\\vendor\\barryvdh\\laravel-debugbar\\src\\Middleware\\InjectDebugbar.php(59): Illuminate\\Pipeline\\Pipeline->Illuminate\\Pipeline\\{closure}(Object(Illuminate\\Http\\Request))
#40 D:\\PROYECTOS\\IMPORTACIONES RAMIREZ\\ERP-RAMIREZ\\vendor\\laravel\\framework\\src\\Illuminate\\Pipeline\\Pipeline.php(180): Barryvdh\\Debugbar\\Middleware\\InjectDebugbar->handle(Object(Illuminate\\Http\\Request), Object(Closure))
#41 D:\\PROYECTOS\\IMPORTACIONES RAMIREZ\\ERP-RAMIREZ\\vendor\\laravel\\framework\\src\\Illuminate\\Foundation\\Http\\Middleware\\TransformsRequest.php(21): Illuminate\\Pipeline\\Pipeline->Illuminate\\Pipeline\\{closure}(Object(Illuminate\\Http\\Request))
#42 D:\\PROYECTOS\\IMPORTACIONES RAMIREZ\\ERP-RAMIREZ\\vendor\\laravel\\framework\\src\\Illuminate\\Foundation\\Http\\Middleware\\ConvertEmptyStringsToNull.php(31): Illuminate\\Foundation\\Http\\Middleware\\TransformsRequest->handle(Object(Illuminate\\Http\\Request), Object(Closure))
#43 D:\\PROYECTOS\\IMPORTACIONES RAMIREZ\\ERP-RAMIREZ\\vendor\\laravel\\framework\\src\\Illuminate\\Pipeline\\Pipeline.php(180): Illuminate\\Foundation\\Http\\Middleware\\ConvertEmptyStringsToNull->handle(Object(Illuminate\\Http\\Request), Object(Closure))
#44 D:\\PROYECTOS\\IMPORTACIONES RAMIREZ\\ERP-RAMIREZ\\vendor\\laravel\\framework\\src\\Illuminate\\Foundation\\Http\\Middleware\\TransformsRequest.php(21): Illuminate\\Pipeline\\Pipeline->Illuminate\\Pipeline\\{closure}(Object(Illuminate\\Http\\Request))
#45 D:\\PROYECTOS\\IMPORTACIONES RAMIREZ\\ERP-RAMIREZ\\vendor\\laravel\\framework\\src\\Illuminate\\Foundation\\Http\\Middleware\\TrimStrings.php(40): Illuminate\\Foundation\\Http\\Middleware\\TransformsRequest->handle(Object(Illuminate\\Http\\Request), Object(Closure))
#46 D:\\PROYECTOS\\IMPORTACIONES RAMIREZ\\ERP-RAMIREZ\\vendor\\laravel\\framework\\src\\Illuminate\\Pipeline\\Pipeline.php(180): Illuminate\\Foundation\\Http\\Middleware\\TrimStrings->handle(Object(Illuminate\\Http\\Request), Object(Closure))
#47 D:\\PROYECTOS\\IMPORTACIONES RAMIREZ\\ERP-RAMIREZ\\vendor\\laravel\\framework\\src\\Illuminate\\Foundation\\Http\\Middleware\\ValidatePostSize.php(27): Illuminate\\Pipeline\\Pipeline->Illuminate\\Pipeline\\{closure}(Object(Illuminate\\Http\\Request))
#48 D:\\PROYECTOS\\IMPORTACIONES RAMIREZ\\ERP-RAMIREZ\\vendor\\laravel\\framework\\src\\Illuminate\\Pipeline\\Pipeline.php(180): Illuminate\\Foundation\\Http\\Middleware\\ValidatePostSize->handle(Object(Illuminate\\Http\\Request), Object(Closure))
#49 D:\\PROYECTOS\\IMPORTACIONES RAMIREZ\\ERP-RAMIREZ\\vendor\\laravel\\framework\\src\\Illuminate\\Foundation\\Http\\Middleware\\PreventRequestsDuringMaintenance.php(86): Illuminate\\Pipeline\\Pipeline->Illuminate\\Pipeline\\{closure}(Object(Illuminate\\Http\\Request))
#50 D:\\PROYECTOS\\IMPORTACIONES RAMIREZ\\ERP-RAMIREZ\\vendor\\laravel\\framework\\src\\Illuminate\\Pipeline\\Pipeline.php(180): Illuminate\\Foundation\\Http\\Middleware\\PreventRequestsDuringMaintenance->handle(Object(Illuminate\\Http\\Request), Object(Closure))
#51 D:\\PROYECTOS\\IMPORTACIONES RAMIREZ\\ERP-RAMIREZ\\vendor\\laravel\\framework\\src\\Illuminate\\Http\\Middleware\\HandleCors.php(49): Illuminate\\Pipeline\\Pipeline->Illuminate\\Pipeline\\{closure}(Object(Illuminate\\Http\\Request))
#52 D:\\PROYECTOS\\IMPORTACIONES RAMIREZ\\ERP-RAMIREZ\\vendor\\laravel\\framework\\src\\Illuminate\\Pipeline\\Pipeline.php(180): Illuminate\\Http\\Middleware\\HandleCors->handle(Object(Illuminate\\Http\\Request), Object(Closure))
#53 D:\\PROYECTOS\\IMPORTACIONES RAMIREZ\\ERP-RAMIREZ\\vendor\\laravel\\framework\\src\\Illuminate\\Http\\Middleware\\TrustProxies.php(39): Illuminate\\Pipeline\\Pipeline->Illuminate\\Pipeline\\{closure}(Object(Illuminate\\Http\\Request))
#54 D:\\PROYECTOS\\IMPORTACIONES RAMIREZ\\ERP-RAMIREZ\\vendor\\laravel\\framework\\src\\Illuminate\\Pipeline\\Pipeline.php(180): Illuminate\\Http\\Middleware\\TrustProxies->handle(Object(Illuminate\\Http\\Request), Object(Closure))
#55 D:\\PROYECTOS\\IMPORTACIONES RAMIREZ\\ERP-RAMIREZ\\vendor\\laravel\\framework\\src\\Illuminate\\Pipeline\\Pipeline.php(116): Illuminate\\Pipeline\\Pipeline->Illuminate\\Pipeline\\{closure}(Object(Illuminate\\Http\\Request))
#56 D:\\PROYECTOS\\IMPORTACIONES RAMIREZ\\ERP-RAMIREZ\\vendor\\laravel\\framework\\src\\Illuminate\\Foundation\\Http\\Kernel.php(165): Illuminate\\Pipeline\\Pipeline->then(Object(Closure))
#57 D:\\PROYECTOS\\IMPORTACIONES RAMIREZ\\ERP-RAMIREZ\\vendor\\laravel\\framework\\src\\Illuminate\\Foundation\\Http\\Kernel.php(134): Illuminate\\Foundation\\Http\\Kernel->sendRequestThroughRouter(Object(Illuminate\\Http\\Request))
#58 D:\\PROYECTOS\\IMPORTACIONES RAMIREZ\\ERP-RAMIREZ\\public\\index.php(51): Illuminate\\Foundation\\Http\\Kernel->handle(Object(Illuminate\\Http\\Request))
#59 D:\\PROYECTOS\\IMPORTACIONES RAMIREZ\\ERP-RAMIREZ\\vendor\\laravel\\framework\\src\\Illuminate\\Foundation\\resources\\server.php(16): require_once('D:\\\\PROYECTOS\\\\IM...')
#60 {main}
"} 
[2026-07-02 15:13:03] local.ERROR: Action App\Http\Controllers\PurchaseController@historial not defined. {"userId":1,"exception":"[object] (InvalidArgumentException(code: 0): Action App\\Http\\Controllers\\PurchaseController@historial not defined. at D:\\PROYECTOS\\IMPORTACIONES RAMIREZ\\ERP-RAMIREZ\\vendor\\laravel\\framework\\src\\Illuminate\\Routing\\UrlGenerator.php:510)
[stacktrace]
#0 D:\\PROYECTOS\\IMPORTACIONES RAMIREZ\\ERP-RAMIREZ\\vendor\\laravel\\framework\\src\\Illuminate\\Foundation\\helpers.php(102): Illuminate\\Routing\\UrlGenerator->action('App\\\\Http\\\\Contro...', Array, true)
#1 D:\\PROYECTOS\\IMPORTACIONES RAMIREZ\\ERP-RAMIREZ\\app\\Http\\Middleware\\AdminSidebarMenu.php(317): action(Array)
#2 [internal function]: App\\Http\\Middleware\\AdminSidebarMenu->App\\Http\\Middleware\\{closure}(Object(Nwidart\\Menus\\MenuItem))
#3 D:\\PROYECTOS\\IMPORTACIONES RAMIREZ\\ERP-RAMIREZ\\vendor\\nwidart\\laravel-menus\\src\\MenuBuilder.php(363): call_user_func(Object(Closure), Object(Nwidart\\Menus\\MenuItem))
#4 D:\\PROYECTOS\\IMPORTACIONES RAMIREZ\\ERP-RAMIREZ\\app\\Http\\Middleware\\AdminSidebarMenu.php(257): Nwidart\\Menus\\MenuBuilder->dropdown('Compras', Object(Closure), Array)
#5 D:\\PROYECTOS\\IMPORTACIONES RAMIREZ\\ERP-RAMIREZ\\vendor\\nwidart\\laravel-menus\\src\\Menu.php(68): App\\Http\\Middleware\\AdminSidebarMenu->App\\Http\\Middleware\\{closure}(Object(Nwidart\\Menus\\MenuBuilder))
#6 D:\\PROYECTOS\\IMPORTACIONES RAMIREZ\\ERP-RAMIREZ\\vendor\\laravel\\framework\\src\\Illuminate\\Support\\Facades\\Facade.php(338): Nwidart\\Menus\\Menu->create('admin-sidebar-m...', Object(Closure))
#7 D:\\PROYECTOS\\IMPORTACIONES RAMIREZ\\ERP-RAMIREZ\\app\\Http\\Middleware\\AdminSidebarMenu.php(24): Illuminate\\Support\\Facades\\Facade::__callStatic('create', Array)
#8 D:\\PROYECTOS\\IMPORTACIONES RAMIREZ\\ERP-RAMIREZ\\vendor\\laravel\\framework\\src\\Illuminate\\Pipeline\\Pipeline.php(180): App\\Http\\Middleware\\AdminSidebarMenu->handle(Object(Illuminate\\Http\\Request), Object(Closure))
#9 D:\\PROYECTOS\\IMPORTACIONES RAMIREZ\\ERP-RAMIREZ\\app\\Http\\Middleware\\Timezone.php(30): Illuminate\\Pipeline\\Pipeline->Illuminate\\Pipeline\\{closure}(Object(Illuminate\\Http\\Request))
#10 D:\\PROYECTOS\\IMPORTACIONES RAMIREZ\\ERP-RAMIREZ\\vendor\\laravel\\framework\\src\\Illuminate\\Pipeline\\Pipeline.php(180): App\\Http\\Middleware\\Timezone->handle(Object(Illuminate\\Http\\Request), Object(Closure))
#11 D:\\PROYECTOS\\IMPORTACIONES RAMIREZ\\ERP-RAMIREZ\\app\\Http\\Middleware\\Language.php(25): Illuminate\\Pipeline\\Pipeline->Illuminate\\Pipeline\\{closure}(Object(Illuminate\\Http\\Request))
#12 D:\\PROYECTOS\\IMPORTACIONES RAMIREZ\\ERP-RAMIREZ\\vendor\\laravel\\framework\\src\\Illuminate\\Pipeline\\Pipeline.php(180): App\\Http\\Middleware\\Language->handle(Object(Illuminate\\Http\\Request), Object(Closure))
#13 D:\\PROYECTOS\\IMPORTACIONES RAMIREZ\\ERP-RAMIREZ\\app\\Http\\Middleware\\SetSessionData.php(52): Illuminate\\Pipeline\\Pipeline->Illuminate\\Pipeline\\{closure}(Object(Illuminate\\Http\\Request))
#14 D:\\PROYECTOS\\IMPORTACIONES RAMIREZ\\ERP-RAMIREZ\\vendor\\laravel\\framework\\src\\Illuminate\\Pipeline\\Pipeline.php(180): App\\Http\\Middleware\\SetSessionData->handle(Object(Illuminate\\Http\\Request), Object(Closure))
#15 D:\\PROYECTOS\\IMPORTACIONES RAMIREZ\\ERP-RAMIREZ\\app\\Http\\Middleware\\IsInstalled.php(50): Illuminate\\Pipeline\\Pipeline->Illuminate\\Pipeline\\{closure}(Object(Illuminate\\Http\\Request))
#16 D:\\PROYECTOS\\IMPORTACIONES RAMIREZ\\ERP-RAMIREZ\\vendor\\laravel\\framework\\src\\Illuminate\\Pipeline\\Pipeline.php(180): App\\Http\\Middleware\\IsInstalled->handle(Object(Illuminate\\Http\\Request), Object(Closure))
#17 D:\\PROYECTOS\\IMPORTACIONES RAMIREZ\\ERP-RAMIREZ\\vendor\\laravel\\framework\\src\\Illuminate\\Routing\\Middleware\\SubstituteBindings.php(50): Illuminate\\Pipeline\\Pipeline->Illuminate\\Pipeline\\{closure}(Object(Illuminate\\Http\\Request))
#18 D:\\PROYECTOS\\IMPORTACIONES RAMIREZ\\ERP-RAMIREZ\\vendor\\laravel\\framework\\src\\Illuminate\\Pipeline\\Pipeline.php(180): Illuminate\\Routing\\Middleware\\SubstituteBindings->handle(Object(Illuminate\\Http\\Request), Object(Closure))
#19 D:\\PROYECTOS\\IMPORTACIONES RAMIREZ\\ERP-RAMIREZ\\vendor\\laravel\\framework\\src\\Illuminate\\Auth\\Middleware\\Authenticate.php(44): Illuminate\\Pipeline\\Pipeline->Illuminate\\Pipeline\\{closure}(Object(Illuminate\\Http\\Request))
#20 D:\\PROYECTOS\\IMPORTACIONES RAMIREZ\\ERP-RAMIREZ\\vendor\\laravel\\framework\\src\\Illuminate\\Pipeline\\Pipeline.php(180): Illuminate\\Auth\\Middleware\\Authenticate->handle(Object(Illuminate\\Http\\Request), Object(Closure))
#21 D:\\PROYECTOS\\IMPORTACIONES RAMIREZ\\ERP-RAMIREZ\\vendor\\laravel\\framework\\src\\Illuminate\\Foundation\\Http\\Middleware\\VerifyCsrfToken.php(78): Illuminate\\Pipeline\\Pipeline->Illuminate\\Pipeline\\{closure}(Object(Illuminate\\Http\\Request))
#22 D:\\PROYECTOS\\IMPORTACIONES RAMIREZ\\ERP-RAMIREZ\\vendor\\laravel\\framework\\src\\Illuminate\\Pipeline\\Pipeline.php(180): Illuminate\\Foundation\\Http\\Middleware\\VerifyCsrfToken->handle(Object(Illuminate\\Http\\Request), Object(Closure))
#23 D:\\PROYECTOS\\IMPORTACIONES RAMIREZ\\ERP-RAMIREZ\\vendor\\laravel\\framework\\src\\Illuminate\\View\\Middleware\\ShareErrorsFromSession.php(49): Illuminate\\Pipeline\\Pipeline->Illuminate\\Pipeline\\{closure}(Object(Illuminate\\Http\\Request))
#24 D:\\PROYECTOS\\IMPORTACIONES RAMIREZ\\ERP-RAMIREZ\\vendor\\laravel\\framework\\src\\Illuminate\\Pipeline\\Pipeline.php(180): Illuminate\\View\\Middleware\\ShareErrorsFromSession->handle(Object(Illuminate\\Http\\Request), Object(Closure))
#25 D:\\PROYECTOS\\IMPORTACIONES RAMIREZ\\ERP-RAMIREZ\\vendor\\laravel\\framework\\src\\Illuminate\\Session\\Middleware\\StartSession.php(121): Illuminate\\Pipeline\\Pipeline->Illuminate\\Pipeline\\{closure}(Object(Illuminate\\Http\\Request))
#26 D:\\PROYECTOS\\IMPORTACIONES RAMIREZ\\ERP-RAMIREZ\\vendor\\laravel\\framework\\src\\Illuminate\\Session\\Middleware\\StartSession.php(64): Illuminate\\Session\\Middleware\\StartSession->handleStatefulRequest(Object(Illuminate\\Http\\Request), Object(Illuminate\\Session\\Store), Object(Closure))
#27 D:\\PROYECTOS\\IMPORTACIONES RAMIREZ\\ERP-RAMIREZ\\vendor\\laravel\\framework\\src\\Illuminate\\Pipeline\\Pipeline.php(180): Illuminate\\Session\\Middleware\\StartSession->handle(Object(Illuminate\\Http\\Request), Object(Closure))
#28 D:\\PROYECTOS\\IMPORTACIONES RAMIREZ\\ERP-RAMIREZ\\vendor\\laravel\\framework\\src\\Illuminate\\Cookie\\Middleware\\AddQueuedCookiesToResponse.php(37): Illuminate\\Pipeline\\Pipeline->Illuminate\\Pipeline\\{closure}(Object(Illuminate\\Http\\Request))
#29 D:\\PROYECTOS\\IMPORTACIONES RAMIREZ\\ERP-RAMIREZ\\vendor\\laravel\\framework\\src\\Illuminate\\Pipeline\\Pipeline.php(180): Illuminate\\Cookie\\Middleware\\AddQueuedCookiesToResponse->handle(Object(Illuminate\\Http\\Request), Object(Closure))
#30 D:\\PROYECTOS\\IMPORTACIONES RAMIREZ\\ERP-RAMIREZ\\vendor\\laravel\\framework\\src\\Illuminate\\Cookie\\Middleware\\EncryptCookies.php(67): Illuminate\\Pipeline\\Pipeline->Illuminate\\Pipeline\\{closure}(Object(Illuminate\\Http\\Request))
#31 D:\\PROYECTOS\\IMPORTACIONES RAMIREZ\\ERP-RAMIREZ\\vendor\\laravel\\framework\\src\\Illuminate\\Pipeline\\Pipeline.php(180): Illuminate\\Cookie\\Middleware\\EncryptCookies->handle(Object(Illuminate\\Http\\Request), Object(Closure))
#32 D:\\PROYECTOS\\IMPORTACIONES RAMIREZ\\ERP-RAMIREZ\\vendor\\laravel\\framework\\src\\Illuminate\\Pipeline\\Pipeline.php(116): Illuminate\\Pipeline\\Pipeline->Illuminate\\Pipeline\\{closure}(Object(Illuminate\\Http\\Request))
#33 D:\\PROYECTOS\\IMPORTACIONES RAMIREZ\\ERP-RAMIREZ\\vendor\\laravel\\framework\\src\\Illuminate\\Routing\\Router.php(797): Illuminate\\Pipeline\\Pipeline->then(Object(Closure))
#34 D:\\PROYECTOS\\IMPORTACIONES RAMIREZ\\ERP-RAMIREZ\\vendor\\laravel\\framework\\src\\Illuminate\\Routing\\Router.php(776): Illuminate\\Routing\\Router->runRouteWithinStack(Object(Illuminate\\Routing\\Route), Object(Illuminate\\Http\\Request))
#35 D:\\PROYECTOS\\IMPORTACIONES RAMIREZ\\ERP-RAMIREZ\\vendor\\laravel\\framework\\src\\Illuminate\\Routing\\Router.php(740): Illuminate\\Routing\\Router->runRoute(Object(Illuminate\\Http\\Request), Object(Illuminate\\Routing\\Route))
#36 D:\\PROYECTOS\\IMPORTACIONES RAMIREZ\\ERP-RAMIREZ\\vendor\\laravel\\framework\\src\\Illuminate\\Routing\\Router.php(729): Illuminate\\Routing\\Router->dispatchToRoute(Object(Illuminate\\Http\\Request))
#37 D:\\PROYECTOS\\IMPORTACIONES RAMIREZ\\ERP-RAMIREZ\\vendor\\laravel\\framework\\src\\Illuminate\\Foundation\\Http\\Kernel.php(190): Illuminate\\Routing\\Router->dispatch(Object(Illuminate\\Http\\Request))
#38 D:\\PROYECTOS\\IMPORTACIONES RAMIREZ\\ERP-RAMIREZ\\vendor\\laravel\\framework\\src\\Illuminate\\Pipeline\\Pipeline.php(141): Illuminate\\Foundation\\Http\\Kernel->Illuminate\\Foundation\\Http\\{closure}(Object(Illuminate\\Http\\Request))
#39 D:\\PROYECTOS\\IMPORTACIONES RAMIREZ\\ERP-RAMIREZ\\vendor\\barryvdh\\laravel-debugbar\\src\\Middleware\\InjectDebugbar.php(59): Illuminate\\Pipeline\\Pipeline->Illuminate\\Pipeline\\{closure}(Object(Illuminate\\Http\\Request))
#40 D:\\PROYECTOS\\IMPORTACIONES RAMIREZ\\ERP-RAMIREZ\\vendor\\laravel\\framework\\src\\Illuminate\\Pipeline\\Pipeline.php(180): Barryvdh\\Debugbar\\Middleware\\InjectDebugbar->handle(Object(Illuminate\\Http\\Request), Object(Closure))
#41 D:\\PROYECTOS\\IMPORTACIONES RAMIREZ\\ERP-RAMIREZ\\vendor\\laravel\\framework\\src\\Illuminate\\Foundation\\Http\\Middleware\\TransformsRequest.php(21): Illuminate\\Pipeline\\Pipeline->Illuminate\\Pipeline\\{closure}(Object(Illuminate\\Http\\Request))
#42 D:\\PROYECTOS\\IMPORTACIONES RAMIREZ\\ERP-RAMIREZ\\vendor\\laravel\\framework\\src\\Illuminate\\Foundation\\Http\\Middleware\\ConvertEmptyStringsToNull.php(31): Illuminate\\Foundation\\Http\\Middleware\\TransformsRequest->handle(Object(Illuminate\\Http\\Request), Object(Closure))
#43 D:\\PROYECTOS\\IMPORTACIONES RAMIREZ\\ERP-RAMIREZ\\vendor\\laravel\\framework\\src\\Illuminate\\Pipeline\\Pipeline.php(180): Illuminate\\Foundation\\Http\\Middleware\\ConvertEmptyStringsToNull->handle(Object(Illuminate\\Http\\Request), Object(Closure))
#44 D:\\PROYECTOS\\IMPORTACIONES RAMIREZ\\ERP-RAMIREZ\\vendor\\laravel\\framework\\src\\Illuminate\\Foundation\\Http\\Middleware\\TransformsRequest.php(21): Illuminate\\Pipeline\\Pipeline->Illuminate\\Pipeline\\{closure}(Object(Illuminate\\Http\\Request))
#45 D:\\PROYECTOS\\IMPORTACIONES RAMIREZ\\ERP-RAMIREZ\\vendor\\laravel\\framework\\src\\Illuminate\\Foundation\\Http\\Middleware\\TrimStrings.php(40): Illuminate\\Foundation\\Http\\Middleware\\TransformsRequest->handle(Object(Illuminate\\Http\\Request), Object(Closure))
#46 D:\\PROYECTOS\\IMPORTACIONES RAMIREZ\\ERP-RAMIREZ\\vendor\\laravel\\framework\\src\\Illuminate\\Pipeline\\Pipeline.php(180): Illuminate\\Foundation\\Http\\Middleware\\TrimStrings->handle(Object(Illuminate\\Http\\Request), Object(Closure))
#47 D:\\PROYECTOS\\IMPORTACIONES RAMIREZ\\ERP-RAMIREZ\\vendor\\laravel\\framework\\src\\Illuminate\\Foundation\\Http\\Middleware\\ValidatePostSize.php(27): Illuminate\\Pipeline\\Pipeline->Illuminate\\Pipeline\\{closure}(Object(Illuminate\\Http\\Request))
#48 D:\\PROYECTOS\\IMPORTACIONES RAMIREZ\\ERP-RAMIREZ\\vendor\\laravel\\framework\\src\\Illuminate\\Pipeline\\Pipeline.php(180): Illuminate\\Foundation\\Http\\Middleware\\ValidatePostSize->handle(Object(Illuminate\\Http\\Request), Object(Closure))
#49 D:\\PROYECTOS\\IMPORTACIONES RAMIREZ\\ERP-RAMIREZ\\vendor\\laravel\\framework\\src\\Illuminate\\Foundation\\Http\\Middleware\\PreventRequestsDuringMaintenance.php(86): Illuminate\\Pipeline\\Pipeline->Illuminate\\Pipeline\\{closure}(Object(Illuminate\\Http\\Request))
#50 D:\\PROYECTOS\\IMPORTACIONES RAMIREZ\\ERP-RAMIREZ\\vendor\\laravel\\framework\\src\\Illuminate\\Pipeline\\Pipeline.php(180): Illuminate\\Foundation\\Http\\Middleware\\PreventRequestsDuringMaintenance->handle(Object(Illuminate\\Http\\Request), Object(Closure))
#51 D:\\PROYECTOS\\IMPORTACIONES RAMIREZ\\ERP-RAMIREZ\\vendor\\laravel\\framework\\src\\Illuminate\\Http\\Middleware\\HandleCors.php(49): Illuminate\\Pipeline\\Pipeline->Illuminate\\Pipeline\\{closure}(Object(Illuminate\\Http\\Request))
#52 D:\\PROYECTOS\\IMPORTACIONES RAMIREZ\\ERP-RAMIREZ\\vendor\\laravel\\framework\\src\\Illuminate\\Pipeline\\Pipeline.php(180): Illuminate\\Http\\Middleware\\HandleCors->handle(Object(Illuminate\\Http\\Request), Object(Closure))
#53 D:\\PROYECTOS\\IMPORTACIONES RAMIREZ\\ERP-RAMIREZ\\vendor\\laravel\\framework\\src\\Illuminate\\Http\\Middleware\\TrustProxies.php(39): Illuminate\\Pipeline\\Pipeline->Illuminate\\Pipeline\\{closure}(Object(Illuminate\\Http\\Request))
#54 D:\\PROYECTOS\\IMPORTACIONES RAMIREZ\\ERP-RAMIREZ\\vendor\\laravel\\framework\\src\\Illuminate\\Pipeline\\Pipeline.php(180): Illuminate\\Http\\Middleware\\TrustProxies->handle(Object(Illuminate\\Http\\Request), Object(Closure))
#55 D:\\PROYECTOS\\IMPORTACIONES RAMIREZ\\ERP-RAMIREZ\\vendor\\laravel\\framework\\src\\Illuminate\\Pipeline\\Pipeline.php(116): Illuminate\\Pipeline\\Pipeline->Illuminate\\Pipeline\\{closure}(Object(Illuminate\\Http\\Request))
#56 D:\\PROYECTOS\\IMPORTACIONES RAMIREZ\\ERP-RAMIREZ\\vendor\\laravel\\framework\\src\\Illuminate\\Foundation\\Http\\Kernel.php(165): Illuminate\\Pipeline\\Pipeline->then(Object(Closure))
#57 D:\\PROYECTOS\\IMPORTACIONES RAMIREZ\\ERP-RAMIREZ\\vendor\\laravel\\framework\\src\\Illuminate\\Foundation\\Http\\Kernel.php(134): Illuminate\\Foundation\\Http\\Kernel->sendRequestThroughRouter(Object(Illuminate\\Http\\Request))
#58 D:\\PROYECTOS\\IMPORTACIONES RAMIREZ\\ERP-RAMIREZ\\public\\index.php(51): Illuminate\\Foundation\\Http\\Kernel->handle(Object(Illuminate\\Http\\Request))
#59 D:\\PROYECTOS\\IMPORTACIONES RAMIREZ\\ERP-RAMIREZ\\vendor\\laravel\\framework\\src\\Illuminate\\Foundation\\resources\\server.php(16): require_once('D:\\\\PROYECTOS\\\\IM...')
#60 {main}
"} 
[2026-07-02 15:15:36] local.ERROR: Class "App\Http\Controllers\DB" not found {"userId":1,"exception":"[object] (Error(code: 0): Class \"App\\Http\\Controllers\\DB\" not found at D:\\PROYECTOS\\IMPORTACIONES RAMIREZ\\ERP-RAMIREZ\\app\\Http\\Controllers\\ImportacionMasivaController.php:16)
[stacktrace]
#0 D:\\PROYECTOS\\IMPORTACIONES RAMIREZ\\ERP-RAMIREZ\\vendor\\laravel\\framework\\src\\Illuminate\\Routing\\Controller.php(54): App\\Http\\Controllers\\ImportacionMasivaController->index(Object(Illuminate\\Http\\Request))
#1 D:\\PROYECTOS\\IMPORTACIONES RAMIREZ\\ERP-RAMIREZ\\vendor\\laravel\\framework\\src\\Illuminate\\Routing\\ControllerDispatcher.php(43): Illuminate\\Routing\\Controller->callAction('index', Array)
#2 D:\\PROYECTOS\\IMPORTACIONES RAMIREZ\\ERP-RAMIREZ\\vendor\\laravel\\framework\\src\\Illuminate\\Routing\\Route.php(259): Illuminate\\Routing\\ControllerDispatcher->dispatch(Object(Illuminate\\Routing\\Route), Object(App\\Http\\Controllers\\ImportacionMasivaController), 'index')
#3 D:\\PROYECTOS\\IMPORTACIONES RAMIREZ\\ERP-RAMIREZ\\vendor\\laravel\\framework\\src\\Illuminate\\Routing\\Route.php(205): Illuminate\\Routing\\Route->runController()
#4 D:\\PROYECTOS\\IMPORTACIONES RAMIREZ\\ERP-RAMIREZ\\vendor\\laravel\\framework\\src\\Illuminate\\Routing\\Router.php(798): Illuminate\\Routing\\Route->run()
#5 D:\\PROYECTOS\\IMPORTACIONES RAMIREZ\\ERP-RAMIREZ\\vendor\\laravel\\framework\\src\\Illuminate\\Pipeline\\Pipeline.php(141): Illuminate\\Routing\\Router->Illuminate\\Routing\\{closure}(Object(Illuminate\\Http\\Request))
#6 D:\\PROYECTOS\\IMPORTACIONES RAMIREZ\\ERP-RAMIREZ\\app\\Http\\Middleware\\CheckUserLogin.php(22): Illuminate\\Pipeline\\Pipeline->Illuminate\\Pipeline\\{closure}(Object(Illuminate\\Http\\Request))
#7 D:\\PROYECTOS\\IMPORTACIONES RAMIREZ\\ERP-RAMIREZ\\vendor\\laravel\\framework\\src\\Illuminate\\Pipeline\\Pipeline.php(180): App\\Http\\Middleware\\CheckUserLogin->handle(Object(Illuminate\\Http\\Request), Object(Closure))
#8 D:\\PROYECTOS\\IMPORTACIONES RAMIREZ\\ERP-RAMIREZ\\app\\Http\\Middleware\\AdminSidebarMenu.php(906): Illuminate\\Pipeline\\Pipeline->Illuminate\\Pipeline\\{closure}(Object(Illuminate\\Http\\Request))
#9 D:\\PROYECTOS\\IMPORTACIONES RAMIREZ\\ERP-RAMIREZ\\vendor\\laravel\\framework\\src\\Illuminate\\Pipeline\\Pipeline.php(180): App\\Http\\Middleware\\AdminSidebarMenu->handle(Object(Illuminate\\Http\\Request), Object(Closure))
#10 D:\\PROYECTOS\\IMPORTACIONES RAMIREZ\\ERP-RAMIREZ\\app\\Http\\Middleware\\Timezone.php(30): Illuminate\\Pipeline\\Pipeline->Illuminate\\Pipeline\\{closure}(Object(Illuminate\\Http\\Request))
#11 D:\\PROYECTOS\\IMPORTACIONES RAMIREZ\\ERP-RAMIREZ\\vendor\\laravel\\framework\\src\\Illuminate\\Pipeline\\Pipeline.php(180): App\\Http\\Middleware\\Timezone->handle(Object(Illuminate\\Http\\Request), Object(Closure))
#12 D:\\PROYECTOS\\IMPORTACIONES RAMIREZ\\ERP-RAMIREZ\\app\\Http\\Middleware\\Language.php(25): Illuminate\\Pipeline\\Pipeline->Illuminate\\Pipeline\\{closure}(Object(Illuminate\\Http\\Request))
#13 D:\\PROYECTOS\\IMPORTACIONES RAMIREZ\\ERP-RAMIREZ\\vendor\\laravel\\framework\\src\\Illuminate\\Pipeline\\Pipeline.php(180): App\\Http\\Middleware\\Language->handle(Object(Illuminate\\Http\\Request), Object(Closure))
#14 D:\\PROYECTOS\\IMPORTACIONES RAMIREZ\\ERP-RAMIREZ\\app\\Http\\Middleware\\SetSessionData.php(52): Illuminate\\Pipeline\\Pipeline->Illuminate\\Pipeline\\{closure}(Object(Illuminate\\Http\\Request))
#15 D:\\PROYECTOS\\IMPORTACIONES RAMIREZ\\ERP-RAMIREZ\\vendor\\laravel\\framework\\src\\Illuminate\\Pipeline\\Pipeline.php(180): App\\Http\\Middleware\\SetSessionData->handle(Object(Illuminate\\Http\\Request), Object(Closure))
#16 D:\\PROYECTOS\\IMPORTACIONES RAMIREZ\\ERP-RAMIREZ\\app\\Http\\Middleware\\IsInstalled.php(50): Illuminate\\Pipeline\\Pipeline->Illuminate\\Pipeline\\{closure}(Object(Illuminate\\Http\\Request))
#17 D:\\PROYECTOS\\IMPORTACIONES RAMIREZ\\ERP-RAMIREZ\\vendor\\laravel\\framework\\src\\Illuminate\\Pipeline\\Pipeline.php(180): App\\Http\\Middleware\\IsInstalled->handle(Object(Illuminate\\Http\\Request), Object(Closure))
#18 D:\\PROYECTOS\\IMPORTACIONES RAMIREZ\\ERP-RAMIREZ\\vendor\\laravel\\framework\\src\\Illuminate\\Routing\\Middleware\\SubstituteBindings.php(50): Illuminate\\Pipeline\\Pipeline->Illuminate\\Pipeline\\{closure}(Object(Illuminate\\Http\\Request))
#19 D:\\PROYECTOS\\IMPORTACIONES RAMIREZ\\ERP-RAMIREZ\\vendor\\laravel\\framework\\src\\Illuminate\\Pipeline\\Pipeline.php(180): Illuminate\\Routing\\Middleware\\SubstituteBindings->handle(Object(Illuminate\\Http\\Request), Object(Closure))
#20 D:\\PROYECTOS\\IMPORTACIONES RAMIREZ\\ERP-RAMIREZ\\vendor\\laravel\\framework\\src\\Illuminate\\Auth\\Middleware\\Authenticate.php(44): Illuminate\\Pipeline\\Pipeline->Illuminate\\Pipeline\\{closure}(Object(Illuminate\\Http\\Request))
#21 D:\\PROYECTOS\\IMPORTACIONES RAMIREZ\\ERP-RAMIREZ\\vendor\\laravel\\framework\\src\\Illuminate\\Pipeline\\Pipeline.php(180): Illuminate\\Auth\\Middleware\\Authenticate->handle(Object(Illuminate\\Http\\Request), Object(Closure))
#22 D:\\PROYECTOS\\IMPORTACIONES RAMIREZ\\ERP-RAMIREZ\\vendor\\laravel\\framework\\src\\Illuminate\\Foundation\\Http\\Middleware\\VerifyCsrfToken.php(78): Illuminate\\Pipeline\\Pipeline->Illuminate\\Pipeline\\{closure}(Object(Illuminate\\Http\\Request))
#23 D:\\PROYECTOS\\IMPORTACIONES RAMIREZ\\ERP-RAMIREZ\\vendor\\laravel\\framework\\src\\Illuminate\\Pipeline\\Pipeline.php(180): Illuminate\\Foundation\\Http\\Middleware\\VerifyCsrfToken->handle(Object(Illuminate\\Http\\Request), Object(Closure))
#24 D:\\PROYECTOS\\IMPORTACIONES RAMIREZ\\ERP-RAMIREZ\\vendor\\laravel\\framework\\src\\Illuminate\\View\\Middleware\\ShareErrorsFromSession.php(49): Illuminate\\Pipeline\\Pipeline->Illuminate\\Pipeline\\{closure}(Object(Illuminate\\Http\\Request))
#25 D:\\PROYECTOS\\IMPORTACIONES RAMIREZ\\ERP-RAMIREZ\\vendor\\laravel\\framework\\src\\Illuminate\\Pipeline\\Pipeline.php(180): Illuminate\\View\\Middleware\\ShareErrorsFromSession->handle(Object(Illuminate\\Http\\Request), Object(Closure))
#26 D:\\PROYECTOS\\IMPORTACIONES RAMIREZ\\ERP-RAMIREZ\\vendor\\laravel\\framework\\src\\Illuminate\\Session\\Middleware\\StartSession.php(121): Illuminate\\Pipeline\\Pipeline->Illuminate\\Pipeline\\{closure}(Object(Illuminate\\Http\\Request))
#27 D:\\PROYECTOS\\IMPORTACIONES RAMIREZ\\ERP-RAMIREZ\\vendor\\laravel\\framework\\src\\Illuminate\\Session\\Middleware\\StartSession.php(64): Illuminate\\Session\\Middleware\\StartSession->handleStatefulRequest(Object(Illuminate\\Http\\Request), Object(Illuminate\\Session\\Store), Object(Closure))
#28 D:\\PROYECTOS\\IMPORTACIONES RAMIREZ\\ERP-RAMIREZ\\vendor\\laravel\\framework\\src\\Illuminate\\Pipeline\\Pipeline.php(180): Illuminate\\Session\\Middleware\\StartSession->handle(Object(Illuminate\\Http\\Request), Object(Closure))
#29 D:\\PROYECTOS\\IMPORTACIONES RAMIREZ\\ERP-RAMIREZ\\vendor\\laravel\\framework\\src\\Illuminate\\Cookie\\Middleware\\AddQueuedCookiesToResponse.php(37): Illuminate\\Pipeline\\Pipeline->Illuminate\\Pipeline\\{closure}(Object(Illuminate\\Http\\Request))
#30 D:\\PROYECTOS\\IMPORTACIONES RAMIREZ\\ERP-RAMIREZ\\vendor\\laravel\\framework\\src\\Illuminate\\Pipeline\\Pipeline.php(180): Illuminate\\Cookie\\Middleware\\AddQueuedCookiesToResponse->handle(Object(Illuminate\\Http\\Request), Object(Closure))
#31 D:\\PROYECTOS\\IMPORTACIONES RAMIREZ\\ERP-RAMIREZ\\vendor\\laravel\\framework\\src\\Illuminate\\Cookie\\Middleware\\EncryptCookies.php(67): Illuminate\\Pipeline\\Pipeline->Illuminate\\Pipeline\\{closure}(Object(Illuminate\\Http\\Request))
#32 D:\\PROYECTOS\\IMPORTACIONES RAMIREZ\\ERP-RAMIREZ\\vendor\\laravel\\framework\\src\\Illuminate\\Pipeline\\Pipeline.php(180): Illuminate\\Cookie\\Middleware\\EncryptCookies->handle(Object(Illuminate\\Http\\Request), Object(Closure))
#33 D:\\PROYECTOS\\IMPORTACIONES RAMIREZ\\ERP-RAMIREZ\\vendor\\laravel\\framework\\src\\Illuminate\\Pipeline\\Pipeline.php(116): Illuminate\\Pipeline\\Pipeline->Illuminate\\Pipeline\\{closure}(Object(Illuminate\\Http\\Request))
#34 D:\\PROYECTOS\\IMPORTACIONES RAMIREZ\\ERP-RAMIREZ\\vendor\\laravel\\framework\\src\\Illuminate\\Routing\\Router.php(797): Illuminate\\Pipeline\\Pipeline->then(Object(Closure))
#35 D:\\PROYECTOS\\IMPORTACIONES RAMIREZ\\ERP-RAMIREZ\\vendor\\laravel\\framework\\src\\Illuminate\\Routing\\Router.php(776): Illuminate\\Routing\\Router->runRouteWithinStack(Object(Illuminate\\Routing\\Route), Object(Illuminate\\Http\\Request))
#36 D:\\PROYECTOS\\IMPORTACIONES RAMIREZ\\ERP-RAMIREZ\\vendor\\laravel\\framework\\src\\Illuminate\\Routing\\Router.php(740): Illuminate\\Routing\\Router->runRoute(Object(Illuminate\\Http\\Request), Object(Illuminate\\Routing\\Route))
#37 D:\\PROYECTOS\\IMPORTACIONES RAMIREZ\\ERP-RAMIREZ\\vendor\\laravel\\framework\\src\\Illuminate\\Routing\\Router.php(729): Illuminate\\Routing\\Router->dispatchToRoute(Object(Illuminate\\Http\\Request))
#38 D:\\PROYECTOS\\IMPORTACIONES RAMIREZ\\ERP-RAMIREZ\\vendor\\laravel\\framework\\src\\Illuminate\\Foundation\\Http\\Kernel.php(190): Illuminate\\Routing\\Router->dispatch(Object(Illuminate\\Http\\Request))
#39 D:\\PROYECTOS\\IMPORTACIONES RAMIREZ\\ERP-RAMIREZ\\vendor\\laravel\\framework\\src\\Illuminate\\Pipeline\\Pipeline.php(141): Illuminate\\Foundation\\Http\\Kernel->Illuminate\\Foundation\\Http\\{closure}(Object(Illuminate\\Http\\Request))
#40 D:\\PROYECTOS\\IMPORTACIONES RAMIREZ\\ERP-RAMIREZ\\vendor\\barryvdh\\laravel-debugbar\\src\\Middleware\\InjectDebugbar.php(59): Illuminate\\Pipeline\\Pipeline->Illuminate\\Pipeline\\{closure}(Object(Illuminate\\Http\\Request))
#41 D:\\PROYECTOS\\IMPORTACIONES RAMIREZ\\ERP-RAMIREZ\\vendor\\laravel\\framework\\src\\Illuminate\\Pipeline\\Pipeline.php(180): Barryvdh\\Debugbar\\Middleware\\InjectDebugbar->handle(Object(Illuminate\\Http\\Request), Object(Closure))
#42 D:\\PROYECTOS\\IMPORTACIONES RAMIREZ\\ERP-RAMIREZ\\vendor\\laravel\\framework\\src\\Illuminate\\Foundation\\Http\\Middleware\\TransformsRequest.php(21): Illuminate\\Pipeline\\Pipeline->Illuminate\\Pipeline\\{closure}(Object(Illuminate\\Http\\Request))
#43 D:\\PROYECTOS\\IMPORTACIONES RAMIREZ\\ERP-RAMIREZ\\vendor\\laravel\\framework\\src\\Illuminate\\Foundation\\Http\\Middleware\\ConvertEmptyStringsToNull.php(31): Illuminate\\Foundation\\Http\\Middleware\\TransformsRequest->handle(Object(Illuminate\\Http\\Request), Object(Closure))
#44 D:\\PROYECTOS\\IMPORTACIONES RAMIREZ\\ERP-RAMIREZ\\vendor\\laravel\\framework\\src\\Illuminate\\Pipeline\\Pipeline.php(180): Illuminate\\Foundation\\Http\\Middleware\\ConvertEmptyStringsToNull->handle(Object(Illuminate\\Http\\Request), Object(Closure))
#45 D:\\PROYECTOS\\IMPORTACIONES RAMIREZ\\ERP-RAMIREZ\\vendor\\laravel\\framework\\src\\Illuminate\\Foundation\\Http\\Middleware\\TransformsRequest.php(21): Illuminate\\Pipeline\\Pipeline->Illuminate\\Pipeline\\{closure}(Object(Illuminate\\Http\\Request))
#46 D:\\PROYECTOS\\IMPORTACIONES RAMIREZ\\ERP-RAMIREZ\\vendor\\laravel\\framework\\src\\Illuminate\\Foundation\\Http\\Middleware\\TrimStrings.php(40): Illuminate\\Foundation\\Http\\Middleware\\TransformsRequest->handle(Object(Illuminate\\Http\\Request), Object(Closure))
#47 D:\\PROYECTOS\\IMPORTACIONES RAMIREZ\\ERP-RAMIREZ\\vendor\\laravel\\framework\\src\\Illuminate\\Pipeline\\Pipeline.php(180): Illuminate\\Foundation\\Http\\Middleware\\TrimStrings->handle(Object(Illuminate\\Http\\Request), Object(Closure))
#48 D:\\PROYECTOS\\IMPORTACIONES RAMIREZ\\ERP-RAMIREZ\\vendor\\laravel\\framework\\src\\Illuminate\\Foundation\\Http\\Middleware\\ValidatePostSize.php(27): Illuminate\\Pipeline\\Pipeline->Illuminate\\Pipeline\\{closure}(Object(Illuminate\\Http\\Request))
#49 D:\\PROYECTOS\\IMPORTACIONES RAMIREZ\\ERP-RAMIREZ\\vendor\\laravel\\framework\\src\\Illuminate\\Pipeline\\Pipeline.php(180): Illuminate\\Foundation\\Http\\Middleware\\ValidatePostSize->handle(Object(Illuminate\\Http\\Request), Object(Closure))
#50 D:\\PROYECTOS\\IMPORTACIONES RAMIREZ\\ERP-RAMIREZ\\vendor\\laravel\\framework\\src\\Illuminate\\Foundation\\Http\\Middleware\\PreventRequestsDuringMaintenance.php(86): Illuminate\\Pipeline\\Pipeline->Illuminate\\Pipeline\\{closure}(Object(Illuminate\\Http\\Request))
#51 D:\\PROYECTOS\\IMPORTACIONES RAMIREZ\\ERP-RAMIREZ\\vendor\\laravel\\framework\\src\\Illuminate\\Pipeline\\Pipeline.php(180): Illuminate\\Foundation\\Http\\Middleware\\PreventRequestsDuringMaintenance->handle(Object(Illuminate\\Http\\Request), Object(Closure))
#52 D:\\PROYECTOS\\IMPORTACIONES RAMIREZ\\ERP-RAMIREZ\\vendor\\laravel\\framework\\src\\Illuminate\\Http\\Middleware\\HandleCors.php(49): Illuminate\\Pipeline\\Pipeline->Illuminate\\Pipeline\\{closure}(Object(Illuminate\\Http\\Request))
#53 D:\\PROYECTOS\\IMPORTACIONES RAMIREZ\\ERP-RAMIREZ\\vendor\\laravel\\framework\\src\\Illuminate\\Pipeline\\Pipeline.php(180): Illuminate\\Http\\Middleware\\HandleCors->handle(Object(Illuminate\\Http\\Request), Object(Closure))
#54 D:\\PROYECTOS\\IMPORTACIONES RAMIREZ\\ERP-RAMIREZ\\vendor\\laravel\\framework\\src\\Illuminate\\Http\\Middleware\\TrustProxies.php(39): Illuminate\\Pipeline\\Pipeline->Illuminate\\Pipeline\\{closure}(Object(Illuminate\\Http\\Request))
#55 D:\\PROYECTOS\\IMPORTACIONES RAMIREZ\\ERP-RAMIREZ\\vendor\\laravel\\framework\\src\\Illuminate\\Pipeline\\Pipeline.php(180): Illuminate\\Http\\Middleware\\TrustProxies->handle(Object(Illuminate\\Http\\Request), Object(Closure))
#56 D:\\PROYECTOS\\IMPORTACIONES RAMIREZ\\ERP-RAMIREZ\\vendor\\laravel\\framework\\src\\Illuminate\\Pipeline\\Pipeline.php(116): Illuminate\\Pipeline\\Pipeline->Illuminate\\Pipeline\\{closure}(Object(Illuminate\\Http\\Request))
#57 D:\\PROYECTOS\\IMPORTACIONES RAMIREZ\\ERP-RAMIREZ\\vendor\\laravel\\framework\\src\\Illuminate\\Foundation\\Http\\Kernel.php(165): Illuminate\\Pipeline\\Pipeline->then(Object(Closure))
#58 D:\\PROYECTOS\\IMPORTACIONES RAMIREZ\\ERP-RAMIREZ\\vendor\\laravel\\framework\\src\\Illuminate\\Foundation\\Http\\Kernel.php(134): Illuminate\\Foundation\\Http\\Kernel->sendRequestThroughRouter(Object(Illuminate\\Http\\Request))
#59 D:\\PROYECTOS\\IMPORTACIONES RAMIREZ\\ERP-RAMIREZ\\public\\index.php(51): Illuminate\\Foundation\\Http\\Kernel->handle(Object(Illuminate\\Http\\Request))
#60 D:\\PROYECTOS\\IMPORTACIONES RAMIREZ\\ERP-RAMIREZ\\vendor\\laravel\\framework\\src\\Illuminate\\Foundation\\resources\\server.php(16): require_once('D:\\\\PROYECTOS\\\\IM...')
#61 {main}
"} 
[2026-07-02 15:18:47] local.ERROR: View [importaciones.index] not found. {"userId":1,"exception":"[object] (InvalidArgumentException(code: 0): View [importaciones.index] not found. at D:\\PROYECTOS\\IMPORTACIONES RAMIREZ\\ERP-RAMIREZ\\vendor\\laravel\\framework\\src\\Illuminate\\View\\FileViewFinder.php:137)
[stacktrace]
#0 D:\\PROYECTOS\\IMPORTACIONES RAMIREZ\\ERP-RAMIREZ\\vendor\\laravel\\framework\\src\\Illuminate\\View\\FileViewFinder.php(79): Illuminate\\View\\FileViewFinder->findInPaths('importaciones.i...', Array)
#1 D:\\PROYECTOS\\IMPORTACIONES RAMIREZ\\ERP-RAMIREZ\\vendor\\laravel\\framework\\src\\Illuminate\\View\\Factory.php(137): Illuminate\\View\\FileViewFinder->find('importaciones.i...')
#2 D:\\PROYECTOS\\IMPORTACIONES RAMIREZ\\ERP-RAMIREZ\\vendor\\laravel\\framework\\src\\Illuminate\\Foundation\\helpers.php(1035): Illuminate\\View\\Factory->make('importaciones.i...', Array, Array)
#3 D:\\PROYECTOS\\IMPORTACIONES RAMIREZ\\ERP-RAMIREZ\\app\\Http\\Controllers\\ImportacionMasivaController.php(37): view('importaciones.i...', Array)
#4 D:\\PROYECTOS\\IMPORTACIONES RAMIREZ\\ERP-RAMIREZ\\vendor\\laravel\\framework\\src\\Illuminate\\Routing\\Controller.php(54): App\\Http\\Controllers\\ImportacionMasivaController->index(Object(Illuminate\\Http\\Request))
#5 D:\\PROYECTOS\\IMPORTACIONES RAMIREZ\\ERP-RAMIREZ\\vendor\\laravel\\framework\\src\\Illuminate\\Routing\\ControllerDispatcher.php(43): Illuminate\\Routing\\Controller->callAction('index', Array)
#6 D:\\PROYECTOS\\IMPORTACIONES RAMIREZ\\ERP-RAMIREZ\\vendor\\laravel\\framework\\src\\Illuminate\\Routing\\Route.php(259): Illuminate\\Routing\\ControllerDispatcher->dispatch(Object(Illuminate\\Routing\\Route), Object(App\\Http\\Controllers\\ImportacionMasivaController), 'index')
#7 D:\\PROYECTOS\\IMPORTACIONES RAMIREZ\\ERP-RAMIREZ\\vendor\\laravel\\framework\\src\\Illuminate\\Routing\\Route.php(205): Illuminate\\Routing\\Route->runController()
#8 D:\\PROYECTOS\\IMPORTACIONES RAMIREZ\\ERP-RAMIREZ\\vendor\\laravel\\framework\\src\\Illuminate\\Routing\\Router.php(798): Illuminate\\Routing\\Route->run()
#9 D:\\PROYECTOS\\IMPORTACIONES RAMIREZ\\ERP-RAMIREZ\\vendor\\laravel\\framework\\src\\Illuminate\\Pipeline\\Pipeline.php(141): Illuminate\\Routing\\Router->Illuminate\\Routing\\{closure}(Object(Illuminate\\Http\\Request))
#10 D:\\PROYECTOS\\IMPORTACIONES RAMIREZ\\ERP-RAMIREZ\\app\\Http\\Middleware\\CheckUserLogin.php(22): Illuminate\\Pipeline\\Pipeline->Illuminate\\Pipeline\\{closure}(Object(Illuminate\\Http\\Request))
#11 D:\\PROYECTOS\\IMPORTACIONES RAMIREZ\\ERP-RAMIREZ\\vendor\\laravel\\framework\\src\\Illuminate\\Pipeline\\Pipeline.php(180): App\\Http\\Middleware\\CheckUserLogin->handle(Object(Illuminate\\Http\\Request), Object(Closure))
#12 D:\\PROYECTOS\\IMPORTACIONES RAMIREZ\\ERP-RAMIREZ\\app\\Http\\Middleware\\AdminSidebarMenu.php(906): Illuminate\\Pipeline\\Pipeline->Illuminate\\Pipeline\\{closure}(Object(Illuminate\\Http\\Request))
#13 D:\\PROYECTOS\\IMPORTACIONES RAMIREZ\\ERP-RAMIREZ\\vendor\\laravel\\framework\\src\\Illuminate\\Pipeline\\Pipeline.php(180): App\\Http\\Middleware\\AdminSidebarMenu->handle(Object(Illuminate\\Http\\Request), Object(Closure))
#14 D:\\PROYECTOS\\IMPORTACIONES RAMIREZ\\ERP-RAMIREZ\\app\\Http\\Middleware\\Timezone.php(30): Illuminate\\Pipeline\\Pipeline->Illuminate\\Pipeline\\{closure}(Object(Illuminate\\Http\\Request))
#15 D:\\PROYECTOS\\IMPORTACIONES RAMIREZ\\ERP-RAMIREZ\\vendor\\laravel\\framework\\src\\Illuminate\\Pipeline\\Pipeline.php(180): App\\Http\\Middleware\\Timezone->handle(Object(Illuminate\\Http\\Request), Object(Closure))
#16 D:\\PROYECTOS\\IMPORTACIONES RAMIREZ\\ERP-RAMIREZ\\app\\Http\\Middleware\\Language.php(25): Illuminate\\Pipeline\\Pipeline->Illuminate\\Pipeline\\{closure}(Object(Illuminate\\Http\\Request))
#17 D:\\PROYECTOS\\IMPORTACIONES RAMIREZ\\ERP-RAMIREZ\\vendor\\laravel\\framework\\src\\Illuminate\\Pipeline\\Pipeline.php(180): App\\Http\\Middleware\\Language->handle(Object(Illuminate\\Http\\Request), Object(Closure))
#18 D:\\PROYECTOS\\IMPORTACIONES RAMIREZ\\ERP-RAMIREZ\\app\\Http\\Middleware\\SetSessionData.php(52): Illuminate\\Pipeline\\Pipeline->Illuminate\\Pipeline\\{closure}(Object(Illuminate\\Http\\Request))
#19 D:\\PROYECTOS\\IMPORTACIONES RAMIREZ\\ERP-RAMIREZ\\vendor\\laravel\\framework\\src\\Illuminate\\Pipeline\\Pipeline.php(180): App\\Http\\Middleware\\SetSessionData->handle(Object(Illuminate\\Http\\Request), Object(Closure))
#20 D:\\PROYECTOS\\IMPORTACIONES RAMIREZ\\ERP-RAMIREZ\\app\\Http\\Middleware\\IsInstalled.php(50): Illuminate\\Pipeline\\Pipeline->Illuminate\\Pipeline\\{closure}(Object(Illuminate\\Http\\Request))
#21 D:\\PROYECTOS\\IMPORTACIONES RAMIREZ\\ERP-RAMIREZ\\vendor\\laravel\\framework\\src\\Illuminate\\Pipeline\\Pipeline.php(180): App\\Http\\Middleware\\IsInstalled->handle(Object(Illuminate\\Http\\Request), Object(Closure))
#22 D:\\PROYECTOS\\IMPORTACIONES RAMIREZ\\ERP-RAMIREZ\\vendor\\laravel\\framework\\src\\Illuminate\\Routing\\Middleware\\SubstituteBindings.php(50): Illuminate\\Pipeline\\Pipeline->Illuminate\\Pipeline\\{closure}(Object(Illuminate\\Http\\Request))
#23 D:\\PROYECTOS\\IMPORTACIONES RAMIREZ\\ERP-RAMIREZ\\vendor\\laravel\\framework\\src\\Illuminate\\Pipeline\\Pipeline.php(180): Illuminate\\Routing\\Middleware\\SubstituteBindings->handle(Object(Illuminate\\Http\\Request), Object(Closure))
#24 D:\\PROYECTOS\\IMPORTACIONES RAMIREZ\\ERP-RAMIREZ\\vendor\\laravel\\framework\\src\\Illuminate\\Auth\\Middleware\\Authenticate.php(44): Illuminate\\Pipeline\\Pipeline->Illuminate\\Pipeline\\{closure}(Object(Illuminate\\Http\\Request))
#25 D:\\PROYECTOS\\IMPORTACIONES RAMIREZ\\ERP-RAMIREZ\\vendor\\laravel\\framework\\src\\Illuminate\\Pipeline\\Pipeline.php(180): Illuminate\\Auth\\Middleware\\Authenticate->handle(Object(Illuminate\\Http\\Request), Object(Closure))
#26 D:\\PROYECTOS\\IMPORTACIONES RAMIREZ\\ERP-RAMIREZ\\vendor\\laravel\\framework\\src\\Illuminate\\Foundation\\Http\\Middleware\\VerifyCsrfToken.php(78): Illuminate\\Pipeline\\Pipeline->Illuminate\\Pipeline\\{closure}(Object(Illuminate\\Http\\Request))
#27 D:\\PROYECTOS\\IMPORTACIONES RAMIREZ\\ERP-RAMIREZ\\vendor\\laravel\\framework\\src\\Illuminate\\Pipeline\\Pipeline.php(180): Illuminate\\Foundation\\Http\\Middleware\\VerifyCsrfToken->handle(Object(Illuminate\\Http\\Request), Object(Closure))
#28 D:\\PROYECTOS\\IMPORTACIONES RAMIREZ\\ERP-RAMIREZ\\vendor\\laravel\\framework\\src\\Illuminate\\View\\Middleware\\ShareErrorsFromSession.php(49): Illuminate\\Pipeline\\Pipeline->Illuminate\\Pipeline\\{closure}(Object(Illuminate\\Http\\Request))
#29 D:\\PROYECTOS\\IMPORTACIONES RAMIREZ\\ERP-RAMIREZ\\vendor\\laravel\\framework\\src\\Illuminate\\Pipeline\\Pipeline.php(180): Illuminate\\View\\Middleware\\ShareErrorsFromSession->handle(Object(Illuminate\\Http\\Request), Object(Closure))
#30 D:\\PROYECTOS\\IMPORTACIONES RAMIREZ\\ERP-RAMIREZ\\vendor\\laravel\\framework\\src\\Illuminate\\Session\\Middleware\\StartSession.php(121): Illuminate\\Pipeline\\Pipeline->Illuminate\\Pipeline\\{closure}(Object(Illuminate\\Http\\Request))
#31 D:\\PROYECTOS\\IMPORTACIONES RAMIREZ\\ERP-RAMIREZ\\vendor\\laravel\\framework\\src\\Illuminate\\Session\\Middleware\\StartSession.php(64): Illuminate\\Session\\Middleware\\StartSession->handleStatefulRequest(Object(Illuminate\\Http\\Request), Object(Illuminate\\Session\\Store), Object(Closure))
#32 D:\\PROYECTOS\\IMPORTACIONES RAMIREZ\\ERP-RAMIREZ\\vendor\\laravel\\framework\\src\\Illuminate\\Pipeline\\Pipeline.php(180): Illuminate\\Session\\Middleware\\StartSession->handle(Object(Illuminate\\Http\\Request), Object(Closure))
#33 D:\\PROYECTOS\\IMPORTACIONES RAMIREZ\\ERP-RAMIREZ\\vendor\\laravel\\framework\\src\\Illuminate\\Cookie\\Middleware\\AddQueuedCookiesToResponse.php(37): Illuminate\\Pipeline\\Pipeline->Illuminate\\Pipeline\\{closure}(Object(Illuminate\\Http\\Request))
#34 D:\\PROYECTOS\\IMPORTACIONES RAMIREZ\\ERP-RAMIREZ\\vendor\\laravel\\framework\\src\\Illuminate\\Pipeline\\Pipeline.php(180): Illuminate\\Cookie\\Middleware\\AddQueuedCookiesToResponse->handle(Object(Illuminate\\Http\\Request), Object(Closure))
#35 D:\\PROYECTOS\\IMPORTACIONES RAMIREZ\\ERP-RAMIREZ\\vendor\\laravel\\framework\\src\\Illuminate\\Cookie\\Middleware\\EncryptCookies.php(67): Illuminate\\Pipeline\\Pipeline->Illuminate\\Pipeline\\{closure}(Object(Illuminate\\Http\\Request))
#36 D:\\PROYECTOS\\IMPORTACIONES RAMIREZ\\ERP-RAMIREZ\\vendor\\laravel\\framework\\src\\Illuminate\\Pipeline\\Pipeline.php(180): Illuminate\\Cookie\\Middleware\\EncryptCookies->handle(Object(Illuminate\\Http\\Request), Object(Closure))
#37 D:\\PROYECTOS\\IMPORTACIONES RAMIREZ\\ERP-RAMIREZ\\vendor\\laravel\\framework\\src\\Illuminate\\Pipeline\\Pipeline.php(116): Illuminate\\Pipeline\\Pipeline->Illuminate\\Pipeline\\{closure}(Object(Illuminate\\Http\\Request))
#38 D:\\PROYECTOS\\IMPORTACIONES RAMIREZ\\ERP-RAMIREZ\\vendor\\laravel\\framework\\src\\Illuminate\\Routing\\Router.php(797): Illuminate\\Pipeline\\Pipeline->then(Object(Closure))
#39 D:\\PROYECTOS\\IMPORTACIONES RAMIREZ\\ERP-RAMIREZ\\vendor\\laravel\\framework\\src\\Illuminate\\Routing\\Router.php(776): Illuminate\\Routing\\Router->runRouteWithinStack(Object(Illuminate\\Routing\\Route), Object(Illuminate\\Http\\Request))
#40 D:\\PROYECTOS\\IMPORTACIONES RAMIREZ\\ERP-RAMIREZ\\vendor\\laravel\\framework\\src\\Illuminate\\Routing\\Router.php(740): Illuminate\\Routing\\Router->runRoute(Object(Illuminate\\Http\\Request), Object(Illuminate\\Routing\\Route))
#41 D:\\PROYECTOS\\IMPORTACIONES RAMIREZ\\ERP-RAMIREZ\\vendor\\laravel\\framework\\src\\Illuminate\\Routing\\Router.php(729): Illuminate\\Routing\\Router->dispatchToRoute(Object(Illuminate\\Http\\Request))
#42 D:\\PROYECTOS\\IMPORTACIONES RAMIREZ\\ERP-RAMIREZ\\vendor\\laravel\\framework\\src\\Illuminate\\Foundation\\Http\\Kernel.php(190): Illuminate\\Routing\\Router->dispatch(Object(Illuminate\\Http\\Request))
#43 D:\\PROYECTOS\\IMPORTACIONES RAMIREZ\\ERP-RAMIREZ\\vendor\\laravel\\framework\\src\\Illuminate\\Pipeline\\Pipeline.php(141): Illuminate\\Foundation\\Http\\Kernel->Illuminate\\Foundation\\Http\\{closure}(Object(Illuminate\\Http\\Request))
#44 D:\\PROYECTOS\\IMPORTACIONES RAMIREZ\\ERP-RAMIREZ\\vendor\\barryvdh\\laravel-debugbar\\src\\Middleware\\InjectDebugbar.php(59): Illuminate\\Pipeline\\Pipeline->Illuminate\\Pipeline\\{closure}(Object(Illuminate\\Http\\Request))
#45 D:\\PROYECTOS\\IMPORTACIONES RAMIREZ\\ERP-RAMIREZ\\vendor\\laravel\\framework\\src\\Illuminate\\Pipeline\\Pipeline.php(180): Barryvdh\\Debugbar\\Middleware\\InjectDebugbar->handle(Object(Illuminate\\Http\\Request), Object(Closure))
#46 D:\\PROYECTOS\\IMPORTACIONES RAMIREZ\\ERP-RAMIREZ\\vendor\\laravel\\framework\\src\\Illuminate\\Foundation\\Http\\Middleware\\TransformsRequest.php(21): Illuminate\\Pipeline\\Pipeline->Illuminate\\Pipeline\\{closure}(Object(Illuminate\\Http\\Request))
#47 D:\\PROYECTOS\\IMPORTACIONES RAMIREZ\\ERP-RAMIREZ\\vendor\\laravel\\framework\\src\\Illuminate\\Foundation\\Http\\Middleware\\ConvertEmptyStringsToNull.php(31): Illuminate\\Foundation\\Http\\Middleware\\TransformsRequest->handle(Object(Illuminate\\Http\\Request), Object(Closure))
#48 D:\\PROYECTOS\\IMPORTACIONES RAMIREZ\\ERP-RAMIREZ\\vendor\\laravel\\framework\\src\\Illuminate\\Pipeline\\Pipeline.php(180): Illuminate\\Foundation\\Http\\Middleware\\ConvertEmptyStringsToNull->handle(Object(Illuminate\\Http\\Request), Object(Closure))
#49 D:\\PROYECTOS\\IMPORTACIONES RAMIREZ\\ERP-RAMIREZ\\vendor\\laravel\\framework\\src\\Illuminate\\Foundation\\Http\\Middleware\\TransformsRequest.php(21): Illuminate\\Pipeline\\Pipeline->Illuminate\\Pipeline\\{closure}(Object(Illuminate\\Http\\Request))
#50 D:\\PROYECTOS\\IMPORTACIONES RAMIREZ\\ERP-RAMIREZ\\vendor\\laravel\\framework\\src\\Illuminate\\Foundation\\Http\\Middleware\\TrimStrings.php(40): Illuminate\\Foundation\\Http\\Middleware\\TransformsRequest->handle(Object(Illuminate\\Http\\Request), Object(Closure))
#51 D:\\PROYECTOS\\IMPORTACIONES RAMIREZ\\ERP-RAMIREZ\\vendor\\laravel\\framework\\src\\Illuminate\\Pipeline\\Pipeline.php(180): Illuminate\\Foundation\\Http\\Middleware\\TrimStrings->handle(Object(Illuminate\\Http\\Request), Object(Closure))
#52 D:\\PROYECTOS\\IMPORTACIONES RAMIREZ\\ERP-RAMIREZ\\vendor\\laravel\\framework\\src\\Illuminate\\Foundation\\Http\\Middleware\\ValidatePostSize.php(27): Illuminate\\Pipeline\\Pipeline->Illuminate\\Pipeline\\{closure}(Object(Illuminate\\Http\\Request))
#53 D:\\PROYECTOS\\IMPORTACIONES RAMIREZ\\ERP-RAMIREZ\\vendor\\laravel\\framework\\src\\Illuminate\\Pipeline\\Pipeline.php(180): Illuminate\\Foundation\\Http\\Middleware\\ValidatePostSize->handle(Object(Illuminate\\Http\\Request), Object(Closure))
#54 D:\\PROYECTOS\\IMPORTACIONES RAMIREZ\\ERP-RAMIREZ\\vendor\\laravel\\framework\\src\\Illuminate\\Foundation\\Http\\Middleware\\PreventRequestsDuringMaintenance.php(86): Illuminate\\Pipeline\\Pipeline->Illuminate\\Pipeline\\{closure}(Object(Illuminate\\Http\\Request))
#55 D:\\PROYECTOS\\IMPORTACIONES RAMIREZ\\ERP-RAMIREZ\\vendor\\laravel\\framework\\src\\Illuminate\\Pipeline\\Pipeline.php(180): Illuminate\\Foundation\\Http\\Middleware\\PreventRequestsDuringMaintenance->handle(Object(Illuminate\\Http\\Request), Object(Closure))
#56 D:\\PROYECTOS\\IMPORTACIONES RAMIREZ\\ERP-RAMIREZ\\vendor\\laravel\\framework\\src\\Illuminate\\Http\\Middleware\\HandleCors.php(49): Illuminate\\Pipeline\\Pipeline->Illuminate\\Pipeline\\{closure}(Object(Illuminate\\Http\\Request))
#57 D:\\PROYECTOS\\IMPORTACIONES RAMIREZ\\ERP-RAMIREZ\\vendor\\laravel\\framework\\src\\Illuminate\\Pipeline\\Pipeline.php(180): Illuminate\\Http\\Middleware\\HandleCors->handle(Object(Illuminate\\Http\\Request), Object(Closure))
#58 D:\\PROYECTOS\\IMPORTACIONES RAMIREZ\\ERP-RAMIREZ\\vendor\\laravel\\framework\\src\\Illuminate\\Http\\Middleware\\TrustProxies.php(39): Illuminate\\Pipeline\\Pipeline->Illuminate\\Pipeline\\{closure}(Object(Illuminate\\Http\\Request))
#59 D:\\PROYECTOS\\IMPORTACIONES RAMIREZ\\ERP-RAMIREZ\\vendor\\laravel\\framework\\src\\Illuminate\\Pipeline\\Pipeline.php(180): Illuminate\\Http\\Middleware\\TrustProxies->handle(Object(Illuminate\\Http\\Request), Object(Closure))
#60 D:\\PROYECTOS\\IMPORTACIONES RAMIREZ\\ERP-RAMIREZ\\vendor\\laravel\\framework\\src\\Illuminate\\Pipeline\\Pipeline.php(116): Illuminate\\Pipeline\\Pipeline->Illuminate\\Pipeline\\{closure}(Object(Illuminate\\Http\\Request))
#61 D:\\PROYECTOS\\IMPORTACIONES RAMIREZ\\ERP-RAMIREZ\\vendor\\laravel\\framework\\src\\Illuminate\\Foundation\\Http\\Kernel.php(165): Illuminate\\Pipeline\\Pipeline->then(Object(Closure))
#62 D:\\PROYECTOS\\IMPORTACIONES RAMIREZ\\ERP-RAMIREZ\\vendor\\laravel\\framework\\src\\Illuminate\\Foundation\\Http\\Kernel.php(134): Illuminate\\Foundation\\Http\\Kernel->sendRequestThroughRouter(Object(Illuminate\\Http\\Request))
#63 D:\\PROYECTOS\\IMPORTACIONES RAMIREZ\\ERP-RAMIREZ\\public\\index.php(51): Illuminate\\Foundation\\Http\\Kernel->handle(Object(Illuminate\\Http\\Request))
#64 D:\\PROYECTOS\\IMPORTACIONES RAMIREZ\\ERP-RAMIREZ\\vendor\\laravel\\framework\\src\\Illuminate\\Foundation\\resources\\server.php(16): require_once('D:\\\\PROYECTOS\\\\IM...')
#65 {main}
"} 
[2026-07-02 15:18:59] local.ERROR: Undefined variable $desde {"view":{"view":"D:\\PROYECTOS\\IMPORTACIONES RAMIREZ\\ERP-RAMIREZ\\resources\\views\\purchase\\importaciones\\index.blade.php","data":{"asset_v":"<pre class=sf-dump id=sf-dump-30841474 data-indent-pad=\"  \"><span class=sf-dump-num>511</span>
</pre><script>Sfdump(\"sf-dump-30841474\", {\"maxDepth\":3,\"maxStringLength\":160})</script>
","errors":"<pre class=sf-dump id=sf-dump-2066130751 data-indent-pad=\"  \"><span class=sf-dump-note>Illuminate\\Support\\ViewErrorBag</span> {<a class=sf-dump-ref>#3311</a><samp data-depth=1 class=sf-dump-expanded>
  #<span class=sf-dump-protected title=\"Protected property\">bags</span>: []
</samp>}
</pre><script>Sfdump(\"sf-dump-2066130751\", {\"maxDepth\":3,\"maxStringLength\":160})</script>
","registros":"<pre class=sf-dump id=sf-dump-1194730430 data-indent-pad=\"  \"><span class=sf-dump-note>Illuminate\\Pagination\\LengthAwarePaginator</span> {<a class=sf-dump-ref>#3942</a><samp data-depth=1 class=sf-dump-expanded>
  #<span class=sf-dump-protected title=\"Protected property\">items</span>: <span class=sf-dump-note title=\"Illuminate\\Support\\Collection
\"><span class=\"sf-dump-ellipsis sf-dump-ellipsis-note\">Illuminate\\Support</span><span class=\"sf-dump-ellipsis sf-dump-ellipsis-note\">\\</span>Collection</span> {<a class=sf-dump-ref>#3892</a><samp data-depth=2 class=sf-dump-compact>
    #<span class=sf-dump-protected title=\"Protected property\">items</span>: <span class=sf-dump-note>array:1</span> [<samp data-depth=3 class=sf-dump-compact>
      <span class=sf-dump-index>0</span> => {<a class=sf-dump-ref>#3938</a> &#8230;37}
    </samp>]
    #<span class=sf-dump-protected title=\"Protected property\">escapeWhenCastingToString</span>: <span class=sf-dump-const>false</span>
  </samp>}
  #<span class=sf-dump-protected title=\"Protected property\">perPage</span>: <span class=sf-dump-num>50</span>
  #<span class=sf-dump-protected title=\"Protected property\">currentPage</span>: <span class=sf-dump-num>1</span>
  #<span class=sf-dump-protected title=\"Protected property\">path</span>: \"<span class=sf-dump-str title=\"45 characters\">http://127.0.0.1:8000/historial-importaciones</span>\"
  #<span class=sf-dump-protected title=\"Protected property\">query</span>: []
  #<span class=sf-dump-protected title=\"Protected property\">fragment</span>: <span class=sf-dump-const>null</span>
  #<span class=sf-dump-protected title=\"Protected property\">pageName</span>: \"<span class=sf-dump-str title=\"4 characters\">page</span>\"
  +<span class=sf-dump-public title=\"Public property\">onEachSide</span>: <span class=sf-dump-num>3</span>
  #<span class=sf-dump-protected title=\"Protected property\">options</span>: <span class=sf-dump-note>array:2</span> [<samp data-depth=2 class=sf-dump-compact>
    \"<span class=sf-dump-key>path</span>\" => \"<span class=sf-dump-str title=\"45 characters\">http://127.0.0.1:8000/historial-importaciones</span>\"
    \"<span class=sf-dump-key>pageName</span>\" => \"<span class=sf-dump-str title=\"4 characters\">page</span>\"
  </samp>]
  #<span class=sf-dump-protected title=\"Protected property\">total</span>: <span class=sf-dump-num>1</span>
  #<span class=sf-dump-protected title=\"Protected property\">lastPage</span>: <span class=sf-dump-num>1</span>
</samp>}
</pre><script>Sfdump(\"sf-dump-1194730430\", {\"maxDepth\":3,\"maxStringLength\":160})</script>
","enabled_modules":"<pre class=sf-dump id=sf-dump-198128003 data-indent-pad=\"  \"><span class=sf-dump-note>array:7</span> [<samp data-depth=1 class=sf-dump-expanded>
  <span class=sf-dump-index>0</span> => \"<span class=sf-dump-str title=\"9 characters\">purchases</span>\"
  <span class=sf-dump-index>1</span> => \"<span class=sf-dump-str title=\"8 characters\">add_sale</span>\"
  <span class=sf-dump-index>2</span> => \"<span class=sf-dump-str title=\"8 characters\">pos_sale</span>\"
  <span class=sf-dump-index>3</span> => \"<span class=sf-dump-str title=\"15 characters\">stock_transfers</span>\"
  <span class=sf-dump-index>4</span> => \"<span class=sf-dump-str title=\"16 characters\">stock_adjustment</span>\"
  <span class=sf-dump-index>5</span> => \"<span class=sf-dump-str title=\"8 characters\">expenses</span>\"
  <span class=sf-dump-index>6</span> => \"<span class=sf-dump-str title=\"7 characters\">account</span>\"
</samp>]
</pre><script>Sfdump(\"sf-dump-198128003\", {\"maxDepth\":3,\"maxStringLength\":160})</script>
","__is_pusher_enabled":"<pre class=sf-dump id=sf-dump-446606125 data-indent-pad=\"  \"><span class=sf-dump-const>false</span>
</pre><script>Sfdump(\"sf-dump-446606125\", {\"maxDepth\":3,\"maxStringLength\":160})</script>
"}},"userId":1,"exception":"[object] (Spatie\\LaravelIgnition\\Exceptions\\ViewException(code: 0): Undefined variable $desde at D:\\PROYECTOS\\IMPORTACIONES RAMIREZ\\ERP-RAMIREZ\\resources\\views\\purchase\\importaciones\\index.blade.php:24)
[stacktrace]
#0 D:\\PROYECTOS\\IMPORTACIONES RAMIREZ\\ERP-RAMIREZ\\vendor\\laravel\\framework\\src\\Illuminate\\Foundation\\Bootstrap\\HandleExceptions.php(266): Illuminate\\Foundation\\Bootstrap\\HandleExceptions->handleError(2, 'Undefined varia...', 'D:\\\\PROYECTOS\\\\IM...', 24)
#1 D:\\PROYECTOS\\IMPORTACIONES RAMIREZ\\ERP-RAMIREZ\\resources\\views\\purchase\\importaciones\\index.blade.php(24): Illuminate\\Foundation\\Bootstrap\\HandleExceptions->Illuminate\\Foundation\\Bootstrap\\{closure}(2, 'Undefined varia...', 'D:\\\\PROYECTOS\\\\IM...', 24)
#2 D:\\PROYECTOS\\IMPORTACIONES RAMIREZ\\ERP-RAMIREZ\\vendor\\laravel\\framework\\src\\Illuminate\\Filesystem\\Filesystem.php(109): require('D:\\\\PROYECTOS\\\\IM...')
#3 D:\\PROYECTOS\\IMPORTACIONES RAMIREZ\\ERP-RAMIREZ\\vendor\\laravel\\framework\\src\\Illuminate\\Filesystem\\Filesystem.php(110): Illuminate\\Filesystem\\Filesystem::Illuminate\\Filesystem\\{closure}()
#4 D:\\PROYECTOS\\IMPORTACIONES RAMIREZ\\ERP-RAMIREZ\\vendor\\laravel\\framework\\src\\Illuminate\\View\\Engines\\PhpEngine.php(58): Illuminate\\Filesystem\\Filesystem->getRequire('D:\\\\PROYECTOS\\\\IM...', Array)
#5 D:\\PROYECTOS\\IMPORTACIONES RAMIREZ\\ERP-RAMIREZ\\vendor\\laravel\\framework\\src\\Illuminate\\View\\Engines\\CompilerEngine.php(70): Illuminate\\View\\Engines\\PhpEngine->evaluatePath('D:\\\\PROYECTOS\\\\IM...', Array)
#6 D:\\PROYECTOS\\IMPORTACIONES RAMIREZ\\ERP-RAMIREZ\\vendor\\laravel\\framework\\src\\Illuminate\\View\\View.php(195): Illuminate\\View\\Engines\\CompilerEngine->get('D:\\\\PROYECTOS\\\\IM...', Array)
#7 D:\\PROYECTOS\\IMPORTACIONES RAMIREZ\\ERP-RAMIREZ\\vendor\\laravel\\framework\\src\\Illuminate\\View\\View.php(178): Illuminate\\View\\View->getContents()
#8 D:\\PROYECTOS\\IMPORTACIONES RAMIREZ\\ERP-RAMIREZ\\vendor\\laravel\\framework\\src\\Illuminate\\View\\View.php(147): Illuminate\\View\\View->renderContents()
#9 D:\\PROYECTOS\\IMPORTACIONES RAMIREZ\\ERP-RAMIREZ\\vendor\\laravel\\framework\\src\\Illuminate\\Http\\Response.php(69): Illuminate\\View\\View->render()
#10 D:\\PROYECTOS\\IMPORTACIONES RAMIREZ\\ERP-RAMIREZ\\vendor\\laravel\\framework\\src\\Illuminate\\Http\\Response.php(35): Illuminate\\Http\\Response->setContent(Object(Illuminate\\View\\View))
#11 D:\\PROYECTOS\\IMPORTACIONES RAMIREZ\\ERP-RAMIREZ\\vendor\\laravel\\framework\\src\\Illuminate\\Routing\\Router.php(906): Illuminate\\Http\\Response->__construct(Object(Illuminate\\View\\View), 200, Array)
#12 D:\\PROYECTOS\\IMPORTACIONES RAMIREZ\\ERP-RAMIREZ\\vendor\\laravel\\framework\\src\\Illuminate\\Routing\\Router.php(875): Illuminate\\Routing\\Router::toResponse(Object(Illuminate\\Http\\Request), Object(Illuminate\\View\\View))
#13 D:\\PROYECTOS\\IMPORTACIONES RAMIREZ\\ERP-RAMIREZ\\vendor\\laravel\\framework\\src\\Illuminate\\Routing\\Router.php(797): Illuminate\\Routing\\Router->prepareResponse(Object(Illuminate\\Http\\Request), Object(Illuminate\\View\\View))
#14 D:\\PROYECTOS\\IMPORTACIONES RAMIREZ\\ERP-RAMIREZ\\vendor\\laravel\\framework\\src\\Illuminate\\Pipeline\\Pipeline.php(141): Illuminate\\Routing\\Router->Illuminate\\Routing\\{closure}(Object(Illuminate\\Http\\Request))
#15 D:\\PROYECTOS\\IMPORTACIONES RAMIREZ\\ERP-RAMIREZ\\app\\Http\\Middleware\\CheckUserLogin.php(22): Illuminate\\Pipeline\\Pipeline->Illuminate\\Pipeline\\{closure}(Object(Illuminate\\Http\\Request))
#16 D:\\PROYECTOS\\IMPORTACIONES RAMIREZ\\ERP-RAMIREZ\\vendor\\laravel\\framework\\src\\Illuminate\\Pipeline\\Pipeline.php(180): App\\Http\\Middleware\\CheckUserLogin->handle(Object(Illuminate\\Http\\Request), Object(Closure))
#17 D:\\PROYECTOS\\IMPORTACIONES RAMIREZ\\ERP-RAMIREZ\\app\\Http\\Middleware\\AdminSidebarMenu.php(906): Illuminate\\Pipeline\\Pipeline->Illuminate\\Pipeline\\{closure}(Object(Illuminate\\Http\\Request))
#18 D:\\PROYECTOS\\IMPORTACIONES RAMIREZ\\ERP-RAMIREZ\\vendor\\laravel\\framework\\src\\Illuminate\\Pipeline\\Pipeline.php(180): App\\Http\\Middleware\\AdminSidebarMenu->handle(Object(Illuminate\\Http\\Request), Object(Closure))
#19 D:\\PROYECTOS\\IMPORTACIONES RAMIREZ\\ERP-RAMIREZ\\app\\Http\\Middleware\\Timezone.php(30): Illuminate\\Pipeline\\Pipeline->Illuminate\\Pipeline\\{closure}(Object(Illuminate\\Http\\Request))
#20 D:\\PROYECTOS\\IMPORTACIONES RAMIREZ\\ERP-RAMIREZ\\vendor\\laravel\\framework\\src\\Illuminate\\Pipeline\\Pipeline.php(180): App\\Http\\Middleware\\Timezone->handle(Object(Illuminate\\Http\\Request), Object(Closure))
#21 D:\\PROYECTOS\\IMPORTACIONES RAMIREZ\\ERP-RAMIREZ\\app\\Http\\Middleware\\Language.php(25): Illuminate\\Pipeline\\Pipeline->Illuminate\\Pipeline\\{closure}(Object(Illuminate\\Http\\Request))
#22 D:\\PROYECTOS\\IMPORTACIONES RAMIREZ\\ERP-RAMIREZ\\vendor\\laravel\\framework\\src\\Illuminate\\Pipeline\\Pipeline.php(180): App\\Http\\Middleware\\Language->handle(Object(Illuminate\\Http\\Request), Object(Closure))
#23 D:\\PROYECTOS\\IMPORTACIONES RAMIREZ\\ERP-RAMIREZ\\app\\Http\\Middleware\\SetSessionData.php(52): Illuminate\\Pipeline\\Pipeline->Illuminate\\Pipeline\\{closure}(Object(Illuminate\\Http\\Request))
#24 D:\\PROYECTOS\\IMPORTACIONES RAMIREZ\\ERP-RAMIREZ\\vendor\\laravel\\framework\\src\\Illuminate\\Pipeline\\Pipeline.php(180): App\\Http\\Middleware\\SetSessionData->handle(Object(Illuminate\\Http\\Request), Object(Closure))
#25 D:\\PROYECTOS\\IMPORTACIONES RAMIREZ\\ERP-RAMIREZ\\app\\Http\\Middleware\\IsInstalled.php(50): Illuminate\\Pipeline\\Pipeline->Illuminate\\Pipeline\\{closure}(Object(Illuminate\\Http\\Request))
#26 D:\\PROYECTOS\\IMPORTACIONES RAMIREZ\\ERP-RAMIREZ\\vendor\\laravel\\framework\\src\\Illuminate\\Pipeline\\Pipeline.php(180): App\\Http\\Middleware\\IsInstalled->handle(Object(Illuminate\\Http\\Request), Object(Closure))
#27 D:\\PROYECTOS\\IMPORTACIONES RAMIREZ\\ERP-RAMIREZ\\vendor\\laravel\\framework\\src\\Illuminate\\Routing\\Middleware\\SubstituteBindings.php(50): Illuminate\\Pipeline\\Pipeline->Illuminate\\Pipeline\\{closure}(Object(Illuminate\\Http\\Request))
#28 D:\\PROYECTOS\\IMPORTACIONES RAMIREZ\\ERP-RAMIREZ\\vendor\\laravel\\framework\\src\\Illuminate\\Pipeline\\Pipeline.php(180): Illuminate\\Routing\\Middleware\\SubstituteBindings->handle(Object(Illuminate\\Http\\Request), Object(Closure))
#29 D:\\PROYECTOS\\IMPORTACIONES RAMIREZ\\ERP-RAMIREZ\\vendor\\laravel\\framework\\src\\Illuminate\\Auth\\Middleware\\Authenticate.php(44): Illuminate\\Pipeline\\Pipeline->Illuminate\\Pipeline\\{closure}(Object(Illuminate\\Http\\Request))
#30 D:\\PROYECTOS\\IMPORTACIONES RAMIREZ\\ERP-RAMIREZ\\vendor\\laravel\\framework\\src\\Illuminate\\Pipeline\\Pipeline.php(180): Illuminate\\Auth\\Middleware\\Authenticate->handle(Object(Illuminate\\Http\\Request), Object(Closure))
#31 D:\\PROYECTOS\\IMPORTACIONES RAMIREZ\\ERP-RAMIREZ\\vendor\\laravel\\framework\\src\\Illuminate\\Foundation\\Http\\Middleware\\VerifyCsrfToken.php(78): Illuminate\\Pipeline\\Pipeline->Illuminate\\Pipeline\\{closure}(Object(Illuminate\\Http\\Request))
#32 D:\\PROYECTOS\\IMPORTACIONES RAMIREZ\\ERP-RAMIREZ\\vendor\\laravel\\framework\\src\\Illuminate\\Pipeline\\Pipeline.php(180): Illuminate\\Foundation\\Http\\Middleware\\VerifyCsrfToken->handle(Object(Illuminate\\Http\\Request), Object(Closure))
#33 D:\\PROYECTOS\\IMPORTACIONES RAMIREZ\\ERP-RAMIREZ\\vendor\\laravel\\framework\\src\\Illuminate\\View\\Middleware\\ShareErrorsFromSession.php(49): Illuminate\\Pipeline\\Pipeline->Illuminate\\Pipeline\\{closure}(Object(Illuminate\\Http\\Request))
#34 D:\\PROYECTOS\\IMPORTACIONES RAMIREZ\\ERP-RAMIREZ\\vendor\\laravel\\framework\\src\\Illuminate\\Pipeline\\Pipeline.php(180): Illuminate\\View\\Middleware\\ShareErrorsFromSession->handle(Object(Illuminate\\Http\\Request), Object(Closure))
#35 D:\\PROYECTOS\\IMPORTACIONES RAMIREZ\\ERP-RAMIREZ\\vendor\\laravel\\framework\\src\\Illuminate\\Session\\Middleware\\StartSession.php(121): Illuminate\\Pipeline\\Pipeline->Illuminate\\Pipeline\\{closure}(Object(Illuminate\\Http\\Request))
#36 D:\\PROYECTOS\\IMPORTACIONES RAMIREZ\\ERP-RAMIREZ\\vendor\\laravel\\framework\\src\\Illuminate\\Session\\Middleware\\StartSession.php(64): Illuminate\\Session\\Middleware\\StartSession->handleStatefulRequest(Object(Illuminate\\Http\\Request), Object(Illuminate\\Session\\Store), Object(Closure))
#37 D:\\PROYECTOS\\IMPORTACIONES RAMIREZ\\ERP-RAMIREZ\\vendor\\laravel\\framework\\src\\Illuminate\\Pipeline\\Pipeline.php(180): Illuminate\\Session\\Middleware\\StartSession->handle(Object(Illuminate\\Http\\Request), Object(Closure))
#38 D:\\PROYECTOS\\IMPORTACIONES RAMIREZ\\ERP-RAMIREZ\\vendor\\laravel\\framework\\src\\Illuminate\\Cookie\\Middleware\\AddQueuedCookiesToResponse.php(37): Illuminate\\Pipeline\\Pipeline->Illuminate\\Pipeline\\{closure}(Object(Illuminate\\Http\\Request))
#39 D:\\PROYECTOS\\IMPORTACIONES RAMIREZ\\ERP-RAMIREZ\\vendor\\laravel\\framework\\src\\Illuminate\\Pipeline\\Pipeline.php(180): Illuminate\\Cookie\\Middleware\\AddQueuedCookiesToResponse->handle(Object(Illuminate\\Http\\Request), Object(Closure))
#40 D:\\PROYECTOS\\IMPORTACIONES RAMIREZ\\ERP-RAMIREZ\\vendor\\laravel\\framework\\src\\Illuminate\\Cookie\\Middleware\\EncryptCookies.php(67): Illuminate\\Pipeline\\Pipeline->Illuminate\\Pipeline\\{closure}(Object(Illuminate\\Http\\Request))
#41 D:\\PROYECTOS\\IMPORTACIONES RAMIREZ\\ERP-RAMIREZ\\vendor\\laravel\\framework\\src\\Illuminate\\Pipeline\\Pipeline.php(180): Illuminate\\Cookie\\Middleware\\EncryptCookies->handle(Object(Illuminate\\Http\\Request), Object(Closure))
#42 D:\\PROYECTOS\\IMPORTACIONES RAMIREZ\\ERP-RAMIREZ\\vendor\\laravel\\framework\\src\\Illuminate\\Pipeline\\Pipeline.php(116): Illuminate\\Pipeline\\Pipeline->Illuminate\\Pipeline\\{closure}(Object(Illuminate\\Http\\Request))
#43 D:\\PROYECTOS\\IMPORTACIONES RAMIREZ\\ERP-RAMIREZ\\vendor\\laravel\\framework\\src\\Illuminate\\Routing\\Router.php(797): Illuminate\\Pipeline\\Pipeline->then(Object(Closure))
#44 D:\\PROYECTOS\\IMPORTACIONES RAMIREZ\\ERP-RAMIREZ\\vendor\\laravel\\framework\\src\\Illuminate\\Routing\\Router.php(776): Illuminate\\Routing\\Router->runRouteWithinStack(Object(Illuminate\\Routing\\Route), Object(Illuminate\\Http\\Request))
#45 D:\\PROYECTOS\\IMPORTACIONES RAMIREZ\\ERP-RAMIREZ\\vendor\\laravel\\framework\\src\\Illuminate\\Routing\\Router.php(740): Illuminate\\Routing\\Router->runRoute(Object(Illuminate\\Http\\Request), Object(Illuminate\\Routing\\Route))
#46 D:\\PROYECTOS\\IMPORTACIONES RAMIREZ\\ERP-RAMIREZ\\vendor\\laravel\\framework\\src\\Illuminate\\Routing\\Router.php(729): Illuminate\\Routing\\Router->dispatchToRoute(Object(Illuminate\\Http\\Request))
#47 D:\\PROYECTOS\\IMPORTACIONES RAMIREZ\\ERP-RAMIREZ\\vendor\\laravel\\framework\\src\\Illuminate\\Foundation\\Http\\Kernel.php(190): Illuminate\\Routing\\Router->dispatch(Object(Illuminate\\Http\\Request))
#48 D:\\PROYECTOS\\IMPORTACIONES RAMIREZ\\ERP-RAMIREZ\\vendor\\laravel\\framework\\src\\Illuminate\\Pipeline\\Pipeline.php(141): Illuminate\\Foundation\\Http\\Kernel->Illuminate\\Foundation\\Http\\{closure}(Object(Illuminate\\Http\\Request))
#49 D:\\PROYECTOS\\IMPORTACIONES RAMIREZ\\ERP-RAMIREZ\\vendor\\barryvdh\\laravel-debugbar\\src\\Middleware\\InjectDebugbar.php(59): Illuminate\\Pipeline\\Pipeline->Illuminate\\Pipeline\\{closure}(Object(Illuminate\\Http\\Request))
#50 D:\\PROYECTOS\\IMPORTACIONES RAMIREZ\\ERP-RAMIREZ\\vendor\\laravel\\framework\\src\\Illuminate\\Pipeline\\Pipeline.php(180): Barryvdh\\Debugbar\\Middleware\\InjectDebugbar->handle(Object(Illuminate\\Http\\Request), Object(Closure))
#51 D:\\PROYECTOS\\IMPORTACIONES RAMIREZ\\ERP-RAMIREZ\\vendor\\laravel\\framework\\src\\Illuminate\\Foundation\\Http\\Middleware\\TransformsRequest.php(21): Illuminate\\Pipeline\\Pipeline->Illuminate\\Pipeline\\{closure}(Object(Illuminate\\Http\\Request))
#52 D:\\PROYECTOS\\IMPORTACIONES RAMIREZ\\ERP-RAMIREZ\\vendor\\laravel\\framework\\src\\Illuminate\\Foundation\\Http\\Middleware\\ConvertEmptyStringsToNull.php(31): Illuminate\\Foundation\\Http\\Middleware\\TransformsRequest->handle(Object(Illuminate\\Http\\Request), Object(Closure))
#53 D:\\PROYECTOS\\IMPORTACIONES RAMIREZ\\ERP-RAMIREZ\\vendor\\laravel\\framework\\src\\Illuminate\\Pipeline\\Pipeline.php(180): Illuminate\\Foundation\\Http\\Middleware\\ConvertEmptyStringsToNull->handle(Object(Illuminate\\Http\\Request), Object(Closure))
#54 D:\\PROYECTOS\\IMPORTACIONES RAMIREZ\\ERP-RAMIREZ\\vendor\\laravel\\framework\\src\\Illuminate\\Foundation\\Http\\Middleware\\TransformsRequest.php(21): Illuminate\\Pipeline\\Pipeline->Illuminate\\Pipeline\\{closure}(Object(Illuminate\\Http\\Request))
#55 D:\\PROYECTOS\\IMPORTACIONES RAMIREZ\\ERP-RAMIREZ\\vendor\\laravel\\framework\\src\\Illuminate\\Foundation\\Http\\Middleware\\TrimStrings.php(40): Illuminate\\Foundation\\Http\\Middleware\\TransformsRequest->handle(Object(Illuminate\\Http\\Request), Object(Closure))
#56 D:\\PROYECTOS\\IMPORTACIONES RAMIREZ\\ERP-RAMIREZ\\vendor\\laravel\\framework\\src\\Illuminate\\Pipeline\\Pipeline.php(180): Illuminate\\Foundation\\Http\\Middleware\\TrimStrings->handle(Object(Illuminate\\Http\\Request), Object(Closure))
#57 D:\\PROYECTOS\\IMPORTACIONES RAMIREZ\\ERP-RAMIREZ\\vendor\\laravel\\framework\\src\\Illuminate\\Foundation\\Http\\Middleware\\ValidatePostSize.php(27): Illuminate\\Pipeline\\Pipeline->Illuminate\\Pipeline\\{closure}(Object(Illuminate\\Http\\Request))
#58 D:\\PROYECTOS\\IMPORTACIONES RAMIREZ\\ERP-RAMIREZ\\vendor\\laravel\\framework\\src\\Illuminate\\Pipeline\\Pipeline.php(180): Illuminate\\Foundation\\Http\\Middleware\\ValidatePostSize->handle(Object(Illuminate\\Http\\Request), Object(Closure))
#59 D:\\PROYECTOS\\IMPORTACIONES RAMIREZ\\ERP-RAMIREZ\\vendor\\laravel\\framework\\src\\Illuminate\\Foundation\\Http\\Middleware\\PreventRequestsDuringMaintenance.php(86): Illuminate\\Pipeline\\Pipeline->Illuminate\\Pipeline\\{closure}(Object(Illuminate\\Http\\Request))
#60 D:\\PROYECTOS\\IMPORTACIONES RAMIREZ\\ERP-RAMIREZ\\vendor\\laravel\\framework\\src\\Illuminate\\Pipeline\\Pipeline.php(180): Illuminate\\Foundation\\Http\\Middleware\\PreventRequestsDuringMaintenance->handle(Object(Illuminate\\Http\\Request), Object(Closure))
#61 D:\\PROYECTOS\\IMPORTACIONES RAMIREZ\\ERP-RAMIREZ\\vendor\\laravel\\framework\\src\\Illuminate\\Http\\Middleware\\HandleCors.php(49): Illuminate\\Pipeline\\Pipeline->Illuminate\\Pipeline\\{closure}(Object(Illuminate\\Http\\Request))
#62 D:\\PROYECTOS\\IMPORTACIONES RAMIREZ\\ERP-RAMIREZ\\vendor\\laravel\\framework\\src\\Illuminate\\Pipeline\\Pipeline.php(180): Illuminate\\Http\\Middleware\\HandleCors->handle(Object(Illuminate\\Http\\Request), Object(Closure))
#63 D:\\PROYECTOS\\IMPORTACIONES RAMIREZ\\ERP-RAMIREZ\\vendor\\laravel\\framework\\src\\Illuminate\\Http\\Middleware\\TrustProxies.php(39): Illuminate\\Pipeline\\Pipeline->Illuminate\\Pipeline\\{closure}(Object(Illuminate\\Http\\Request))
#64 D:\\PROYECTOS\\IMPORTACIONES RAMIREZ\\ERP-RAMIREZ\\vendor\\laravel\\framework\\src\\Illuminate\\Pipeline\\Pipeline.php(180): Illuminate\\Http\\Middleware\\TrustProxies->handle(Object(Illuminate\\Http\\Request), Object(Closure))
#65 D:\\PROYECTOS\\IMPORTACIONES RAMIREZ\\ERP-RAMIREZ\\vendor\\laravel\\framework\\src\\Illuminate\\Pipeline\\Pipeline.php(116): Illuminate\\Pipeline\\Pipeline->Illuminate\\Pipeline\\{closure}(Object(Illuminate\\Http\\Request))
#66 D:\\PROYECTOS\\IMPORTACIONES RAMIREZ\\ERP-RAMIREZ\\vendor\\laravel\\framework\\src\\Illuminate\\Foundation\\Http\\Kernel.php(165): Illuminate\\Pipeline\\Pipeline->then(Object(Closure))
#67 D:\\PROYECTOS\\IMPORTACIONES RAMIREZ\\ERP-RAMIREZ\\vendor\\laravel\\framework\\src\\Illuminate\\Foundation\\Http\\Kernel.php(134): Illuminate\\Foundation\\Http\\Kernel->sendRequestThroughRouter(Object(Illuminate\\Http\\Request))
#68 D:\\PROYECTOS\\IMPORTACIONES RAMIREZ\\ERP-RAMIREZ\\public\\index.php(51): Illuminate\\Foundation\\Http\\Kernel->handle(Object(Illuminate\\Http\\Request))
#69 D:\\PROYECTOS\\IMPORTACIONES RAMIREZ\\ERP-RAMIREZ\\vendor\\laravel\\framework\\src\\Illuminate\\Foundation\\resources\\server.php(16): require_once('D:\\\\PROYECTOS\\\\IM...')
#70 {main}

[previous exception] [object] (ErrorException(code: 0): Undefined variable $desde at D:\\PROYECTOS\\IMPORTACIONES RAMIREZ\\ERP-RAMIREZ\\storage\\framework\\views\\dc6f0818c41a1e845a314568edf6dc99a1727aa6.php:24)
[stacktrace]
#0 D:\\PROYECTOS\\IMPORTACIONES RAMIREZ\\ERP-RAMIREZ\\vendor\\laravel\\framework\\src\\Illuminate\\Foundation\\Bootstrap\\HandleExceptions.php(266): Illuminate\\Foundation\\Bootstrap\\HandleExceptions->handleError(2, 'Undefined varia...', 'D:\\\\PROYECTOS\\\\IM...', 24)
#1 D:\\PROYECTOS\\IMPORTACIONES RAMIREZ\\ERP-RAMIREZ\\storage\\framework\\views\\dc6f0818c41a1e845a314568edf6dc99a1727aa6.php(24): Illuminate\\Foundation\\Bootstrap\\HandleExceptions->Illuminate\\Foundation\\Bootstrap\\{closure}(2, 'Undefined varia...', 'D:\\\\PROYECTOS\\\\IM...', 24)
#2 D:\\PROYECTOS\\IMPORTACIONES RAMIREZ\\ERP-RAMIREZ\\vendor\\laravel\\framework\\src\\Illuminate\\Filesystem\\Filesystem.php(109): require('D:\\\\PROYECTOS\\\\IM...')
#3 D:\\PROYECTOS\\IMPORTACIONES RAMIREZ\\ERP-RAMIREZ\\vendor\\laravel\\framework\\src\\Illuminate\\Filesystem\\Filesystem.php(110): Illuminate\\Filesystem\\Filesystem::Illuminate\\Filesystem\\{closure}()
#4 D:\\PROYECTOS\\IMPORTACIONES RAMIREZ\\ERP-RAMIREZ\\vendor\\laravel\\framework\\src\\Illuminate\\View\\Engines\\PhpEngine.php(58): Illuminate\\Filesystem\\Filesystem->getRequire('D:\\\\PROYECTOS\\\\IM...', Array)
#5 D:\\PROYECTOS\\IMPORTACIONES RAMIREZ\\ERP-RAMIREZ\\vendor\\laravel\\framework\\src\\Illuminate\\View\\Engines\\CompilerEngine.php(70): Illuminate\\View\\Engines\\PhpEngine->evaluatePath('D:\\\\PROYECTOS\\\\IM...', Array)
#6 D:\\PROYECTOS\\IMPORTACIONES RAMIREZ\\ERP-RAMIREZ\\vendor\\laravel\\framework\\src\\Illuminate\\View\\View.php(195): Illuminate\\View\\Engines\\CompilerEngine->get('D:\\\\PROYECTOS\\\\IM...', Array)
#7 D:\\PROYECTOS\\IMPORTACIONES RAMIREZ\\ERP-RAMIREZ\\vendor\\laravel\\framework\\src\\Illuminate\\View\\View.php(178): Illuminate\\View\\View->getContents()
#8 D:\\PROYECTOS\\IMPORTACIONES RAMIREZ\\ERP-RAMIREZ\\vendor\\laravel\\framework\\src\\Illuminate\\View\\View.php(147): Illuminate\\View\\View->renderContents()
#9 D:\\PROYECTOS\\IMPORTACIONES RAMIREZ\\ERP-RAMIREZ\\vendor\\laravel\\framework\\src\\Illuminate\\Http\\Response.php(69): Illuminate\\View\\View->render()
#10 D:\\PROYECTOS\\IMPORTACIONES RAMIREZ\\ERP-RAMIREZ\\vendor\\laravel\\framework\\src\\Illuminate\\Http\\Response.php(35): Illuminate\\Http\\Response->setContent(Object(Illuminate\\View\\View))
#11 D:\\PROYECTOS\\IMPORTACIONES RAMIREZ\\ERP-RAMIREZ\\vendor\\laravel\\framework\\src\\Illuminate\\Routing\\Router.php(906): Illuminate\\Http\\Response->__construct(Object(Illuminate\\View\\View), 200, Array)
#12 D:\\PROYECTOS\\IMPORTACIONES RAMIREZ\\ERP-RAMIREZ\\vendor\\laravel\\framework\\src\\Illuminate\\Routing\\Router.php(875): Illuminate\\Routing\\Router::toResponse(Object(Illuminate\\Http\\Request), Object(Illuminate\\View\\View))
#13 D:\\PROYECTOS\\IMPORTACIONES RAMIREZ\\ERP-RAMIREZ\\vendor\\laravel\\framework\\src\\Illuminate\\Routing\\Router.php(797): Illuminate\\Routing\\Router->prepareResponse(Object(Illuminate\\Http\\Request), Object(Illuminate\\View\\View))
#14 D:\\PROYECTOS\\IMPORTACIONES RAMIREZ\\ERP-RAMIREZ\\vendor\\laravel\\framework\\src\\Illuminate\\Pipeline\\Pipeline.php(141): Illuminate\\Routing\\Router->Illuminate\\Routing\\{closure}(Object(Illuminate\\Http\\Request))
#15 D:\\PROYECTOS\\IMPORTACIONES RAMIREZ\\ERP-RAMIREZ\\app\\Http\\Middleware\\CheckUserLogin.php(22): Illuminate\\Pipeline\\Pipeline->Illuminate\\Pipeline\\{closure}(Object(Illuminate\\Http\\Request))
#16 D:\\PROYECTOS\\IMPORTACIONES RAMIREZ\\ERP-RAMIREZ\\vendor\\laravel\\framework\\src\\Illuminate\\Pipeline\\Pipeline.php(180): App\\Http\\Middleware\\CheckUserLogin->handle(Object(Illuminate\\Http\\Request), Object(Closure))
#17 D:\\PROYECTOS\\IMPORTACIONES RAMIREZ\\ERP-RAMIREZ\\app\\Http\\Middleware\\AdminSidebarMenu.php(906): Illuminate\\Pipeline\\Pipeline->Illuminate\\Pipeline\\{closure}(Object(Illuminate\\Http\\Request))
#18 D:\\PROYECTOS\\IMPORTACIONES RAMIREZ\\ERP-RAMIREZ\\vendor\\laravel\\framework\\src\\Illuminate\\Pipeline\\Pipeline.php(180): App\\Http\\Middleware\\AdminSidebarMenu->handle(Object(Illuminate\\Http\\Request), Object(Closure))
#19 D:\\PROYECTOS\\IMPORTACIONES RAMIREZ\\ERP-RAMIREZ\\app\\Http\\Middleware\\Timezone.php(30): Illuminate\\Pipeline\\Pipeline->Illuminate\\Pipeline\\{closure}(Object(Illuminate\\Http\\Request))
#20 D:\\PROYECTOS\\IMPORTACIONES RAMIREZ\\ERP-RAMIREZ\\vendor\\laravel\\framework\\src\\Illuminate\\Pipeline\\Pipeline.php(180): App\\Http\\Middleware\\Timezone->handle(Object(Illuminate\\Http\\Request), Object(Closure))
#21 D:\\PROYECTOS\\IMPORTACIONES RAMIREZ\\ERP-RAMIREZ\\app\\Http\\Middleware\\Language.php(25): Illuminate\\Pipeline\\Pipeline->Illuminate\\Pipeline\\{closure}(Object(Illuminate\\Http\\Request))
#22 D:\\PROYECTOS\\IMPORTACIONES RAMIREZ\\ERP-RAMIREZ\\vendor\\laravel\\framework\\src\\Illuminate\\Pipeline\\Pipeline.php(180): App\\Http\\Middleware\\Language->handle(Object(Illuminate\\Http\\Request), Object(Closure))
#23 D:\\PROYECTOS\\IMPORTACIONES RAMIREZ\\ERP-RAMIREZ\\app\\Http\\Middleware\\SetSessionData.php(52): Illuminate\\Pipeline\\Pipeline->Illuminate\\Pipeline\\{closure}(Object(Illuminate\\Http\\Request))
#24 D:\\PROYECTOS\\IMPORTACIONES RAMIREZ\\ERP-RAMIREZ\\vendor\\laravel\\framework\\src\\Illuminate\\Pipeline\\Pipeline.php(180): App\\Http\\Middleware\\SetSessionData->handle(Object(Illuminate\\Http\\Request), Object(Closure))
#25 D:\\PROYECTOS\\IMPORTACIONES RAMIREZ\\ERP-RAMIREZ\\app\\Http\\Middleware\\IsInstalled.php(50): Illuminate\\Pipeline\\Pipeline->Illuminate\\Pipeline\\{closure}(Object(Illuminate\\Http\\Request))
#26 D:\\PROYECTOS\\IMPORTACIONES RAMIREZ\\ERP-RAMIREZ\\vendor\\laravel\\framework\\src\\Illuminate\\Pipeline\\Pipeline.php(180): App\\Http\\Middleware\\IsInstalled->handle(Object(Illuminate\\Http\\Request), Object(Closure))
#27 D:\\PROYECTOS\\IMPORTACIONES RAMIREZ\\ERP-RAMIREZ\\vendor\\laravel\\framework\\src\\Illuminate\\Routing\\Middleware\\SubstituteBindings.php(50): Illuminate\\Pipeline\\Pipeline->Illuminate\\Pipeline\\{closure}(Object(Illuminate\\Http\\Request))
#28 D:\\PROYECTOS\\IMPORTACIONES RAMIREZ\\ERP-RAMIREZ\\vendor\\laravel\\framework\\src\\Illuminate\\Pipeline\\Pipeline.php(180): Illuminate\\Routing\\Middleware\\SubstituteBindings->handle(Object(Illuminate\\Http\\Request), Object(Closure))
#29 D:\\PROYECTOS\\IMPORTACIONES RAMIREZ\\ERP-RAMIREZ\\vendor\\laravel\\framework\\src\\Illuminate\\Auth\\Middleware\\Authenticate.php(44): Illuminate\\Pipeline\\Pipeline->Illuminate\\Pipeline\\{closure}(Object(Illuminate\\Http\\Request))
#30 D:\\PROYECTOS\\IMPORTACIONES RAMIREZ\\ERP-RAMIREZ\\vendor\\laravel\\framework\\src\\Illuminate\\Pipeline\\Pipeline.php(180): Illuminate\\Auth\\Middleware\\Authenticate->handle(Object(Illuminate\\Http\\Request), Object(Closure))
#31 D:\\PROYECTOS\\IMPORTACIONES RAMIREZ\\ERP-RAMIREZ\\vendor\\laravel\\framework\\src\\Illuminate\\Foundation\\Http\\Middleware\\VerifyCsrfToken.php(78): Illuminate\\Pipeline\\Pipeline->Illuminate\\Pipeline\\{closure}(Object(Illuminate\\Http\\Request))
#32 D:\\PROYECTOS\\IMPORTACIONES RAMIREZ\\ERP-RAMIREZ\\vendor\\laravel\\framework\\src\\Illuminate\\Pipeline\\Pipeline.php(180): Illuminate\\Foundation\\Http\\Middleware\\VerifyCsrfToken->handle(Object(Illuminate\\Http\\Request), Object(Closure))
#33 D:\\PROYECTOS\\IMPORTACIONES RAMIREZ\\ERP-RAMIREZ\\vendor\\laravel\\framework\\src\\Illuminate\\View\\Middleware\\ShareErrorsFromSession.php(49): Illuminate\\Pipeline\\Pipeline->Illuminate\\Pipeline\\{closure}(Object(Illuminate\\Http\\Request))
#34 D:\\PROYECTOS\\IMPORTACIONES RAMIREZ\\ERP-RAMIREZ\\vendor\\laravel\\framework\\src\\Illuminate\\Pipeline\\Pipeline.php(180): Illuminate\\View\\Middleware\\ShareErrorsFromSession->handle(Object(Illuminate\\Http\\Request), Object(Closure))
#35 D:\\PROYECTOS\\IMPORTACIONES RAMIREZ\\ERP-RAMIREZ\\vendor\\laravel\\framework\\src\\Illuminate\\Session\\Middleware\\StartSession.php(121): Illuminate\\Pipeline\\Pipeline->Illuminate\\Pipeline\\{closure}(Object(Illuminate\\Http\\Request))
#36 D:\\PROYECTOS\\IMPORTACIONES RAMIREZ\\ERP-RAMIREZ\\vendor\\laravel\\framework\\src\\Illuminate\\Session\\Middleware\\StartSession.php(64): Illuminate\\Session\\Middleware\\StartSession->handleStatefulRequest(Object(Illuminate\\Http\\Request), Object(Illuminate\\Session\\Store), Object(Closure))
#37 D:\\PROYECTOS\\IMPORTACIONES RAMIREZ\\ERP-RAMIREZ\\vendor\\laravel\\framework\\src\\Illuminate\\Pipeline\\Pipeline.php(180): Illuminate\\Session\\Middleware\\StartSession->handle(Object(Illuminate\\Http\\Request), Object(Closure))
#38 D:\\PROYECTOS\\IMPORTACIONES RAMIREZ\\ERP-RAMIREZ\\vendor\\laravel\\framework\\src\\Illuminate\\Cookie\\Middleware\\AddQueuedCookiesToResponse.php(37): Illuminate\\Pipeline\\Pipeline->Illuminate\\Pipeline\\{closure}(Object(Illuminate\\Http\\Request))
#39 D:\\PROYECTOS\\IMPORTACIONES RAMIREZ\\ERP-RAMIREZ\\vendor\\laravel\\framework\\src\\Illuminate\\Pipeline\\Pipeline.php(180): Illuminate\\Cookie\\Middleware\\AddQueuedCookiesToResponse->handle(Object(Illuminate\\Http\\Request), Object(Closure))
#40 D:\\PROYECTOS\\IMPORTACIONES RAMIREZ\\ERP-RAMIREZ\\vendor\\laravel\\framework\\src\\Illuminate\\Cookie\\Middleware\\EncryptCookies.php(67): Illuminate\\Pipeline\\Pipeline->Illuminate\\Pipeline\\{closure}(Object(Illuminate\\Http\\Request))
#41 D:\\PROYECTOS\\IMPORTACIONES RAMIREZ\\ERP-RAMIREZ\\vendor\\laravel\\framework\\src\\Illuminate\\Pipeline\\Pipeline.php(180): Illuminate\\Cookie\\Middleware\\EncryptCookies->handle(Object(Illuminate\\Http\\Request), Object(Closure))
#42 D:\\PROYECTOS\\IMPORTACIONES RAMIREZ\\ERP-RAMIREZ\\vendor\\laravel\\framework\\src\\Illuminate\\Pipeline\\Pipeline.php(116): Illuminate\\Pipeline\\Pipeline->Illuminate\\Pipeline\\{closure}(Object(Illuminate\\Http\\Request))
#43 D:\\PROYECTOS\\IMPORTACIONES RAMIREZ\\ERP-RAMIREZ\\vendor\\laravel\\framework\\src\\Illuminate\\Routing\\Router.php(797): Illuminate\\Pipeline\\Pipeline->then(Object(Closure))
#44 D:\\PROYECTOS\\IMPORTACIONES RAMIREZ\\ERP-RAMIREZ\\vendor\\laravel\\framework\\src\\Illuminate\\Routing\\Router.php(776): Illuminate\\Routing\\Router->runRouteWithinStack(Object(Illuminate\\Routing\\Route), Object(Illuminate\\Http\\Request))
#45 D:\\PROYECTOS\\IMPORTACIONES RAMIREZ\\ERP-RAMIREZ\\vendor\\laravel\\framework\\src\\Illuminate\\Routing\\Router.php(740): Illuminate\\Routing\\Router->runRoute(Object(Illuminate\\Http\\Request), Object(Illuminate\\Routing\\Route))
#46 D:\\PROYECTOS\\IMPORTACIONES RAMIREZ\\ERP-RAMIREZ\\vendor\\laravel\\framework\\src\\Illuminate\\Routing\\Router.php(729): Illuminate\\Routing\\Router->dispatchToRoute(Object(Illuminate\\Http\\Request))
#47 D:\\PROYECTOS\\IMPORTACIONES RAMIREZ\\ERP-RAMIREZ\\vendor\\laravel\\framework\\src\\Illuminate\\Foundation\\Http\\Kernel.php(190): Illuminate\\Routing\\Router->dispatch(Object(Illuminate\\Http\\Request))
#48 D:\\PROYECTOS\\IMPORTACIONES RAMIREZ\\ERP-RAMIREZ\\vendor\\laravel\\framework\\src\\Illuminate\\Pipeline\\Pipeline.php(141): Illuminate\\Foundation\\Http\\Kernel->Illuminate\\Foundation\\Http\\{closure}(Object(Illuminate\\Http\\Request))
#49 D:\\PROYECTOS\\IMPORTACIONES RAMIREZ\\ERP-RAMIREZ\\vendor\\barryvdh\\laravel-debugbar\\src\\Middleware\\InjectDebugbar.php(59): Illuminate\\Pipeline\\Pipeline->Illuminate\\Pipeline\\{closure}(Object(Illuminate\\Http\\Request))
#50 D:\\PROYECTOS\\IMPORTACIONES RAMIREZ\\ERP-RAMIREZ\\vendor\\laravel\\framework\\src\\Illuminate\\Pipeline\\Pipeline.php(180): Barryvdh\\Debugbar\\Middleware\\InjectDebugbar->handle(Object(Illuminate\\Http\\Request), Object(Closure))
#51 D:\\PROYECTOS\\IMPORTACIONES RAMIREZ\\ERP-RAMIREZ\\vendor\\laravel\\framework\\src\\Illuminate\\Foundation\\Http\\Middleware\\TransformsRequest.php(21): Illuminate\\Pipeline\\Pipeline->Illuminate\\Pipeline\\{closure}(Object(Illuminate\\Http\\Request))
#52 D:\\PROYECTOS\\IMPORTACIONES RAMIREZ\\ERP-RAMIREZ\\vendor\\laravel\\framework\\src\\Illuminate\\Foundation\\Http\\Middleware\\ConvertEmptyStringsToNull.php(31): Illuminate\\Foundation\\Http\\Middleware\\TransformsRequest->handle(Object(Illuminate\\Http\\Request), Object(Closure))
#53 D:\\PROYECTOS\\IMPORTACIONES RAMIREZ\\ERP-RAMIREZ\\vendor\\laravel\\framework\\src\\Illuminate\\Pipeline\\Pipeline.php(180): Illuminate\\Foundation\\Http\\Middleware\\ConvertEmptyStringsToNull->handle(Object(Illuminate\\Http\\Request), Object(Closure))
#54 D:\\PROYECTOS\\IMPORTACIONES RAMIREZ\\ERP-RAMIREZ\\vendor\\laravel\\framework\\src\\Illuminate\\Foundation\\Http\\Middleware\\TransformsRequest.php(21): Illuminate\\Pipeline\\Pipeline->Illuminate\\Pipeline\\{closure}(Object(Illuminate\\Http\\Request))
#55 D:\\PROYECTOS\\IMPORTACIONES RAMIREZ\\ERP-RAMIREZ\\vendor\\laravel\\framework\\src\\Illuminate\\Foundation\\Http\\Middleware\\TrimStrings.php(40): Illuminate\\Foundation\\Http\\Middleware\\TransformsRequest->handle(Object(Illuminate\\Http\\Request), Object(Closure))
#56 D:\\PROYECTOS\\IMPORTACIONES RAMIREZ\\ERP-RAMIREZ\\vendor\\laravel\\framework\\src\\Illuminate\\Pipeline\\Pipeline.php(180): Illuminate\\Foundation\\Http\\Middleware\\TrimStrings->handle(Object(Illuminate\\Http\\Request), Object(Closure))
#57 D:\\PROYECTOS\\IMPORTACIONES RAMIREZ\\ERP-RAMIREZ\\vendor\\laravel\\framework\\src\\Illuminate\\Foundation\\Http\\Middleware\\ValidatePostSize.php(27): Illuminate\\Pipeline\\Pipeline->Illuminate\\Pipeline\\{closure}(Object(Illuminate\\Http\\Request))
#58 D:\\PROYECTOS\\IMPORTACIONES RAMIREZ\\ERP-RAMIREZ\\vendor\\laravel\\framework\\src\\Illuminate\\Pipeline\\Pipeline.php(180): Illuminate\\Foundation\\Http\\Middleware\\ValidatePostSize->handle(Object(Illuminate\\Http\\Request), Object(Closure))
#59 D:\\PROYECTOS\\IMPORTACIONES RAMIREZ\\ERP-RAMIREZ\\vendor\\laravel\\framework\\src\\Illuminate\\Foundation\\Http\\Middleware\\PreventRequestsDuringMaintenance.php(86): Illuminate\\Pipeline\\Pipeline->Illuminate\\Pipeline\\{closure}(Object(Illuminate\\Http\\Request))
#60 D:\\PROYECTOS\\IMPORTACIONES RAMIREZ\\ERP-RAMIREZ\\vendor\\laravel\\framework\\src\\Illuminate\\Pipeline\\Pipeline.php(180): Illuminate\\Foundation\\Http\\Middleware\\PreventRequestsDuringMaintenance->handle(Object(Illuminate\\Http\\Request), Object(Closure))
#61 D:\\PROYECTOS\\IMPORTACIONES RAMIREZ\\ERP-RAMIREZ\\vendor\\laravel\\framework\\src\\Illuminate\\Http\\Middleware\\HandleCors.php(49): Illuminate\\Pipeline\\Pipeline->Illuminate\\Pipeline\\{closure}(Object(Illuminate\\Http\\Request))
#62 D:\\PROYECTOS\\IMPORTACIONES RAMIREZ\\ERP-RAMIREZ\\vendor\\laravel\\framework\\src\\Illuminate\\Pipeline\\Pipeline.php(180): Illuminate\\Http\\Middleware\\HandleCors->handle(Object(Illuminate\\Http\\Request), Object(Closure))
#63 D:\\PROYECTOS\\IMPORTACIONES RAMIREZ\\ERP-RAMIREZ\\vendor\\laravel\\framework\\src\\Illuminate\\Http\\Middleware\\TrustProxies.php(39): Illuminate\\Pipeline\\Pipeline->Illuminate\\Pipeline\\{closure}(Object(Illuminate\\Http\\Request))
#64 D:\\PROYECTOS\\IMPORTACIONES RAMIREZ\\ERP-RAMIREZ\\vendor\\laravel\\framework\\src\\Illuminate\\Pipeline\\Pipeline.php(180): Illuminate\\Http\\Middleware\\TrustProxies->handle(Object(Illuminate\\Http\\Request), Object(Closure))
#65 D:\\PROYECTOS\\IMPORTACIONES RAMIREZ\\ERP-RAMIREZ\\vendor\\laravel\\framework\\src\\Illuminate\\Pipeline\\Pipeline.php(116): Illuminate\\Pipeline\\Pipeline->Illuminate\\Pipeline\\{closure}(Object(Illuminate\\Http\\Request))
#66 D:\\PROYECTOS\\IMPORTACIONES RAMIREZ\\ERP-RAMIREZ\\vendor\\laravel\\framework\\src\\Illuminate\\Foundation\\Http\\Kernel.php(165): Illuminate\\Pipeline\\Pipeline->then(Object(Closure))
#67 D:\\PROYECTOS\\IMPORTACIONES RAMIREZ\\ERP-RAMIREZ\\vendor\\laravel\\framework\\src\\Illuminate\\Foundation\\Http\\Kernel.php(134): Illuminate\\Foundation\\Http\\Kernel->sendRequestThroughRouter(Object(Illuminate\\Http\\Request))
#68 D:\\PROYECTOS\\IMPORTACIONES RAMIREZ\\ERP-RAMIREZ\\public\\index.php(51): Illuminate\\Foundation\\Http\\Kernel->handle(Object(Illuminate\\Http\\Request))
#69 D:\\PROYECTOS\\IMPORTACIONES RAMIREZ\\ERP-RAMIREZ\\vendor\\laravel\\framework\\src\\Illuminate\\Foundation\\resources\\server.php(16): require_once('D:\\\\PROYECTOS\\\\IM...')
#70 {main}
"} 
[2026-07-02 15:29:10] local.ERROR: Undefined variable $producto {"view":{"view":"D:\\PROYECTOS\\IMPORTACIONES RAMIREZ\\ERP-RAMIREZ\\resources\\views\\purchase\\importaciones\\index.blade.php","data":{"asset_v":"<pre class=sf-dump id=sf-dump-337101022 data-indent-pad=\"  \"><span class=sf-dump-num>511</span>
</pre><script>Sfdump(\"sf-dump-337101022\", {\"maxDepth\":3,\"maxStringLength\":160})</script>
","errors":"<pre class=sf-dump id=sf-dump-412086709 data-indent-pad=\"  \"><span class=sf-dump-note>Illuminate\\Support\\ViewErrorBag</span> {<a class=sf-dump-ref>#3321</a><samp data-depth=1 class=sf-dump-expanded>
  #<span class=sf-dump-protected title=\"Protected property\">bags</span>: []
</samp>}
</pre><script>Sfdump(\"sf-dump-412086709\", {\"maxDepth\":3,\"maxStringLength\":160})</script>
","registros":"<pre class=sf-dump id=sf-dump-55273474 data-indent-pad=\"  \"><span class=sf-dump-note>Illuminate\\Pagination\\LengthAwarePaginator</span> {<a class=sf-dump-ref>#3948</a><samp data-depth=1 class=sf-dump-expanded>
  #<span class=sf-dump-protected title=\"Protected property\">items</span>: <span class=sf-dump-note title=\"Illuminate\\Support\\Collection
\"><span class=\"sf-dump-ellipsis sf-dump-ellipsis-note\">Illuminate\\Support</span><span class=\"sf-dump-ellipsis sf-dump-ellipsis-note\">\\</span>Collection</span> {<a class=sf-dump-ref>#3892</a><samp data-depth=2 class=sf-dump-compact>
    #<span class=sf-dump-protected title=\"Protected property\">items</span>: <span class=sf-dump-note>array:8</span> [<samp data-depth=3 class=sf-dump-compact>
      <span class=sf-dump-index>0</span> => {<a class=sf-dump-ref>#3906</a> &#8230;10}
      <span class=sf-dump-index>1</span> => {<a class=sf-dump-ref>#3938</a> &#8230;10}
      <span class=sf-dump-index>2</span> => {<a class=sf-dump-ref>#3375</a> &#8230;10}
      <span class=sf-dump-index>3</span> => {<a class=sf-dump-ref>#3613</a> &#8230;10}
      <span class=sf-dump-index>4</span> => {<a class=sf-dump-ref>#3911</a> &#8230;10}
      <span class=sf-dump-index>5</span> => {<a class=sf-dump-ref>#3903</a> &#8230;10}
      <span class=sf-dump-index>6</span> => {<a class=sf-dump-ref>#3941</a> &#8230;10}
      <span class=sf-dump-index>7</span> => {<a class=sf-dump-ref>#3942</a> &#8230;10}
    </samp>]
    #<span class=sf-dump-protected title=\"Protected property\">escapeWhenCastingToString</span>: <span class=sf-dump-const>false</span>
  </samp>}
  #<span class=sf-dump-protected title=\"Protected property\">perPage</span>: <span class=sf-dump-num>50</span>
  #<span class=sf-dump-protected title=\"Protected property\">currentPage</span>: <span class=sf-dump-num>1</span>
  #<span class=sf-dump-protected title=\"Protected property\">path</span>: \"<span class=sf-dump-str title=\"45 characters\">http://127.0.0.1:8000/historial-importaciones</span>\"
  #<span class=sf-dump-protected title=\"Protected property\">query</span>: []
  #<span class=sf-dump-protected title=\"Protected property\">fragment</span>: <span class=sf-dump-const>null</span>
  #<span class=sf-dump-protected title=\"Protected property\">pageName</span>: \"<span class=sf-dump-str title=\"4 characters\">page</span>\"
  +<span class=sf-dump-public title=\"Public property\">onEachSide</span>: <span class=sf-dump-num>3</span>
  #<span class=sf-dump-protected title=\"Protected property\">options</span>: <span class=sf-dump-note>array:2</span> [<samp data-depth=2 class=sf-dump-compact>
    \"<span class=sf-dump-key>path</span>\" => \"<span class=sf-dump-str title=\"45 characters\">http://127.0.0.1:8000/historial-importaciones</span>\"
    \"<span class=sf-dump-key>pageName</span>\" => \"<span class=sf-dump-str title=\"4 characters\">page</span>\"
  </samp>]
  #<span class=sf-dump-protected title=\"Protected property\">total</span>: <span class=sf-dump-num>8</span>
  #<span class=sf-dump-protected title=\"Protected property\">lastPage</span>: <span class=sf-dump-num>1</span>
</samp>}
</pre><script>Sfdump(\"sf-dump-55273474\", {\"maxDepth\":3,\"maxStringLength\":160})</script>
","desde":"<pre class=sf-dump id=sf-dump-1830534277 data-indent-pad=\"  \"><span class=sf-dump-const>null</span>
</pre><script>Sfdump(\"sf-dump-1830534277\", {\"maxDepth\":3,\"maxStringLength\":160})</script>
","hasta":"<pre class=sf-dump id=sf-dump-1464734846 data-indent-pad=\"  \"><span class=sf-dump-const>null</span>
</pre><script>Sfdump(\"sf-dump-1464734846\", {\"maxDepth\":3,\"maxStringLength\":160})</script>
","motor":"<pre class=sf-dump id=sf-dump-2006202800 data-indent-pad=\"  \"><span class=sf-dump-const>null</span>
</pre><script>Sfdump(\"sf-dump-2006202800\", {\"maxDepth\":3,\"maxStringLength\":160})</script>
","guia":"<pre class=sf-dump id=sf-dump-1579278108 data-indent-pad=\"  \"><span class=sf-dump-const>null</span>
</pre><script>Sfdump(\"sf-dump-1579278108\", {\"maxDepth\":3,\"maxStringLength\":160})</script>
","contenedor":"<pre class=sf-dump id=sf-dump-1435496725 data-indent-pad=\"  \"><span class=sf-dump-const>null</span>
</pre><script>Sfdump(\"sf-dump-1435496725\", {\"maxDepth\":3,\"maxStringLength\":160})</script>
","productos":"<pre class=sf-dump id=sf-dump-1961631007 data-indent-pad=\"  \"><span class=sf-dump-note>Illuminate\\Support\\Collection</span> {<a class=sf-dump-ref>#3946</a><samp data-depth=1 class=sf-dump-expanded>
  #<span class=sf-dump-protected title=\"Protected property\">items</span>: <span class=sf-dump-note>array:7</span> [<samp data-depth=2 class=sf-dump-compact>
    <span class=sf-dump-key>4</span> => \"<span class=sf-dump-str title=\"10 characters\">Carroceria</span>\"
    <span class=sf-dump-key>7</span> => \"<span class=sf-dump-str title=\"14 characters\">ENSAMBLAJE 150</span>\"
    <span class=sf-dump-key>6</span> => \"<span class=sf-dump-str title=\"21 characters\">MATERIALES CARROCERIA</span>\"
    <span class=sf-dump-key>8</span> => \"<span class=sf-dump-str title=\"12 characters\">MOTOTAXI 150</span>\"
    <span class=sf-dump-key>2</span> => \"<span class=sf-dump-str title=\"15 characters\">RETROEXCAVADORA</span>\"
    <span class=sf-dump-key>5</span> => \"<span class=sf-dump-str title=\"9 characters\">Tapiceria</span>\"
    <span class=sf-dump-key>1</span> => \"<span class=sf-dump-str title=\"7 characters\">WX-150A</span>\"
  </samp>]
  #<span class=sf-dump-protected title=\"Protected property\">escapeWhenCastingToString</span>: <span class=sf-dump-const>false</span>
</samp>}
</pre><script>Sfdump(\"sf-dump-1961631007\", {\"maxDepth\":3,\"maxStringLength\":160})</script>
","enabled_modules":"<pre class=sf-dump id=sf-dump-235573252 data-indent-pad=\"  \"><span class=sf-dump-note>array:7</span> [<samp data-depth=1 class=sf-dump-expanded>
  <span class=sf-dump-index>0</span> => \"<span class=sf-dump-str title=\"9 characters\">purchases</span>\"
  <span class=sf-dump-index>1</span> => \"<span class=sf-dump-str title=\"8 characters\">add_sale</span>\"
  <span class=sf-dump-index>2</span> => \"<span class=sf-dump-str title=\"8 characters\">pos_sale</span>\"
  <span class=sf-dump-index>3</span> => \"<span class=sf-dump-str title=\"15 characters\">stock_transfers</span>\"
  <span class=sf-dump-index>4</span> => \"<span class=sf-dump-str title=\"16 characters\">stock_adjustment</span>\"
  <span class=sf-dump-index>5</span> => \"<span class=sf-dump-str title=\"8 characters\">expenses</span>\"
  <span class=sf-dump-index>6</span> => \"<span class=sf-dump-str title=\"7 characters\">account</span>\"
</samp>]
</pre><script>Sfdump(\"sf-dump-235573252\", {\"maxDepth\":3,\"maxStringLength\":160})</script>
","__is_pusher_enabled":"<pre class=sf-dump id=sf-dump-655840925 data-indent-pad=\"  \"><span class=sf-dump-const>false</span>
</pre><script>Sfdump(\"sf-dump-655840925\", {\"maxDepth\":3,\"maxStringLength\":160})</script>
"}},"userId":1,"exception":"[object] (Spatie\\LaravelIgnition\\Exceptions\\ViewException(code: 0): Undefined variable $producto at D:\\PROYECTOS\\IMPORTACIONES RAMIREZ\\ERP-RAMIREZ\\resources\\views\\purchase\\importaciones\\index.blade.php:42)
[stacktrace]
#0 D:\\PROYECTOS\\IMPORTACIONES RAMIREZ\\ERP-RAMIREZ\\vendor\\laravel\\framework\\src\\Illuminate\\Foundation\\Bootstrap\\HandleExceptions.php(266): Illuminate\\Foundation\\Bootstrap\\HandleExceptions->handleError(2, 'Undefined varia...', 'D:\\\\PROYECTOS\\\\IM...', 42)
#1 D:\\PROYECTOS\\IMPORTACIONES RAMIREZ\\ERP-RAMIREZ\\resources\\views\\purchase\\importaciones\\index.blade.php(42): Illuminate\\Foundation\\Bootstrap\\HandleExceptions->Illuminate\\Foundation\\Bootstrap\\{closure}(2, 'Undefined varia...', 'D:\\\\PROYECTOS\\\\IM...', 42)
#2 D:\\PROYECTOS\\IMPORTACIONES RAMIREZ\\ERP-RAMIREZ\\vendor\\laravel\\framework\\src\\Illuminate\\Filesystem\\Filesystem.php(109): require('D:\\\\PROYECTOS\\\\IM...')
#3 D:\\PROYECTOS\\IMPORTACIONES RAMIREZ\\ERP-RAMIREZ\\vendor\\laravel\\framework\\src\\Illuminate\\Filesystem\\Filesystem.php(110): Illuminate\\Filesystem\\Filesystem::Illuminate\\Filesystem\\{closure}()
#4 D:\\PROYECTOS\\IMPORTACIONES RAMIREZ\\ERP-RAMIREZ\\vendor\\laravel\\framework\\src\\Illuminate\\View\\Engines\\PhpEngine.php(58): Illuminate\\Filesystem\\Filesystem->getRequire('D:\\\\PROYECTOS\\\\IM...', Array)
#5 D:\\PROYECTOS\\IMPORTACIONES RAMIREZ\\ERP-RAMIREZ\\vendor\\laravel\\framework\\src\\Illuminate\\View\\Engines\\CompilerEngine.php(70): Illuminate\\View\\Engines\\PhpEngine->evaluatePath('D:\\\\PROYECTOS\\\\IM...', Array)
#6 D:\\PROYECTOS\\IMPORTACIONES RAMIREZ\\ERP-RAMIREZ\\vendor\\laravel\\framework\\src\\Illuminate\\View\\View.php(195): Illuminate\\View\\Engines\\CompilerEngine->get('D:\\\\PROYECTOS\\\\IM...', Array)
#7 D:\\PROYECTOS\\IMPORTACIONES RAMIREZ\\ERP-RAMIREZ\\vendor\\laravel\\framework\\src\\Illuminate\\View\\View.php(178): Illuminate\\View\\View->getContents()
#8 D:\\PROYECTOS\\IMPORTACIONES RAMIREZ\\ERP-RAMIREZ\\vendor\\laravel\\framework\\src\\Illuminate\\View\\View.php(147): Illuminate\\View\\View->renderContents()
#9 D:\\PROYECTOS\\IMPORTACIONES RAMIREZ\\ERP-RAMIREZ\\vendor\\laravel\\framework\\src\\Illuminate\\Http\\Response.php(69): Illuminate\\View\\View->render()
#10 D:\\PROYECTOS\\IMPORTACIONES RAMIREZ\\ERP-RAMIREZ\\vendor\\laravel\\framework\\src\\Illuminate\\Http\\Response.php(35): Illuminate\\Http\\Response->setContent(Object(Illuminate\\View\\View))
#11 D:\\PROYECTOS\\IMPORTACIONES RAMIREZ\\ERP-RAMIREZ\\vendor\\laravel\\framework\\src\\Illuminate\\Routing\\Router.php(906): Illuminate\\Http\\Response->__construct(Object(Illuminate\\View\\View), 200, Array)
#12 D:\\PROYECTOS\\IMPORTACIONES RAMIREZ\\ERP-RAMIREZ\\vendor\\laravel\\framework\\src\\Illuminate\\Routing\\Router.php(875): Illuminate\\Routing\\Router::toResponse(Object(Illuminate\\Http\\Request), Object(Illuminate\\View\\View))
#13 D:\\PROYECTOS\\IMPORTACIONES RAMIREZ\\ERP-RAMIREZ\\vendor\\laravel\\framework\\src\\Illuminate\\Routing\\Router.php(797): Illuminate\\Routing\\Router->prepareResponse(Object(Illuminate\\Http\\Request), Object(Illuminate\\View\\View))
#14 D:\\PROYECTOS\\IMPORTACIONES RAMIREZ\\ERP-RAMIREZ\\vendor\\laravel\\framework\\src\\Illuminate\\Pipeline\\Pipeline.php(141): Illuminate\\Routing\\Router->Illuminate\\Routing\\{closure}(Object(Illuminate\\Http\\Request))
#15 D:\\PROYECTOS\\IMPORTACIONES RAMIREZ\\ERP-RAMIREZ\\app\\Http\\Middleware\\CheckUserLogin.php(22): Illuminate\\Pipeline\\Pipeline->Illuminate\\Pipeline\\{closure}(Object(Illuminate\\Http\\Request))
#16 D:\\PROYECTOS\\IMPORTACIONES RAMIREZ\\ERP-RAMIREZ\\vendor\\laravel\\framework\\src\\Illuminate\\Pipeline\\Pipeline.php(180): App\\Http\\Middleware\\CheckUserLogin->handle(Object(Illuminate\\Http\\Request), Object(Closure))
#17 D:\\PROYECTOS\\IMPORTACIONES RAMIREZ\\ERP-RAMIREZ\\app\\Http\\Middleware\\AdminSidebarMenu.php(906): Illuminate\\Pipeline\\Pipeline->Illuminate\\Pipeline\\{closure}(Object(Illuminate\\Http\\Request))
#18 D:\\PROYECTOS\\IMPORTACIONES RAMIREZ\\ERP-RAMIREZ\\vendor\\laravel\\framework\\src\\Illuminate\\Pipeline\\Pipeline.php(180): App\\Http\\Middleware\\AdminSidebarMenu->handle(Object(Illuminate\\Http\\Request), Object(Closure))
#19 D:\\PROYECTOS\\IMPORTACIONES RAMIREZ\\ERP-RAMIREZ\\app\\Http\\Middleware\\Timezone.php(30): Illuminate\\Pipeline\\Pipeline->Illuminate\\Pipeline\\{closure}(Object(Illuminate\\Http\\Request))
#20 D:\\PROYECTOS\\IMPORTACIONES RAMIREZ\\ERP-RAMIREZ\\vendor\\laravel\\framework\\src\\Illuminate\\Pipeline\\Pipeline.php(180): App\\Http\\Middleware\\Timezone->handle(Object(Illuminate\\Http\\Request), Object(Closure))
#21 D:\\PROYECTOS\\IMPORTACIONES RAMIREZ\\ERP-RAMIREZ\\app\\Http\\Middleware\\Language.php(25): Illuminate\\Pipeline\\Pipeline->Illuminate\\Pipeline\\{closure}(Object(Illuminate\\Http\\Request))
#22 D:\\PROYECTOS\\IMPORTACIONES RAMIREZ\\ERP-RAMIREZ\\vendor\\laravel\\framework\\src\\Illuminate\\Pipeline\\Pipeline.php(180): App\\Http\\Middleware\\Language->handle(Object(Illuminate\\Http\\Request), Object(Closure))
#23 D:\\PROYECTOS\\IMPORTACIONES RAMIREZ\\ERP-RAMIREZ\\app\\Http\\Middleware\\SetSessionData.php(52): Illuminate\\Pipeline\\Pipeline->Illuminate\\Pipeline\\{closure}(Object(Illuminate\\Http\\Request))
#24 D:\\PROYECTOS\\IMPORTACIONES RAMIREZ\\ERP-RAMIREZ\\vendor\\laravel\\framework\\src\\Illuminate\\Pipeline\\Pipeline.php(180): App\\Http\\Middleware\\SetSessionData->handle(Object(Illuminate\\Http\\Request), Object(Closure))
#25 D:\\PROYECTOS\\IMPORTACIONES RAMIREZ\\ERP-RAMIREZ\\app\\Http\\Middleware\\IsInstalled.php(50): Illuminate\\Pipeline\\Pipeline->Illuminate\\Pipeline\\{closure}(Object(Illuminate\\Http\\Request))
#26 D:\\PROYECTOS\\IMPORTACIONES RAMIREZ\\ERP-RAMIREZ\\vendor\\laravel\\framework\\src\\Illuminate\\Pipeline\\Pipeline.php(180): App\\Http\\Middleware\\IsInstalled->handle(Object(Illuminate\\Http\\Request), Object(Closure))
#27 D:\\PROYECTOS\\IMPORTACIONES RAMIREZ\\ERP-RAMIREZ\\vendor\\laravel\\framework\\src\\Illuminate\\Routing\\Middleware\\SubstituteBindings.php(50): Illuminate\\Pipeline\\Pipeline->Illuminate\\Pipeline\\{closure}(Object(Illuminate\\Http\\Request))
#28 D:\\PROYECTOS\\IMPORTACIONES RAMIREZ\\ERP-RAMIREZ\\vendor\\laravel\\framework\\src\\Illuminate\\Pipeline\\Pipeline.php(180): Illuminate\\Routing\\Middleware\\SubstituteBindings->handle(Object(Illuminate\\Http\\Request), Object(Closure))
#29 D:\\PROYECTOS\\IMPORTACIONES RAMIREZ\\ERP-RAMIREZ\\vendor\\laravel\\framework\\src\\Illuminate\\Auth\\Middleware\\Authenticate.php(44): Illuminate\\Pipeline\\Pipeline->Illuminate\\Pipeline\\{closure}(Object(Illuminate\\Http\\Request))
#30 D:\\PROYECTOS\\IMPORTACIONES RAMIREZ\\ERP-RAMIREZ\\vendor\\laravel\\framework\\src\\Illuminate\\Pipeline\\Pipeline.php(180): Illuminate\\Auth\\Middleware\\Authenticate->handle(Object(Illuminate\\Http\\Request), Object(Closure))
#31 D:\\PROYECTOS\\IMPORTACIONES RAMIREZ\\ERP-RAMIREZ\\vendor\\laravel\\framework\\src\\Illuminate\\Foundation\\Http\\Middleware\\VerifyCsrfToken.php(78): Illuminate\\Pipeline\\Pipeline->Illuminate\\Pipeline\\{closure}(Object(Illuminate\\Http\\Request))
#32 D:\\PROYECTOS\\IMPORTACIONES RAMIREZ\\ERP-RAMIREZ\\vendor\\laravel\\framework\\src\\Illuminate\\Pipeline\\Pipeline.php(180): Illuminate\\Foundation\\Http\\Middleware\\VerifyCsrfToken->handle(Object(Illuminate\\Http\\Request), Object(Closure))
#33 D:\\PROYECTOS\\IMPORTACIONES RAMIREZ\\ERP-RAMIREZ\\vendor\\laravel\\framework\\src\\Illuminate\\View\\Middleware\\ShareErrorsFromSession.php(49): Illuminate\\Pipeline\\Pipeline->Illuminate\\Pipeline\\{closure}(Object(Illuminate\\Http\\Request))
#34 D:\\PROYECTOS\\IMPORTACIONES RAMIREZ\\ERP-RAMIREZ\\vendor\\laravel\\framework\\src\\Illuminate\\Pipeline\\Pipeline.php(180): Illuminate\\View\\Middleware\\ShareErrorsFromSession->handle(Object(Illuminate\\Http\\Request), Object(Closure))
#35 D:\\PROYECTOS\\IMPORTACIONES RAMIREZ\\ERP-RAMIREZ\\vendor\\laravel\\framework\\src\\Illuminate\\Session\\Middleware\\StartSession.php(121): Illuminate\\Pipeline\\Pipeline->Illuminate\\Pipeline\\{closure}(Object(Illuminate\\Http\\Request))
#36 D:\\PROYECTOS\\IMPORTACIONES RAMIREZ\\ERP-RAMIREZ\\vendor\\laravel\\framework\\src\\Illuminate\\Session\\Middleware\\StartSession.php(64): Illuminate\\Session\\Middleware\\StartSession->handleStatefulRequest(Object(Illuminate\\Http\\Request), Object(Illuminate\\Session\\Store), Object(Closure))
#37 D:\\PROYECTOS\\IMPORTACIONES RAMIREZ\\ERP-RAMIREZ\\vendor\\laravel\\framework\\src\\Illuminate\\Pipeline\\Pipeline.php(180): Illuminate\\Session\\Middleware\\StartSession->handle(Object(Illuminate\\Http\\Request), Object(Closure))
#38 D:\\PROYECTOS\\IMPORTACIONES RAMIREZ\\ERP-RAMIREZ\\vendor\\laravel\\framework\\src\\Illuminate\\Cookie\\Middleware\\AddQueuedCookiesToResponse.php(37): Illuminate\\Pipeline\\Pipeline->Illuminate\\Pipeline\\{closure}(Object(Illuminate\\Http\\Request))
#39 D:\\PROYECTOS\\IMPORTACIONES RAMIREZ\\ERP-RAMIREZ\\vendor\\laravel\\framework\\src\\Illuminate\\Pipeline\\Pipeline.php(180): Illuminate\\Cookie\\Middleware\\AddQueuedCookiesToResponse->handle(Object(Illuminate\\Http\\Request), Object(Closure))
#40 D:\\PROYECTOS\\IMPORTACIONES RAMIREZ\\ERP-RAMIREZ\\vendor\\laravel\\framework\\src\\Illuminate\\Cookie\\Middleware\\EncryptCookies.php(67): Illuminate\\Pipeline\\Pipeline->Illuminate\\Pipeline\\{closure}(Object(Illuminate\\Http\\Request))
#41 D:\\PROYECTOS\\IMPORTACIONES RAMIREZ\\ERP-RAMIREZ\\vendor\\laravel\\framework\\src\\Illuminate\\Pipeline\\Pipeline.php(180): Illuminate\\Cookie\\Middleware\\EncryptCookies->handle(Object(Illuminate\\Http\\Request), Object(Closure))
#42 D:\\PROYECTOS\\IMPORTACIONES RAMIREZ\\ERP-RAMIREZ\\vendor\\laravel\\framework\\src\\Illuminate\\Pipeline\\Pipeline.php(116): Illuminate\\Pipeline\\Pipeline->Illuminate\\Pipeline\\{closure}(Object(Illuminate\\Http\\Request))
#43 D:\\PROYECTOS\\IMPORTACIONES RAMIREZ\\ERP-RAMIREZ\\vendor\\laravel\\framework\\src\\Illuminate\\Routing\\Router.php(797): Illuminate\\Pipeline\\Pipeline->then(Object(Closure))
#44 D:\\PROYECTOS\\IMPORTACIONES RAMIREZ\\ERP-RAMIREZ\\vendor\\laravel\\framework\\src\\Illuminate\\Routing\\Router.php(776): Illuminate\\Routing\\Router->runRouteWithinStack(Object(Illuminate\\Routing\\Route), Object(Illuminate\\Http\\Request))
#45 D:\\PROYECTOS\\IMPORTACIONES RAMIREZ\\ERP-RAMIREZ\\vendor\\laravel\\framework\\src\\Illuminate\\Routing\\Router.php(740): Illuminate\\Routing\\Router->runRoute(Object(Illuminate\\Http\\Request), Object(Illuminate\\Routing\\Route))
#46 D:\\PROYECTOS\\IMPORTACIONES RAMIREZ\\ERP-RAMIREZ\\vendor\\laravel\\framework\\src\\Illuminate\\Routing\\Router.php(729): Illuminate\\Routing\\Router->dispatchToRoute(Object(Illuminate\\Http\\Request))
#47 D:\\PROYECTOS\\IMPORTACIONES RAMIREZ\\ERP-RAMIREZ\\vendor\\laravel\\framework\\src\\Illuminate\\Foundation\\Http\\Kernel.php(190): Illuminate\\Routing\\Router->dispatch(Object(Illuminate\\Http\\Request))
#48 D:\\PROYECTOS\\IMPORTACIONES RAMIREZ\\ERP-RAMIREZ\\vendor\\laravel\\framework\\src\\Illuminate\\Pipeline\\Pipeline.php(141): Illuminate\\Foundation\\Http\\Kernel->Illuminate\\Foundation\\Http\\{closure}(Object(Illuminate\\Http\\Request))
#49 D:\\PROYECTOS\\IMPORTACIONES RAMIREZ\\ERP-RAMIREZ\\vendor\\barryvdh\\laravel-debugbar\\src\\Middleware\\InjectDebugbar.php(59): Illuminate\\Pipeline\\Pipeline->Illuminate\\Pipeline\\{closure}(Object(Illuminate\\Http\\Request))
#50 D:\\PROYECTOS\\IMPORTACIONES RAMIREZ\\ERP-RAMIREZ\\vendor\\laravel\\framework\\src\\Illuminate\\Pipeline\\Pipeline.php(180): Barryvdh\\Debugbar\\Middleware\\InjectDebugbar->handle(Object(Illuminate\\Http\\Request), Object(Closure))
#51 D:\\PROYECTOS\\IMPORTACIONES RAMIREZ\\ERP-RAMIREZ\\vendor\\laravel\\framework\\src\\Illuminate\\Foundation\\Http\\Middleware\\TransformsRequest.php(21): Illuminate\\Pipeline\\Pipeline->Illuminate\\Pipeline\\{closure}(Object(Illuminate\\Http\\Request))
#52 D:\\PROYECTOS\\IMPORTACIONES RAMIREZ\\ERP-RAMIREZ\\vendor\\laravel\\framework\\src\\Illuminate\\Foundation\\Http\\Middleware\\ConvertEmptyStringsToNull.php(31): Illuminate\\Foundation\\Http\\Middleware\\TransformsRequest->handle(Object(Illuminate\\Http\\Request), Object(Closure))
#53 D:\\PROYECTOS\\IMPORTACIONES RAMIREZ\\ERP-RAMIREZ\\vendor\\laravel\\framework\\src\\Illuminate\\Pipeline\\Pipeline.php(180): Illuminate\\Foundation\\Http\\Middleware\\ConvertEmptyStringsToNull->handle(Object(Illuminate\\Http\\Request), Object(Closure))
#54 D:\\PROYECTOS\\IMPORTACIONES RAMIREZ\\ERP-RAMIREZ\\vendor\\laravel\\framework\\src\\Illuminate\\Foundation\\Http\\Middleware\\TransformsRequest.php(21): Illuminate\\Pipeline\\Pipeline->Illuminate\\Pipeline\\{closure}(Object(Illuminate\\Http\\Request))
#55 D:\\PROYECTOS\\IMPORTACIONES RAMIREZ\\ERP-RAMIREZ\\vendor\\laravel\\framework\\src\\Illuminate\\Foundation\\Http\\Middleware\\TrimStrings.php(40): Illuminate\\Foundation\\Http\\Middleware\\TransformsRequest->handle(Object(Illuminate\\Http\\Request), Object(Closure))
#56 D:\\PROYECTOS\\IMPORTACIONES RAMIREZ\\ERP-RAMIREZ\\vendor\\laravel\\framework\\src\\Illuminate\\Pipeline\\Pipeline.php(180): Illuminate\\Foundation\\Http\\Middleware\\TrimStrings->handle(Object(Illuminate\\Http\\Request), Object(Closure))
#57 D:\\PROYECTOS\\IMPORTACIONES RAMIREZ\\ERP-RAMIREZ\\vendor\\laravel\\framework\\src\\Illuminate\\Foundation\\Http\\Middleware\\ValidatePostSize.php(27): Illuminate\\Pipeline\\Pipeline->Illuminate\\Pipeline\\{closure}(Object(Illuminate\\Http\\Request))
#58 D:\\PROYECTOS\\IMPORTACIONES RAMIREZ\\ERP-RAMIREZ\\vendor\\laravel\\framework\\src\\Illuminate\\Pipeline\\Pipeline.php(180): Illuminate\\Foundation\\Http\\Middleware\\ValidatePostSize->handle(Object(Illuminate\\Http\\Request), Object(Closure))
#59 D:\\PROYECTOS\\IMPORTACIONES RAMIREZ\\ERP-RAMIREZ\\vendor\\laravel\\framework\\src\\Illuminate\\Foundation\\Http\\Middleware\\PreventRequestsDuringMaintenance.php(86): Illuminate\\Pipeline\\Pipeline->Illuminate\\Pipeline\\{closure}(Object(Illuminate\\Http\\Request))
#60 D:\\PROYECTOS\\IMPORTACIONES RAMIREZ\\ERP-RAMIREZ\\vendor\\laravel\\framework\\src\\Illuminate\\Pipeline\\Pipeline.php(180): Illuminate\\Foundation\\Http\\Middleware\\PreventRequestsDuringMaintenance->handle(Object(Illuminate\\Http\\Request), Object(Closure))
#61 D:\\PROYECTOS\\IMPORTACIONES RAMIREZ\\ERP-RAMIREZ\\vendor\\laravel\\framework\\src\\Illuminate\\Http\\Middleware\\HandleCors.php(49): Illuminate\\Pipeline\\Pipeline->Illuminate\\Pipeline\\{closure}(Object(Illuminate\\Http\\Request))
#62 D:\\PROYECTOS\\IMPORTACIONES RAMIREZ\\ERP-RAMIREZ\\vendor\\laravel\\framework\\src\\Illuminate\\Pipeline\\Pipeline.php(180): Illuminate\\Http\\Middleware\\HandleCors->handle(Object(Illuminate\\Http\\Request), Object(Closure))
#63 D:\\PROYECTOS\\IMPORTACIONES RAMIREZ\\ERP-RAMIREZ\\vendor\\laravel\\framework\\src\\Illuminate\\Http\\Middleware\\TrustProxies.php(39): Illuminate\\Pipeline\\Pipeline->Illuminate\\Pipeline\\{closure}(Object(Illuminate\\Http\\Request))
#64 D:\\PROYECTOS\\IMPORTACIONES RAMIREZ\\ERP-RAMIREZ\\vendor\\laravel\\framework\\src\\Illuminate\\Pipeline\\Pipeline.php(180): Illuminate\\Http\\Middleware\\TrustProxies->handle(Object(Illuminate\\Http\\Request), Object(Closure))
#65 D:\\PROYECTOS\\IMPORTACIONES RAMIREZ\\ERP-RAMIREZ\\vendor\\laravel\\framework\\src\\Illuminate\\Pipeline\\Pipeline.php(116): Illuminate\\Pipeline\\Pipeline->Illuminate\\Pipeline\\{closure}(Object(Illuminate\\Http\\Request))
#66 D:\\PROYECTOS\\IMPORTACIONES RAMIREZ\\ERP-RAMIREZ\\vendor\\laravel\\framework\\src\\Illuminate\\Foundation\\Http\\Kernel.php(165): Illuminate\\Pipeline\\Pipeline->then(Object(Closure))
#67 D:\\PROYECTOS\\IMPORTACIONES RAMIREZ\\ERP-RAMIREZ\\vendor\\laravel\\framework\\src\\Illuminate\\Foundation\\Http\\Kernel.php(134): Illuminate\\Foundation\\Http\\Kernel->sendRequestThroughRouter(Object(Illuminate\\Http\\Request))
#68 D:\\PROYECTOS\\IMPORTACIONES RAMIREZ\\ERP-RAMIREZ\\public\\index.php(51): Illuminate\\Foundation\\Http\\Kernel->handle(Object(Illuminate\\Http\\Request))
#69 D:\\PROYECTOS\\IMPORTACIONES RAMIREZ\\ERP-RAMIREZ\\vendor\\laravel\\framework\\src\\Illuminate\\Foundation\\resources\\server.php(16): require_once('D:\\\\PROYECTOS\\\\IM...')
#70 {main}

[previous exception] [object] (ErrorException(code: 0): Undefined variable $producto at D:\\PROYECTOS\\IMPORTACIONES RAMIREZ\\ERP-RAMIREZ\\storage\\framework\\views\\dc6f0818c41a1e845a314568edf6dc99a1727aa6.php:42)
[stacktrace]
#0 D:\\PROYECTOS\\IMPORTACIONES RAMIREZ\\ERP-RAMIREZ\\vendor\\laravel\\framework\\src\\Illuminate\\Foundation\\Bootstrap\\HandleExceptions.php(266): Illuminate\\Foundation\\Bootstrap\\HandleExceptions->handleError(2, 'Undefined varia...', 'D:\\\\PROYECTOS\\\\IM...', 42)
#1 D:\\PROYECTOS\\IMPORTACIONES RAMIREZ\\ERP-RAMIREZ\\storage\\framework\\views\\dc6f0818c41a1e845a314568edf6dc99a1727aa6.php(42): Illuminate\\Foundation\\Bootstrap\\HandleExceptions->Illuminate\\Foundation\\Bootstrap\\{closure}(2, 'Undefined varia...', 'D:\\\\PROYECTOS\\\\IM...', 42)
#2 D:\\PROYECTOS\\IMPORTACIONES RAMIREZ\\ERP-RAMIREZ\\vendor\\laravel\\framework\\src\\Illuminate\\Filesystem\\Filesystem.php(109): require('D:\\\\PROYECTOS\\\\IM...')
#3 D:\\PROYECTOS\\IMPORTACIONES RAMIREZ\\ERP-RAMIREZ\\vendor\\laravel\\framework\\src\\Illuminate\\Filesystem\\Filesystem.php(110): Illuminate\\Filesystem\\Filesystem::Illuminate\\Filesystem\\{closure}()
#4 D:\\PROYECTOS\\IMPORTACIONES RAMIREZ\\ERP-RAMIREZ\\vendor\\laravel\\framework\\src\\Illuminate\\View\\Engines\\PhpEngine.php(58): Illuminate\\Filesystem\\Filesystem->getRequire('D:\\\\PROYECTOS\\\\IM...', Array)
#5 D:\\PROYECTOS\\IMPORTACIONES RAMIREZ\\ERP-RAMIREZ\\vendor\\laravel\\framework\\src\\Illuminate\\View\\Engines\\CompilerEngine.php(70): Illuminate\\View\\Engines\\PhpEngine->evaluatePath('D:\\\\PROYECTOS\\\\IM...', Array)
#6 D:\\PROYECTOS\\IMPORTACIONES RAMIREZ\\ERP-RAMIREZ\\vendor\\laravel\\framework\\src\\Illuminate\\View\\View.php(195): Illuminate\\View\\Engines\\CompilerEngine->get('D:\\\\PROYECTOS\\\\IM...', Array)
#7 D:\\PROYECTOS\\IMPORTACIONES RAMIREZ\\ERP-RAMIREZ\\vendor\\laravel\\framework\\src\\Illuminate\\View\\View.php(178): Illuminate\\View\\View->getContents()
#8 D:\\PROYECTOS\\IMPORTACIONES RAMIREZ\\ERP-RAMIREZ\\vendor\\laravel\\framework\\src\\Illuminate\\View\\View.php(147): Illuminate\\View\\View->renderContents()
#9 D:\\PROYECTOS\\IMPORTACIONES RAMIREZ\\ERP-RAMIREZ\\vendor\\laravel\\framework\\src\\Illuminate\\Http\\Response.php(69): Illuminate\\View\\View->render()
#10 D:\\PROYECTOS\\IMPORTACIONES RAMIREZ\\ERP-RAMIREZ\\vendor\\laravel\\framework\\src\\Illuminate\\Http\\Response.php(35): Illuminate\\Http\\Response->setContent(Object(Illuminate\\View\\View))
#11 D:\\PROYECTOS\\IMPORTACIONES RAMIREZ\\ERP-RAMIREZ\\vendor\\laravel\\framework\\src\\Illuminate\\Routing\\Router.php(906): Illuminate\\Http\\Response->__construct(Object(Illuminate\\View\\View), 200, Array)
#12 D:\\PROYECTOS\\IMPORTACIONES RAMIREZ\\ERP-RAMIREZ\\vendor\\laravel\\framework\\src\\Illuminate\\Routing\\Router.php(875): Illuminate\\Routing\\Router::toResponse(Object(Illuminate\\Http\\Request), Object(Illuminate\\View\\View))
#13 D:\\PROYECTOS\\IMPORTACIONES RAMIREZ\\ERP-RAMIREZ\\vendor\\laravel\\framework\\src\\Illuminate\\Routing\\Router.php(797): Illuminate\\Routing\\Router->prepareResponse(Object(Illuminate\\Http\\Request), Object(Illuminate\\View\\View))
#14 D:\\PROYECTOS\\IMPORTACIONES RAMIREZ\\ERP-RAMIREZ\\vendor\\laravel\\framework\\src\\Illuminate\\Pipeline\\Pipeline.php(141): Illuminate\\Routing\\Router->Illuminate\\Routing\\{closure}(Object(Illuminate\\Http\\Request))
#15 D:\\PROYECTOS\\IMPORTACIONES RAMIREZ\\ERP-RAMIREZ\\app\\Http\\Middleware\\CheckUserLogin.php(22): Illuminate\\Pipeline\\Pipeline->Illuminate\\Pipeline\\{closure}(Object(Illuminate\\Http\\Request))
#16 D:\\PROYECTOS\\IMPORTACIONES RAMIREZ\\ERP-RAMIREZ\\vendor\\laravel\\framework\\src\\Illuminate\\Pipeline\\Pipeline.php(180): App\\Http\\Middleware\\CheckUserLogin->handle(Object(Illuminate\\Http\\Request), Object(Closure))
#17 D:\\PROYECTOS\\IMPORTACIONES RAMIREZ\\ERP-RAMIREZ\\app\\Http\\Middleware\\AdminSidebarMenu.php(906): Illuminate\\Pipeline\\Pipeline->Illuminate\\Pipeline\\{closure}(Object(Illuminate\\Http\\Request))
#18 D:\\PROYECTOS\\IMPORTACIONES RAMIREZ\\ERP-RAMIREZ\\vendor\\laravel\\framework\\src\\Illuminate\\Pipeline\\Pipeline.php(180): App\\Http\\Middleware\\AdminSidebarMenu->handle(Object(Illuminate\\Http\\Request), Object(Closure))
#19 D:\\PROYECTOS\\IMPORTACIONES RAMIREZ\\ERP-RAMIREZ\\app\\Http\\Middleware\\Timezone.php(30): Illuminate\\Pipeline\\Pipeline->Illuminate\\Pipeline\\{closure}(Object(Illuminate\\Http\\Request))
#20 D:\\PROYECTOS\\IMPORTACIONES RAMIREZ\\ERP-RAMIREZ\\vendor\\laravel\\framework\\src\\Illuminate\\Pipeline\\Pipeline.php(180): App\\Http\\Middleware\\Timezone->handle(Object(Illuminate\\Http\\Request), Object(Closure))
#21 D:\\PROYECTOS\\IMPORTACIONES RAMIREZ\\ERP-RAMIREZ\\app\\Http\\Middleware\\Language.php(25): Illuminate\\Pipeline\\Pipeline->Illuminate\\Pipeline\\{closure}(Object(Illuminate\\Http\\Request))
#22 D:\\PROYECTOS\\IMPORTACIONES RAMIREZ\\ERP-RAMIREZ\\vendor\\laravel\\framework\\src\\Illuminate\\Pipeline\\Pipeline.php(180): App\\Http\\Middleware\\Language->handle(Object(Illuminate\\Http\\Request), Object(Closure))
#23 D:\\PROYECTOS\\IMPORTACIONES RAMIREZ\\ERP-RAMIREZ\\app\\Http\\Middleware\\SetSessionData.php(52): Illuminate\\Pipeline\\Pipeline->Illuminate\\Pipeline\\{closure}(Object(Illuminate\\Http\\Request))
#24 D:\\PROYECTOS\\IMPORTACIONES RAMIREZ\\ERP-RAMIREZ\\vendor\\laravel\\framework\\src\\Illuminate\\Pipeline\\Pipeline.php(180): App\\Http\\Middleware\\SetSessionData->handle(Object(Illuminate\\Http\\Request), Object(Closure))
#25 D:\\PROYECTOS\\IMPORTACIONES RAMIREZ\\ERP-RAMIREZ\\app\\Http\\Middleware\\IsInstalled.php(50): Illuminate\\Pipeline\\Pipeline->Illuminate\\Pipeline\\{closure}(Object(Illuminate\\Http\\Request))
#26 D:\\PROYECTOS\\IMPORTACIONES RAMIREZ\\ERP-RAMIREZ\\vendor\\laravel\\framework\\src\\Illuminate\\Pipeline\\Pipeline.php(180): App\\Http\\Middleware\\IsInstalled->handle(Object(Illuminate\\Http\\Request), Object(Closure))
#27 D:\\PROYECTOS\\IMPORTACIONES RAMIREZ\\ERP-RAMIREZ\\vendor\\laravel\\framework\\src\\Illuminate\\Routing\\Middleware\\SubstituteBindings.php(50): Illuminate\\Pipeline\\Pipeline->Illuminate\\Pipeline\\{closure}(Object(Illuminate\\Http\\Request))
#28 D:\\PROYECTOS\\IMPORTACIONES RAMIREZ\\ERP-RAMIREZ\\vendor\\laravel\\framework\\src\\Illuminate\\Pipeline\\Pipeline.php(180): Illuminate\\Routing\\Middleware\\SubstituteBindings->handle(Object(Illuminate\\Http\\Request), Object(Closure))
#29 D:\\PROYECTOS\\IMPORTACIONES RAMIREZ\\ERP-RAMIREZ\\vendor\\laravel\\framework\\src\\Illuminate\\Auth\\Middleware\\Authenticate.php(44): Illuminate\\Pipeline\\Pipeline->Illuminate\\Pipeline\\{closure}(Object(Illuminate\\Http\\Request))
#30 D:\\PROYECTOS\\IMPORTACIONES RAMIREZ\\ERP-RAMIREZ\\vendor\\laravel\\framework\\src\\Illuminate\\Pipeline\\Pipeline.php(180): Illuminate\\Auth\\Middleware\\Authenticate->handle(Object(Illuminate\\Http\\Request), Object(Closure))
#31 D:\\PROYECTOS\\IMPORTACIONES RAMIREZ\\ERP-RAMIREZ\\vendor\\laravel\\framework\\src\\Illuminate\\Foundation\\Http\\Middleware\\VerifyCsrfToken.php(78): Illuminate\\Pipeline\\Pipeline->Illuminate\\Pipeline\\{closure}(Object(Illuminate\\Http\\Request))
#32 D:\\PROYECTOS\\IMPORTACIONES RAMIREZ\\ERP-RAMIREZ\\vendor\\laravel\\framework\\src\\Illuminate\\Pipeline\\Pipeline.php(180): Illuminate\\Foundation\\Http\\Middleware\\VerifyCsrfToken->handle(Object(Illuminate\\Http\\Request), Object(Closure))
#33 D:\\PROYECTOS\\IMPORTACIONES RAMIREZ\\ERP-RAMIREZ\\vendor\\laravel\\framework\\src\\Illuminate\\View\\Middleware\\ShareErrorsFromSession.php(49): Illuminate\\Pipeline\\Pipeline->Illuminate\\Pipeline\\{closure}(Object(Illuminate\\Http\\Request))
#34 D:\\PROYECTOS\\IMPORTACIONES RAMIREZ\\ERP-RAMIREZ\\vendor\\laravel\\framework\\src\\Illuminate\\Pipeline\\Pipeline.php(180): Illuminate\\View\\Middleware\\ShareErrorsFromSession->handle(Object(Illuminate\\Http\\Request), Object(Closure))
#35 D:\\PROYECTOS\\IMPORTACIONES RAMIREZ\\ERP-RAMIREZ\\vendor\\laravel\\framework\\src\\Illuminate\\Session\\Middleware\\StartSession.php(121): Illuminate\\Pipeline\\Pipeline->Illuminate\\Pipeline\\{closure}(Object(Illuminate\\Http\\Request))
#36 D:\\PROYECTOS\\IMPORTACIONES RAMIREZ\\ERP-RAMIREZ\\vendor\\laravel\\framework\\src\\Illuminate\\Session\\Middleware\\StartSession.php(64): Illuminate\\Session\\Middleware\\StartSession->handleStatefulRequest(Object(Illuminate\\Http\\Request), Object(Illuminate\\Session\\Store), Object(Closure))
#37 D:\\PROYECTOS\\IMPORTACIONES RAMIREZ\\ERP-RAMIREZ\\vendor\\laravel\\framework\\src\\Illuminate\\Pipeline\\Pipeline.php(180): Illuminate\\Session\\Middleware\\StartSession->handle(Object(Illuminate\\Http\\Request), Object(Closure))
#38 D:\\PROYECTOS\\IMPORTACIONES RAMIREZ\\ERP-RAMIREZ\\vendor\\laravel\\framework\\src\\Illuminate\\Cookie\\Middleware\\AddQueuedCookiesToResponse.php(37): Illuminate\\Pipeline\\Pipeline->Illuminate\\Pipeline\\{closure}(Object(Illuminate\\Http\\Request))
#39 D:\\PROYECTOS\\IMPORTACIONES RAMIREZ\\ERP-RAMIREZ\\vendor\\laravel\\framework\\src\\Illuminate\\Pipeline\\Pipeline.php(180): Illuminate\\Cookie\\Middleware\\AddQueuedCookiesToResponse->handle(Object(Illuminate\\Http\\Request), Object(Closure))
#40 D:\\PROYECTOS\\IMPORTACIONES RAMIREZ\\ERP-RAMIREZ\\vendor\\laravel\\framework\\src\\Illuminate\\Cookie\\Middleware\\EncryptCookies.php(67): Illuminate\\Pipeline\\Pipeline->Illuminate\\Pipeline\\{closure}(Object(Illuminate\\Http\\Request))
#41 D:\\PROYECTOS\\IMPORTACIONES RAMIREZ\\ERP-RAMIREZ\\vendor\\laravel\\framework\\src\\Illuminate\\Pipeline\\Pipeline.php(180): Illuminate\\Cookie\\Middleware\\EncryptCookies->handle(Object(Illuminate\\Http\\Request), Object(Closure))
#42 D:\\PROYECTOS\\IMPORTACIONES RAMIREZ\\ERP-RAMIREZ\\vendor\\laravel\\framework\\src\\Illuminate\\Pipeline\\Pipeline.php(116): Illuminate\\Pipeline\\Pipeline->Illuminate\\Pipeline\\{closure}(Object(Illuminate\\Http\\Request))
#43 D:\\PROYECTOS\\IMPORTACIONES RAMIREZ\\ERP-RAMIREZ\\vendor\\laravel\\framework\\src\\Illuminate\\Routing\\Router.php(797): Illuminate\\Pipeline\\Pipeline->then(Object(Closure))
#44 D:\\PROYECTOS\\IMPORTACIONES RAMIREZ\\ERP-RAMIREZ\\vendor\\laravel\\framework\\src\\Illuminate\\Routing\\Router.php(776): Illuminate\\Routing\\Router->runRouteWithinStack(Object(Illuminate\\Routing\\Route), Object(Illuminate\\Http\\Request))
#45 D:\\PROYECTOS\\IMPORTACIONES RAMIREZ\\ERP-RAMIREZ\\vendor\\laravel\\framework\\src\\Illuminate\\Routing\\Router.php(740): Illuminate\\Routing\\Router->runRoute(Object(Illuminate\\Http\\Request), Object(Illuminate\\Routing\\Route))
#46 D:\\PROYECTOS\\IMPORTACIONES RAMIREZ\\ERP-RAMIREZ\\vendor\\laravel\\framework\\src\\Illuminate\\Routing\\Router.php(729): Illuminate\\Routing\\Router->dispatchToRoute(Object(Illuminate\\Http\\Request))
#47 D:\\PROYECTOS\\IMPORTACIONES RAMIREZ\\ERP-RAMIREZ\\vendor\\laravel\\framework\\src\\Illuminate\\Foundation\\Http\\Kernel.php(190): Illuminate\\Routing\\Router->dispatch(Object(Illuminate\\Http\\Request))
#48 D:\\PROYECTOS\\IMPORTACIONES RAMIREZ\\ERP-RAMIREZ\\vendor\\laravel\\framework\\src\\Illuminate\\Pipeline\\Pipeline.php(141): Illuminate\\Foundation\\Http\\Kernel->Illuminate\\Foundation\\Http\\{closure}(Object(Illuminate\\Http\\Request))
#49 D:\\PROYECTOS\\IMPORTACIONES RAMIREZ\\ERP-RAMIREZ\\vendor\\barryvdh\\laravel-debugbar\\src\\Middleware\\InjectDebugbar.php(59): Illuminate\\Pipeline\\Pipeline->Illuminate\\Pipeline\\{closure}(Object(Illuminate\\Http\\Request))
#50 D:\\PROYECTOS\\IMPORTACIONES RAMIREZ\\ERP-RAMIREZ\\vendor\\laravel\\framework\\src\\Illuminate\\Pipeline\\Pipeline.php(180): Barryvdh\\Debugbar\\Middleware\\InjectDebugbar->handle(Object(Illuminate\\Http\\Request), Object(Closure))
#51 D:\\PROYECTOS\\IMPORTACIONES RAMIREZ\\ERP-RAMIREZ\\vendor\\laravel\\framework\\src\\Illuminate\\Foundation\\Http\\Middleware\\TransformsRequest.php(21): Illuminate\\Pipeline\\Pipeline->Illuminate\\Pipeline\\{closure}(Object(Illuminate\\Http\\Request))
#52 D:\\PROYECTOS\\IMPORTACIONES RAMIREZ\\ERP-RAMIREZ\\vendor\\laravel\\framework\\src\\Illuminate\\Foundation\\Http\\Middleware\\ConvertEmptyStringsToNull.php(31): Illuminate\\Foundation\\Http\\Middleware\\TransformsRequest->handle(Object(Illuminate\\Http\\Request), Object(Closure))
#53 D:\\PROYECTOS\\IMPORTACIONES RAMIREZ\\ERP-RAMIREZ\\vendor\\laravel\\framework\\src\\Illuminate\\Pipeline\\Pipeline.php(180): Illuminate\\Foundation\\Http\\Middleware\\ConvertEmptyStringsToNull->handle(Object(Illuminate\\Http\\Request), Object(Closure))
#54 D:\\PROYECTOS\\IMPORTACIONES RAMIREZ\\ERP-RAMIREZ\\vendor\\laravel\\framework\\src\\Illuminate\\Foundation\\Http\\Middleware\\TransformsRequest.php(21): Illuminate\\Pipeline\\Pipeline->Illuminate\\Pipeline\\{closure}(Object(Illuminate\\Http\\Request))
#55 D:\\PROYECTOS\\IMPORTACIONES RAMIREZ\\ERP-RAMIREZ\\vendor\\laravel\\framework\\src\\Illuminate\\Foundation\\Http\\Middleware\\TrimStrings.php(40): Illuminate\\Foundation\\Http\\Middleware\\TransformsRequest->handle(Object(Illuminate\\Http\\Request), Object(Closure))
#56 D:\\PROYECTOS\\IMPORTACIONES RAMIREZ\\ERP-RAMIREZ\\vendor\\laravel\\framework\\src\\Illuminate\\Pipeline\\Pipeline.php(180): Illuminate\\Foundation\\Http\\Middleware\\TrimStrings->handle(Object(Illuminate\\Http\\Request), Object(Closure))
#57 D:\\PROYECTOS\\IMPORTACIONES RAMIREZ\\ERP-RAMIREZ\\vendor\\laravel\\framework\\src\\Illuminate\\Foundation\\Http\\Middleware\\ValidatePostSize.php(27): Illuminate\\Pipeline\\Pipeline->Illuminate\\Pipeline\\{closure}(Object(Illuminate\\Http\\Request))
#58 D:\\PROYECTOS\\IMPORTACIONES RAMIREZ\\ERP-RAMIREZ\\vendor\\laravel\\framework\\src\\Illuminate\\Pipeline\\Pipeline.php(180): Illuminate\\Foundation\\Http\\Middleware\\ValidatePostSize->handle(Object(Illuminate\\Http\\Request), Object(Closure))
#59 D:\\PROYECTOS\\IMPORTACIONES RAMIREZ\\ERP-RAMIREZ\\vendor\\laravel\\framework\\src\\Illuminate\\Foundation\\Http\\Middleware\\PreventRequestsDuringMaintenance.php(86): Illuminate\\Pipeline\\Pipeline->Illuminate\\Pipeline\\{closure}(Object(Illuminate\\Http\\Request))
#60 D:\\PROYECTOS\\IMPORTACIONES RAMIREZ\\ERP-RAMIREZ\\vendor\\laravel\\framework\\src\\Illuminate\\Pipeline\\Pipeline.php(180): Illuminate\\Foundation\\Http\\Middleware\\PreventRequestsDuringMaintenance->handle(Object(Illuminate\\Http\\Request), Object(Closure))
#61 D:\\PROYECTOS\\IMPORTACIONES RAMIREZ\\ERP-RAMIREZ\\vendor\\laravel\\framework\\src\\Illuminate\\Http\\Middleware\\HandleCors.php(49): Illuminate\\Pipeline\\Pipeline->Illuminate\\Pipeline\\{closure}(Object(Illuminate\\Http\\Request))
#62 D:\\PROYECTOS\\IMPORTACIONES RAMIREZ\\ERP-RAMIREZ\\vendor\\laravel\\framework\\src\\Illuminate\\Pipeline\\Pipeline.php(180): Illuminate\\Http\\Middleware\\HandleCors->handle(Object(Illuminate\\Http\\Request), Object(Closure))
#63 D:\\PROYECTOS\\IMPORTACIONES RAMIREZ\\ERP-RAMIREZ\\vendor\\laravel\\framework\\src\\Illuminate\\Http\\Middleware\\TrustProxies.php(39): Illuminate\\Pipeline\\Pipeline->Illuminate\\Pipeline\\{closure}(Object(Illuminate\\Http\\Request))
#64 D:\\PROYECTOS\\IMPORTACIONES RAMIREZ\\ERP-RAMIREZ\\vendor\\laravel\\framework\\src\\Illuminate\\Pipeline\\Pipeline.php(180): Illuminate\\Http\\Middleware\\TrustProxies->handle(Object(Illuminate\\Http\\Request), Object(Closure))
#65 D:\\PROYECTOS\\IMPORTACIONES RAMIREZ\\ERP-RAMIREZ\\vendor\\laravel\\framework\\src\\Illuminate\\Pipeline\\Pipeline.php(116): Illuminate\\Pipeline\\Pipeline->Illuminate\\Pipeline\\{closure}(Object(Illuminate\\Http\\Request))
#66 D:\\PROYECTOS\\IMPORTACIONES RAMIREZ\\ERP-RAMIREZ\\vendor\\laravel\\framework\\src\\Illuminate\\Foundation\\Http\\Kernel.php(165): Illuminate\\Pipeline\\Pipeline->then(Object(Closure))
#67 D:\\PROYECTOS\\IMPORTACIONES RAMIREZ\\ERP-RAMIREZ\\vendor\\laravel\\framework\\src\\Illuminate\\Foundation\\Http\\Kernel.php(134): Illuminate\\Foundation\\Http\\Kernel->sendRequestThroughRouter(Object(Illuminate\\Http\\Request))
#68 D:\\PROYECTOS\\IMPORTACIONES RAMIREZ\\ERP-RAMIREZ\\public\\index.php(51): Illuminate\\Foundation\\Http\\Kernel->handle(Object(Illuminate\\Http\\Request))
#69 D:\\PROYECTOS\\IMPORTACIONES RAMIREZ\\ERP-RAMIREZ\\vendor\\laravel\\framework\\src\\Illuminate\\Foundation\\resources\\server.php(16): require_once('D:\\\\PROYECTOS\\\\IM...')
#70 {main}
"} 
[2026-07-02 15:41:33] local.ERROR: Method Illuminate\View\View::orderByDesc does not exist. {"userId":1,"exception":"[object] (BadMethodCallException(code: 0): Method Illuminate\\View\\View::orderByDesc does not exist. at D:\\PROYECTOS\\IMPORTACIONES RAMIREZ\\ERP-RAMIREZ\\vendor\\laravel\\framework\\src\\Illuminate\\View\\View.php:465)
[stacktrace]
#0 D:\\PROYECTOS\\IMPORTACIONES RAMIREZ\\ERP-RAMIREZ\\app\\Http\\Controllers\\ImportacionMasivaController.php(15): Illuminate\\View\\View->__call('orderByDesc', Array)
#1 D:\\PROYECTOS\\IMPORTACIONES RAMIREZ\\ERP-RAMIREZ\\vendor\\laravel\\framework\\src\\Illuminate\\Routing\\Controller.php(54): App\\Http\\Controllers\\ImportacionMasivaController->index(Object(Illuminate\\Http\\Request))
#2 D:\\PROYECTOS\\IMPORTACIONES RAMIREZ\\ERP-RAMIREZ\\vendor\\laravel\\framework\\src\\Illuminate\\Routing\\ControllerDispatcher.php(43): Illuminate\\Routing\\Controller->callAction('index', Array)
#3 D:\\PROYECTOS\\IMPORTACIONES RAMIREZ\\ERP-RAMIREZ\\vendor\\laravel\\framework\\src\\Illuminate\\Routing\\Route.php(259): Illuminate\\Routing\\ControllerDispatcher->dispatch(Object(Illuminate\\Routing\\Route), Object(App\\Http\\Controllers\\ImportacionMasivaController), 'index')
#4 D:\\PROYECTOS\\IMPORTACIONES RAMIREZ\\ERP-RAMIREZ\\vendor\\laravel\\framework\\src\\Illuminate\\Routing\\Route.php(205): Illuminate\\Routing\\Route->runController()
#5 D:\\PROYECTOS\\IMPORTACIONES RAMIREZ\\ERP-RAMIREZ\\vendor\\laravel\\framework\\src\\Illuminate\\Routing\\Router.php(798): Illuminate\\Routing\\Route->run()
#6 D:\\PROYECTOS\\IMPORTACIONES RAMIREZ\\ERP-RAMIREZ\\vendor\\laravel\\framework\\src\\Illuminate\\Pipeline\\Pipeline.php(141): Illuminate\\Routing\\Router->Illuminate\\Routing\\{closure}(Object(Illuminate\\Http\\Request))
#7 D:\\PROYECTOS\\IMPORTACIONES RAMIREZ\\ERP-RAMIREZ\\app\\Http\\Middleware\\CheckUserLogin.php(22): Illuminate\\Pipeline\\Pipeline->Illuminate\\Pipeline\\{closure}(Object(Illuminate\\Http\\Request))
#8 D:\\PROYECTOS\\IMPORTACIONES RAMIREZ\\ERP-RAMIREZ\\vendor\\laravel\\framework\\src\\Illuminate\\Pipeline\\Pipeline.php(180): App\\Http\\Middleware\\CheckUserLogin->handle(Object(Illuminate\\Http\\Request), Object(Closure))
#9 D:\\PROYECTOS\\IMPORTACIONES RAMIREZ\\ERP-RAMIREZ\\app\\Http\\Middleware\\AdminSidebarMenu.php(906): Illuminate\\Pipeline\\Pipeline->Illuminate\\Pipeline\\{closure}(Object(Illuminate\\Http\\Request))
#10 D:\\PROYECTOS\\IMPORTACIONES RAMIREZ\\ERP-RAMIREZ\\vendor\\laravel\\framework\\src\\Illuminate\\Pipeline\\Pipeline.php(180): App\\Http\\Middleware\\AdminSidebarMenu->handle(Object(Illuminate\\Http\\Request), Object(Closure))
#11 D:\\PROYECTOS\\IMPORTACIONES RAMIREZ\\ERP-RAMIREZ\\app\\Http\\Middleware\\Timezone.php(30): Illuminate\\Pipeline\\Pipeline->Illuminate\\Pipeline\\{closure}(Object(Illuminate\\Http\\Request))
#12 D:\\PROYECTOS\\IMPORTACIONES RAMIREZ\\ERP-RAMIREZ\\vendor\\laravel\\framework\\src\\Illuminate\\Pipeline\\Pipeline.php(180): App\\Http\\Middleware\\Timezone->handle(Object(Illuminate\\Http\\Request), Object(Closure))
#13 D:\\PROYECTOS\\IMPORTACIONES RAMIREZ\\ERP-RAMIREZ\\app\\Http\\Middleware\\Language.php(25): Illuminate\\Pipeline\\Pipeline->Illuminate\\Pipeline\\{closure}(Object(Illuminate\\Http\\Request))
#14 D:\\PROYECTOS\\IMPORTACIONES RAMIREZ\\ERP-RAMIREZ\\vendor\\laravel\\framework\\src\\Illuminate\\Pipeline\\Pipeline.php(180): App\\Http\\Middleware\\Language->handle(Object(Illuminate\\Http\\Request), Object(Closure))
#15 D:\\PROYECTOS\\IMPORTACIONES RAMIREZ\\ERP-RAMIREZ\\app\\Http\\Middleware\\SetSessionData.php(52): Illuminate\\Pipeline\\Pipeline->Illuminate\\Pipeline\\{closure}(Object(Illuminate\\Http\\Request))
#16 D:\\PROYECTOS\\IMPORTACIONES RAMIREZ\\ERP-RAMIREZ\\vendor\\laravel\\framework\\src\\Illuminate\\Pipeline\\Pipeline.php(180): App\\Http\\Middleware\\SetSessionData->handle(Object(Illuminate\\Http\\Request), Object(Closure))
#17 D:\\PROYECTOS\\IMPORTACIONES RAMIREZ\\ERP-RAMIREZ\\app\\Http\\Middleware\\IsInstalled.php(50): Illuminate\\Pipeline\\Pipeline->Illuminate\\Pipeline\\{closure}(Object(Illuminate\\Http\\Request))
#18 D:\\PROYECTOS\\IMPORTACIONES RAMIREZ\\ERP-RAMIREZ\\vendor\\laravel\\framework\\src\\Illuminate\\Pipeline\\Pipeline.php(180): App\\Http\\Middleware\\IsInstalled->handle(Object(Illuminate\\Http\\Request), Object(Closure))
#19 D:\\PROYECTOS\\IMPORTACIONES RAMIREZ\\ERP-RAMIREZ\\vendor\\laravel\\framework\\src\\Illuminate\\Routing\\Middleware\\SubstituteBindings.php(50): Illuminate\\Pipeline\\Pipeline->Illuminate\\Pipeline\\{closure}(Object(Illuminate\\Http\\Request))
#20 D:\\PROYECTOS\\IMPORTACIONES RAMIREZ\\ERP-RAMIREZ\\vendor\\laravel\\framework\\src\\Illuminate\\Pipeline\\Pipeline.php(180): Illuminate\\Routing\\Middleware\\SubstituteBindings->handle(Object(Illuminate\\Http\\Request), Object(Closure))
#21 D:\\PROYECTOS\\IMPORTACIONES RAMIREZ\\ERP-RAMIREZ\\vendor\\laravel\\framework\\src\\Illuminate\\Auth\\Middleware\\Authenticate.php(44): Illuminate\\Pipeline\\Pipeline->Illuminate\\Pipeline\\{closure}(Object(Illuminate\\Http\\Request))
#22 D:\\PROYECTOS\\IMPORTACIONES RAMIREZ\\ERP-RAMIREZ\\vendor\\laravel\\framework\\src\\Illuminate\\Pipeline\\Pipeline.php(180): Illuminate\\Auth\\Middleware\\Authenticate->handle(Object(Illuminate\\Http\\Request), Object(Closure))
#23 D:\\PROYECTOS\\IMPORTACIONES RAMIREZ\\ERP-RAMIREZ\\vendor\\laravel\\framework\\src\\Illuminate\\Foundation\\Http\\Middleware\\VerifyCsrfToken.php(78): Illuminate\\Pipeline\\Pipeline->Illuminate\\Pipeline\\{closure}(Object(Illuminate\\Http\\Request))
#24 D:\\PROYECTOS\\IMPORTACIONES RAMIREZ\\ERP-RAMIREZ\\vendor\\laravel\\framework\\src\\Illuminate\\Pipeline\\Pipeline.php(180): Illuminate\\Foundation\\Http\\Middleware\\VerifyCsrfToken->handle(Object(Illuminate\\Http\\Request), Object(Closure))
#25 D:\\PROYECTOS\\IMPORTACIONES RAMIREZ\\ERP-RAMIREZ\\vendor\\laravel\\framework\\src\\Illuminate\\View\\Middleware\\ShareErrorsFromSession.php(49): Illuminate\\Pipeline\\Pipeline->Illuminate\\Pipeline\\{closure}(Object(Illuminate\\Http\\Request))
#26 D:\\PROYECTOS\\IMPORTACIONES RAMIREZ\\ERP-RAMIREZ\\vendor\\laravel\\framework\\src\\Illuminate\\Pipeline\\Pipeline.php(180): Illuminate\\View\\Middleware\\ShareErrorsFromSession->handle(Object(Illuminate\\Http\\Request), Object(Closure))
#27 D:\\PROYECTOS\\IMPORTACIONES RAMIREZ\\ERP-RAMIREZ\\vendor\\laravel\\framework\\src\\Illuminate\\Session\\Middleware\\StartSession.php(121): Illuminate\\Pipeline\\Pipeline->Illuminate\\Pipeline\\{closure}(Object(Illuminate\\Http\\Request))
#28 D:\\PROYECTOS\\IMPORTACIONES RAMIREZ\\ERP-RAMIREZ\\vendor\\laravel\\framework\\src\\Illuminate\\Session\\Middleware\\StartSession.php(64): Illuminate\\Session\\Middleware\\StartSession->handleStatefulRequest(Object(Illuminate\\Http\\Request), Object(Illuminate\\Session\\Store), Object(Closure))
#29 D:\\PROYECTOS\\IMPORTACIONES RAMIREZ\\ERP-RAMIREZ\\vendor\\laravel\\framework\\src\\Illuminate\\Pipeline\\Pipeline.php(180): Illuminate\\Session\\Middleware\\StartSession->handle(Object(Illuminate\\Http\\Request), Object(Closure))
#30 D:\\PROYECTOS\\IMPORTACIONES RAMIREZ\\ERP-RAMIREZ\\vendor\\laravel\\framework\\src\\Illuminate\\Cookie\\Middleware\\AddQueuedCookiesToResponse.php(37): Illuminate\\Pipeline\\Pipeline->Illuminate\\Pipeline\\{closure}(Object(Illuminate\\Http\\Request))
#31 D:\\PROYECTOS\\IMPORTACIONES RAMIREZ\\ERP-RAMIREZ\\vendor\\laravel\\framework\\src\\Illuminate\\Pipeline\\Pipeline.php(180): Illuminate\\Cookie\\Middleware\\AddQueuedCookiesToResponse->handle(Object(Illuminate\\Http\\Request), Object(Closure))
#32 D:\\PROYECTOS\\IMPORTACIONES RAMIREZ\\ERP-RAMIREZ\\vendor\\laravel\\framework\\src\\Illuminate\\Cookie\\Middleware\\EncryptCookies.php(67): Illuminate\\Pipeline\\Pipeline->Illuminate\\Pipeline\\{closure}(Object(Illuminate\\Http\\Request))
#33 D:\\PROYECTOS\\IMPORTACIONES RAMIREZ\\ERP-RAMIREZ\\vendor\\laravel\\framework\\src\\Illuminate\\Pipeline\\Pipeline.php(180): Illuminate\\Cookie\\Middleware\\EncryptCookies->handle(Object(Illuminate\\Http\\Request), Object(Closure))
#34 D:\\PROYECTOS\\IMPORTACIONES RAMIREZ\\ERP-RAMIREZ\\vendor\\laravel\\framework\\src\\Illuminate\\Pipeline\\Pipeline.php(116): Illuminate\\Pipeline\\Pipeline->Illuminate\\Pipeline\\{closure}(Object(Illuminate\\Http\\Request))
#35 D:\\PROYECTOS\\IMPORTACIONES RAMIREZ\\ERP-RAMIREZ\\vendor\\laravel\\framework\\src\\Illuminate\\Routing\\Router.php(797): Illuminate\\Pipeline\\Pipeline->then(Object(Closure))
#36 D:\\PROYECTOS\\IMPORTACIONES RAMIREZ\\ERP-RAMIREZ\\vendor\\laravel\\framework\\src\\Illuminate\\Routing\\Router.php(776): Illuminate\\Routing\\Router->runRouteWithinStack(Object(Illuminate\\Routing\\Route), Object(Illuminate\\Http\\Request))
#37 D:\\PROYECTOS\\IMPORTACIONES RAMIREZ\\ERP-RAMIREZ\\vendor\\laravel\\framework\\src\\Illuminate\\Routing\\Router.php(740): Illuminate\\Routing\\Router->runRoute(Object(Illuminate\\Http\\Request), Object(Illuminate\\Routing\\Route))
#38 D:\\PROYECTOS\\IMPORTACIONES RAMIREZ\\ERP-RAMIREZ\\vendor\\laravel\\framework\\src\\Illuminate\\Routing\\Router.php(729): Illuminate\\Routing\\Router->dispatchToRoute(Object(Illuminate\\Http\\Request))
#39 D:\\PROYECTOS\\IMPORTACIONES RAMIREZ\\ERP-RAMIREZ\\vendor\\laravel\\framework\\src\\Illuminate\\Foundation\\Http\\Kernel.php(190): Illuminate\\Routing\\Router->dispatch(Object(Illuminate\\Http\\Request))
#40 D:\\PROYECTOS\\IMPORTACIONES RAMIREZ\\ERP-RAMIREZ\\vendor\\laravel\\framework\\src\\Illuminate\\Pipeline\\Pipeline.php(141): Illuminate\\Foundation\\Http\\Kernel->Illuminate\\Foundation\\Http\\{closure}(Object(Illuminate\\Http\\Request))
#41 D:\\PROYECTOS\\IMPORTACIONES RAMIREZ\\ERP-RAMIREZ\\vendor\\barryvdh\\laravel-debugbar\\src\\Middleware\\InjectDebugbar.php(59): Illuminate\\Pipeline\\Pipeline->Illuminate\\Pipeline\\{closure}(Object(Illuminate\\Http\\Request))
#42 D:\\PROYECTOS\\IMPORTACIONES RAMIREZ\\ERP-RAMIREZ\\vendor\\laravel\\framework\\src\\Illuminate\\Pipeline\\Pipeline.php(180): Barryvdh\\Debugbar\\Middleware\\InjectDebugbar->handle(Object(Illuminate\\Http\\Request), Object(Closure))
#43 D:\\PROYECTOS\\IMPORTACIONES RAMIREZ\\ERP-RAMIREZ\\vendor\\laravel\\framework\\src\\Illuminate\\Foundation\\Http\\Middleware\\TransformsRequest.php(21): Illuminate\\Pipeline\\Pipeline->Illuminate\\Pipeline\\{closure}(Object(Illuminate\\Http\\Request))
#44 D:\\PROYECTOS\\IMPORTACIONES RAMIREZ\\ERP-RAMIREZ\\vendor\\laravel\\framework\\src\\Illuminate\\Foundation\\Http\\Middleware\\ConvertEmptyStringsToNull.php(31): Illuminate\\Foundation\\Http\\Middleware\\TransformsRequest->handle(Object(Illuminate\\Http\\Request), Object(Closure))
#45 D:\\PROYECTOS\\IMPORTACIONES RAMIREZ\\ERP-RAMIREZ\\vendor\\laravel\\framework\\src\\Illuminate\\Pipeline\\Pipeline.php(180): Illuminate\\Foundation\\Http\\Middleware\\ConvertEmptyStringsToNull->handle(Object(Illuminate\\Http\\Request), Object(Closure))
#46 D:\\PROYECTOS\\IMPORTACIONES RAMIREZ\\ERP-RAMIREZ\\vendor\\laravel\\framework\\src\\Illuminate\\Foundation\\Http\\Middleware\\TransformsRequest.php(21): Illuminate\\Pipeline\\Pipeline->Illuminate\\Pipeline\\{closure}(Object(Illuminate\\Http\\Request))
#47 D:\\PROYECTOS\\IMPORTACIONES RAMIREZ\\ERP-RAMIREZ\\vendor\\laravel\\framework\\src\\Illuminate\\Foundation\\Http\\Middleware\\TrimStrings.php(40): Illuminate\\Foundation\\Http\\Middleware\\TransformsRequest->handle(Object(Illuminate\\Http\\Request), Object(Closure))
#48 D:\\PROYECTOS\\IMPORTACIONES RAMIREZ\\ERP-RAMIREZ\\vendor\\laravel\\framework\\src\\Illuminate\\Pipeline\\Pipeline.php(180): Illuminate\\Foundation\\Http\\Middleware\\TrimStrings->handle(Object(Illuminate\\Http\\Request), Object(Closure))
#49 D:\\PROYECTOS\\IMPORTACIONES RAMIREZ\\ERP-RAMIREZ\\vendor\\laravel\\framework\\src\\Illuminate\\Foundation\\Http\\Middleware\\ValidatePostSize.php(27): Illuminate\\Pipeline\\Pipeline->Illuminate\\Pipeline\\{closure}(Object(Illuminate\\Http\\Request))
#50 D:\\PROYECTOS\\IMPORTACIONES RAMIREZ\\ERP-RAMIREZ\\vendor\\laravel\\framework\\src\\Illuminate\\Pipeline\\Pipeline.php(180): Illuminate\\Foundation\\Http\\Middleware\\ValidatePostSize->handle(Object(Illuminate\\Http\\Request), Object(Closure))
#51 D:\\PROYECTOS\\IMPORTACIONES RAMIREZ\\ERP-RAMIREZ\\vendor\\laravel\\framework\\src\\Illuminate\\Foundation\\Http\\Middleware\\PreventRequestsDuringMaintenance.php(86): Illuminate\\Pipeline\\Pipeline->Illuminate\\Pipeline\\{closure}(Object(Illuminate\\Http\\Request))
#52 D:\\PROYECTOS\\IMPORTACIONES RAMIREZ\\ERP-RAMIREZ\\vendor\\laravel\\framework\\src\\Illuminate\\Pipeline\\Pipeline.php(180): Illuminate\\Foundation\\Http\\Middleware\\PreventRequestsDuringMaintenance->handle(Object(Illuminate\\Http\\Request), Object(Closure))
#53 D:\\PROYECTOS\\IMPORTACIONES RAMIREZ\\ERP-RAMIREZ\\vendor\\laravel\\framework\\src\\Illuminate\\Http\\Middleware\\HandleCors.php(49): Illuminate\\Pipeline\\Pipeline->Illuminate\\Pipeline\\{closure}(Object(Illuminate\\Http\\Request))
#54 D:\\PROYECTOS\\IMPORTACIONES RAMIREZ\\ERP-RAMIREZ\\vendor\\laravel\\framework\\src\\Illuminate\\Pipeline\\Pipeline.php(180): Illuminate\\Http\\Middleware\\HandleCors->handle(Object(Illuminate\\Http\\Request), Object(Closure))
#55 D:\\PROYECTOS\\IMPORTACIONES RAMIREZ\\ERP-RAMIREZ\\vendor\\laravel\\framework\\src\\Illuminate\\Http\\Middleware\\TrustProxies.php(39): Illuminate\\Pipeline\\Pipeline->Illuminate\\Pipeline\\{closure}(Object(Illuminate\\Http\\Request))
#56 D:\\PROYECTOS\\IMPORTACIONES RAMIREZ\\ERP-RAMIREZ\\vendor\\laravel\\framework\\src\\Illuminate\\Pipeline\\Pipeline.php(180): Illuminate\\Http\\Middleware\\TrustProxies->handle(Object(Illuminate\\Http\\Request), Object(Closure))
#57 D:\\PROYECTOS\\IMPORTACIONES RAMIREZ\\ERP-RAMIREZ\\vendor\\laravel\\framework\\src\\Illuminate\\Pipeline\\Pipeline.php(116): Illuminate\\Pipeline\\Pipeline->Illuminate\\Pipeline\\{closure}(Object(Illuminate\\Http\\Request))
#58 D:\\PROYECTOS\\IMPORTACIONES RAMIREZ\\ERP-RAMIREZ\\vendor\\laravel\\framework\\src\\Illuminate\\Foundation\\Http\\Kernel.php(165): Illuminate\\Pipeline\\Pipeline->then(Object(Closure))
#59 D:\\PROYECTOS\\IMPORTACIONES RAMIREZ\\ERP-RAMIREZ\\vendor\\laravel\\framework\\src\\Illuminate\\Foundation\\Http\\Kernel.php(134): Illuminate\\Foundation\\Http\\Kernel->sendRequestThroughRouter(Object(Illuminate\\Http\\Request))
#60 D:\\PROYECTOS\\IMPORTACIONES RAMIREZ\\ERP-RAMIREZ\\public\\index.php(51): Illuminate\\Foundation\\Http\\Kernel->handle(Object(Illuminate\\Http\\Request))
#61 D:\\PROYECTOS\\IMPORTACIONES RAMIREZ\\ERP-RAMIREZ\\vendor\\laravel\\framework\\src\\Illuminate\\Foundation\\resources\\server.php(16): require_once('D:\\\\PROYECTOS\\\\IM...')
#62 {main}
"} 
[2026-07-02 15:45:16] local.ERROR: Method Illuminate\View\View::orderByDesc does not exist. {"userId":1,"exception":"[object] (BadMethodCallException(code: 0): Method Illuminate\\View\\View::orderByDesc does not exist. at D:\\PROYECTOS\\IMPORTACIONES RAMIREZ\\ERP-RAMIREZ\\vendor\\laravel\\framework\\src\\Illuminate\\View\\View.php:465)
[stacktrace]
#0 D:\\PROYECTOS\\IMPORTACIONES RAMIREZ\\ERP-RAMIREZ\\app\\Http\\Controllers\\ImportacionMasivaController.php(17): Illuminate\\View\\View->__call('orderByDesc', Array)
#1 D:\\PROYECTOS\\IMPORTACIONES RAMIREZ\\ERP-RAMIREZ\\vendor\\laravel\\framework\\src\\Illuminate\\Routing\\Controller.php(54): App\\Http\\Controllers\\ImportacionMasivaController->index(Object(Illuminate\\Http\\Request))
#2 D:\\PROYECTOS\\IMPORTACIONES RAMIREZ\\ERP-RAMIREZ\\vendor\\laravel\\framework\\src\\Illuminate\\Routing\\ControllerDispatcher.php(43): Illuminate\\Routing\\Controller->callAction('index', Array)
#3 D:\\PROYECTOS\\IMPORTACIONES RAMIREZ\\ERP-RAMIREZ\\vendor\\laravel\\framework\\src\\Illuminate\\Routing\\Route.php(259): Illuminate\\Routing\\ControllerDispatcher->dispatch(Object(Illuminate\\Routing\\Route), Object(App\\Http\\Controllers\\ImportacionMasivaController), 'index')
#4 D:\\PROYECTOS\\IMPORTACIONES RAMIREZ\\ERP-RAMIREZ\\vendor\\laravel\\framework\\src\\Illuminate\\Routing\\Route.php(205): Illuminate\\Routing\\Route->runController()
#5 D:\\PROYECTOS\\IMPORTACIONES RAMIREZ\\ERP-RAMIREZ\\vendor\\laravel\\framework\\src\\Illuminate\\Routing\\Router.php(798): Illuminate\\Routing\\Route->run()
#6 D:\\PROYECTOS\\IMPORTACIONES RAMIREZ\\ERP-RAMIREZ\\vendor\\laravel\\framework\\src\\Illuminate\\Pipeline\\Pipeline.php(141): Illuminate\\Routing\\Router->Illuminate\\Routing\\{closure}(Object(Illuminate\\Http\\Request))
#7 D:\\PROYECTOS\\IMPORTACIONES RAMIREZ\\ERP-RAMIREZ\\app\\Http\\Middleware\\CheckUserLogin.php(22): Illuminate\\Pipeline\\Pipeline->Illuminate\\Pipeline\\{closure}(Object(Illuminate\\Http\\Request))
#8 D:\\PROYECTOS\\IMPORTACIONES RAMIREZ\\ERP-RAMIREZ\\vendor\\laravel\\framework\\src\\Illuminate\\Pipeline\\Pipeline.php(180): App\\Http\\Middleware\\CheckUserLogin->handle(Object(Illuminate\\Http\\Request), Object(Closure))
#9 D:\\PROYECTOS\\IMPORTACIONES RAMIREZ\\ERP-RAMIREZ\\app\\Http\\Middleware\\AdminSidebarMenu.php(906): Illuminate\\Pipeline\\Pipeline->Illuminate\\Pipeline\\{closure}(Object(Illuminate\\Http\\Request))
#10 D:\\PROYECTOS\\IMPORTACIONES RAMIREZ\\ERP-RAMIREZ\\vendor\\laravel\\framework\\src\\Illuminate\\Pipeline\\Pipeline.php(180): App\\Http\\Middleware\\AdminSidebarMenu->handle(Object(Illuminate\\Http\\Request), Object(Closure))
#11 D:\\PROYECTOS\\IMPORTACIONES RAMIREZ\\ERP-RAMIREZ\\app\\Http\\Middleware\\Timezone.php(30): Illuminate\\Pipeline\\Pipeline->Illuminate\\Pipeline\\{closure}(Object(Illuminate\\Http\\Request))
#12 D:\\PROYECTOS\\IMPORTACIONES RAMIREZ\\ERP-RAMIREZ\\vendor\\laravel\\framework\\src\\Illuminate\\Pipeline\\Pipeline.php(180): App\\Http\\Middleware\\Timezone->handle(Object(Illuminate\\Http\\Request), Object(Closure))
#13 D:\\PROYECTOS\\IMPORTACIONES RAMIREZ\\ERP-RAMIREZ\\app\\Http\\Middleware\\Language.php(25): Illuminate\\Pipeline\\Pipeline->Illuminate\\Pipeline\\{closure}(Object(Illuminate\\Http\\Request))
#14 D:\\PROYECTOS\\IMPORTACIONES RAMIREZ\\ERP-RAMIREZ\\vendor\\laravel\\framework\\src\\Illuminate\\Pipeline\\Pipeline.php(180): App\\Http\\Middleware\\Language->handle(Object(Illuminate\\Http\\Request), Object(Closure))
#15 D:\\PROYECTOS\\IMPORTACIONES RAMIREZ\\ERP-RAMIREZ\\app\\Http\\Middleware\\SetSessionData.php(52): Illuminate\\Pipeline\\Pipeline->Illuminate\\Pipeline\\{closure}(Object(Illuminate\\Http\\Request))
#16 D:\\PROYECTOS\\IMPORTACIONES RAMIREZ\\ERP-RAMIREZ\\vendor\\laravel\\framework\\src\\Illuminate\\Pipeline\\Pipeline.php(180): App\\Http\\Middleware\\SetSessionData->handle(Object(Illuminate\\Http\\Request), Object(Closure))
#17 D:\\PROYECTOS\\IMPORTACIONES RAMIREZ\\ERP-RAMIREZ\\app\\Http\\Middleware\\IsInstalled.php(50): Illuminate\\Pipeline\\Pipeline->Illuminate\\Pipeline\\{closure}(Object(Illuminate\\Http\\Request))
#18 D:\\PROYECTOS\\IMPORTACIONES RAMIREZ\\ERP-RAMIREZ\\vendor\\laravel\\framework\\src\\Illuminate\\Pipeline\\Pipeline.php(180): App\\Http\\Middleware\\IsInstalled->handle(Object(Illuminate\\Http\\Request), Object(Closure))
#19 D:\\PROYECTOS\\IMPORTACIONES RAMIREZ\\ERP-RAMIREZ\\vendor\\laravel\\framework\\src\\Illuminate\\Routing\\Middleware\\SubstituteBindings.php(50): Illuminate\\Pipeline\\Pipeline->Illuminate\\Pipeline\\{closure}(Object(Illuminate\\Http\\Request))
#20 D:\\PROYECTOS\\IMPORTACIONES RAMIREZ\\ERP-RAMIREZ\\vendor\\laravel\\framework\\src\\Illuminate\\Pipeline\\Pipeline.php(180): Illuminate\\Routing\\Middleware\\SubstituteBindings->handle(Object(Illuminate\\Http\\Request), Object(Closure))
#21 D:\\PROYECTOS\\IMPORTACIONES RAMIREZ\\ERP-RAMIREZ\\vendor\\laravel\\framework\\src\\Illuminate\\Auth\\Middleware\\Authenticate.php(44): Illuminate\\Pipeline\\Pipeline->Illuminate\\Pipeline\\{closure}(Object(Illuminate\\Http\\Request))
#22 D:\\PROYECTOS\\IMPORTACIONES RAMIREZ\\ERP-RAMIREZ\\vendor\\laravel\\framework\\src\\Illuminate\\Pipeline\\Pipeline.php(180): Illuminate\\Auth\\Middleware\\Authenticate->handle(Object(Illuminate\\Http\\Request), Object(Closure))
#23 D:\\PROYECTOS\\IMPORTACIONES RAMIREZ\\ERP-RAMIREZ\\vendor\\laravel\\framework\\src\\Illuminate\\Foundation\\Http\\Middleware\\VerifyCsrfToken.php(78): Illuminate\\Pipeline\\Pipeline->Illuminate\\Pipeline\\{closure}(Object(Illuminate\\Http\\Request))
#24 D:\\PROYECTOS\\IMPORTACIONES RAMIREZ\\ERP-RAMIREZ\\vendor\\laravel\\framework\\src\\Illuminate\\Pipeline\\Pipeline.php(180): Illuminate\\Foundation\\Http\\Middleware\\VerifyCsrfToken->handle(Object(Illuminate\\Http\\Request), Object(Closure))
#25 D:\\PROYECTOS\\IMPORTACIONES RAMIREZ\\ERP-RAMIREZ\\vendor\\laravel\\framework\\src\\Illuminate\\View\\Middleware\\ShareErrorsFromSession.php(49): Illuminate\\Pipeline\\Pipeline->Illuminate\\Pipeline\\{closure}(Object(Illuminate\\Http\\Request))
#26 D:\\PROYECTOS\\IMPORTACIONES RAMIREZ\\ERP-RAMIREZ\\vendor\\laravel\\framework\\src\\Illuminate\\Pipeline\\Pipeline.php(180): Illuminate\\View\\Middleware\\ShareErrorsFromSession->handle(Object(Illuminate\\Http\\Request), Object(Closure))
#27 D:\\PROYECTOS\\IMPORTACIONES RAMIREZ\\ERP-RAMIREZ\\vendor\\laravel\\framework\\src\\Illuminate\\Session\\Middleware\\StartSession.php(121): Illuminate\\Pipeline\\Pipeline->Illuminate\\Pipeline\\{closure}(Object(Illuminate\\Http\\Request))
#28 D:\\PROYECTOS\\IMPORTACIONES RAMIREZ\\ERP-RAMIREZ\\vendor\\laravel\\framework\\src\\Illuminate\\Session\\Middleware\\StartSession.php(64): Illuminate\\Session\\Middleware\\StartSession->handleStatefulRequest(Object(Illuminate\\Http\\Request), Object(Illuminate\\Session\\Store), Object(Closure))
#29 D:\\PROYECTOS\\IMPORTACIONES RAMIREZ\\ERP-RAMIREZ\\vendor\\laravel\\framework\\src\\Illuminate\\Pipeline\\Pipeline.php(180): Illuminate\\Session\\Middleware\\StartSession->handle(Object(Illuminate\\Http\\Request), Object(Closure))
#30 D:\\PROYECTOS\\IMPORTACIONES RAMIREZ\\ERP-RAMIREZ\\vendor\\laravel\\framework\\src\\Illuminate\\Cookie\\Middleware\\AddQueuedCookiesToResponse.php(37): Illuminate\\Pipeline\\Pipeline->Illuminate\\Pipeline\\{closure}(Object(Illuminate\\Http\\Request))
#31 D:\\PROYECTOS\\IMPORTACIONES RAMIREZ\\ERP-RAMIREZ\\vendor\\laravel\\framework\\src\\Illuminate\\Pipeline\\Pipeline.php(180): Illuminate\\Cookie\\Middleware\\AddQueuedCookiesToResponse->handle(Object(Illuminate\\Http\\Request), Object(Closure))
#32 D:\\PROYECTOS\\IMPORTACIONES RAMIREZ\\ERP-RAMIREZ\\vendor\\laravel\\framework\\src\\Illuminate\\Cookie\\Middleware\\EncryptCookies.php(67): Illuminate\\Pipeline\\Pipeline->Illuminate\\Pipeline\\{closure}(Object(Illuminate\\Http\\Request))
#33 D:\\PROYECTOS\\IMPORTACIONES RAMIREZ\\ERP-RAMIREZ\\vendor\\laravel\\framework\\src\\Illuminate\\Pipeline\\Pipeline.php(180): Illuminate\\Cookie\\Middleware\\EncryptCookies->handle(Object(Illuminate\\Http\\Request), Object(Closure))
#34 D:\\PROYECTOS\\IMPORTACIONES RAMIREZ\\ERP-RAMIREZ\\vendor\\laravel\\framework\\src\\Illuminate\\Pipeline\\Pipeline.php(116): Illuminate\\Pipeline\\Pipeline->Illuminate\\Pipeline\\{closure}(Object(Illuminate\\Http\\Request))
#35 D:\\PROYECTOS\\IMPORTACIONES RAMIREZ\\ERP-RAMIREZ\\vendor\\laravel\\framework\\src\\Illuminate\\Routing\\Router.php(797): Illuminate\\Pipeline\\Pipeline->then(Object(Closure))
#36 D:\\PROYECTOS\\IMPORTACIONES RAMIREZ\\ERP-RAMIREZ\\vendor\\laravel\\framework\\src\\Illuminate\\Routing\\Router.php(776): Illuminate\\Routing\\Router->runRouteWithinStack(Object(Illuminate\\Routing\\Route), Object(Illuminate\\Http\\Request))
#37 D:\\PROYECTOS\\IMPORTACIONES RAMIREZ\\ERP-RAMIREZ\\vendor\\laravel\\framework\\src\\Illuminate\\Routing\\Router.php(740): Illuminate\\Routing\\Router->runRoute(Object(Illuminate\\Http\\Request), Object(Illuminate\\Routing\\Route))
#38 D:\\PROYECTOS\\IMPORTACIONES RAMIREZ\\ERP-RAMIREZ\\vendor\\laravel\\framework\\src\\Illuminate\\Routing\\Router.php(729): Illuminate\\Routing\\Router->dispatchToRoute(Object(Illuminate\\Http\\Request))
#39 D:\\PROYECTOS\\IMPORTACIONES RAMIREZ\\ERP-RAMIREZ\\vendor\\laravel\\framework\\src\\Illuminate\\Foundation\\Http\\Kernel.php(190): Illuminate\\Routing\\Router->dispatch(Object(Illuminate\\Http\\Request))
#40 D:\\PROYECTOS\\IMPORTACIONES RAMIREZ\\ERP-RAMIREZ\\vendor\\laravel\\framework\\src\\Illuminate\\Pipeline\\Pipeline.php(141): Illuminate\\Foundation\\Http\\Kernel->Illuminate\\Foundation\\Http\\{closure}(Object(Illuminate\\Http\\Request))
#41 D:\\PROYECTOS\\IMPORTACIONES RAMIREZ\\ERP-RAMIREZ\\vendor\\barryvdh\\laravel-debugbar\\src\\Middleware\\InjectDebugbar.php(59): Illuminate\\Pipeline\\Pipeline->Illuminate\\Pipeline\\{closure}(Object(Illuminate\\Http\\Request))
#42 D:\\PROYECTOS\\IMPORTACIONES RAMIREZ\\ERP-RAMIREZ\\vendor\\laravel\\framework\\src\\Illuminate\\Pipeline\\Pipeline.php(180): Barryvdh\\Debugbar\\Middleware\\InjectDebugbar->handle(Object(Illuminate\\Http\\Request), Object(Closure))
#43 D:\\PROYECTOS\\IMPORTACIONES RAMIREZ\\ERP-RAMIREZ\\vendor\\laravel\\framework\\src\\Illuminate\\Foundation\\Http\\Middleware\\TransformsRequest.php(21): Illuminate\\Pipeline\\Pipeline->Illuminate\\Pipeline\\{closure}(Object(Illuminate\\Http\\Request))
#44 D:\\PROYECTOS\\IMPORTACIONES RAMIREZ\\ERP-RAMIREZ\\vendor\\laravel\\framework\\src\\Illuminate\\Foundation\\Http\\Middleware\\ConvertEmptyStringsToNull.php(31): Illuminate\\Foundation\\Http\\Middleware\\TransformsRequest->handle(Object(Illuminate\\Http\\Request), Object(Closure))
#45 D:\\PROYECTOS\\IMPORTACIONES RAMIREZ\\ERP-RAMIREZ\\vendor\\laravel\\framework\\src\\Illuminate\\Pipeline\\Pipeline.php(180): Illuminate\\Foundation\\Http\\Middleware\\ConvertEmptyStringsToNull->handle(Object(Illuminate\\Http\\Request), Object(Closure))
#46 D:\\PROYECTOS\\IMPORTACIONES RAMIREZ\\ERP-RAMIREZ\\vendor\\laravel\\framework\\src\\Illuminate\\Foundation\\Http\\Middleware\\TransformsRequest.php(21): Illuminate\\Pipeline\\Pipeline->Illuminate\\Pipeline\\{closure}(Object(Illuminate\\Http\\Request))
#47 D:\\PROYECTOS\\IMPORTACIONES RAMIREZ\\ERP-RAMIREZ\\vendor\\laravel\\framework\\src\\Illuminate\\Foundation\\Http\\Middleware\\TrimStrings.php(40): Illuminate\\Foundation\\Http\\Middleware\\TransformsRequest->handle(Object(Illuminate\\Http\\Request), Object(Closure))
#48 D:\\PROYECTOS\\IMPORTACIONES RAMIREZ\\ERP-RAMIREZ\\vendor\\laravel\\framework\\src\\Illuminate\\Pipeline\\Pipeline.php(180): Illuminate\\Foundation\\Http\\Middleware\\TrimStrings->handle(Object(Illuminate\\Http\\Request), Object(Closure))
#49 D:\\PROYECTOS\\IMPORTACIONES RAMIREZ\\ERP-RAMIREZ\\vendor\\laravel\\framework\\src\\Illuminate\\Foundation\\Http\\Middleware\\ValidatePostSize.php(27): Illuminate\\Pipeline\\Pipeline->Illuminate\\Pipeline\\{closure}(Object(Illuminate\\Http\\Request))
#50 D:\\PROYECTOS\\IMPORTACIONES RAMIREZ\\ERP-RAMIREZ\\vendor\\laravel\\framework\\src\\Illuminate\\Pipeline\\Pipeline.php(180): Illuminate\\Foundation\\Http\\Middleware\\ValidatePostSize->handle(Object(Illuminate\\Http\\Request), Object(Closure))
#51 D:\\PROYECTOS\\IMPORTACIONES RAMIREZ\\ERP-RAMIREZ\\vendor\\laravel\\framework\\src\\Illuminate\\Foundation\\Http\\Middleware\\PreventRequestsDuringMaintenance.php(86): Illuminate\\Pipeline\\Pipeline->Illuminate\\Pipeline\\{closure}(Object(Illuminate\\Http\\Request))
#52 D:\\PROYECTOS\\IMPORTACIONES RAMIREZ\\ERP-RAMIREZ\\vendor\\laravel\\framework\\src\\Illuminate\\Pipeline\\Pipeline.php(180): Illuminate\\Foundation\\Http\\Middleware\\PreventRequestsDuringMaintenance->handle(Object(Illuminate\\Http\\Request), Object(Closure))
#53 D:\\PROYECTOS\\IMPORTACIONES RAMIREZ\\ERP-RAMIREZ\\vendor\\laravel\\framework\\src\\Illuminate\\Http\\Middleware\\HandleCors.php(49): Illuminate\\Pipeline\\Pipeline->Illuminate\\Pipeline\\{closure}(Object(Illuminate\\Http\\Request))
#54 D:\\PROYECTOS\\IMPORTACIONES RAMIREZ\\ERP-RAMIREZ\\vendor\\laravel\\framework\\src\\Illuminate\\Pipeline\\Pipeline.php(180): Illuminate\\Http\\Middleware\\HandleCors->handle(Object(Illuminate\\Http\\Request), Object(Closure))
#55 D:\\PROYECTOS\\IMPORTACIONES RAMIREZ\\ERP-RAMIREZ\\vendor\\laravel\\framework\\src\\Illuminate\\Http\\Middleware\\TrustProxies.php(39): Illuminate\\Pipeline\\Pipeline->Illuminate\\Pipeline\\{closure}(Object(Illuminate\\Http\\Request))
#56 D:\\PROYECTOS\\IMPORTACIONES RAMIREZ\\ERP-RAMIREZ\\vendor\\laravel\\framework\\src\\Illuminate\\Pipeline\\Pipeline.php(180): Illuminate\\Http\\Middleware\\TrustProxies->handle(Object(Illuminate\\Http\\Request), Object(Closure))
#57 D:\\PROYECTOS\\IMPORTACIONES RAMIREZ\\ERP-RAMIREZ\\vendor\\laravel\\framework\\src\\Illuminate\\Pipeline\\Pipeline.php(116): Illuminate\\Pipeline\\Pipeline->Illuminate\\Pipeline\\{closure}(Object(Illuminate\\Http\\Request))
#58 D:\\PROYECTOS\\IMPORTACIONES RAMIREZ\\ERP-RAMIREZ\\vendor\\laravel\\framework\\src\\Illuminate\\Foundation\\Http\\Kernel.php(165): Illuminate\\Pipeline\\Pipeline->then(Object(Closure))
#59 D:\\PROYECTOS\\IMPORTACIONES RAMIREZ\\ERP-RAMIREZ\\vendor\\laravel\\framework\\src\\Illuminate\\Foundation\\Http\\Kernel.php(134): Illuminate\\Foundation\\Http\\Kernel->sendRequestThroughRouter(Object(Illuminate\\Http\\Request))
#60 D:\\PROYECTOS\\IMPORTACIONES RAMIREZ\\ERP-RAMIREZ\\public\\index.php(51): Illuminate\\Foundation\\Http\\Kernel->handle(Object(Illuminate\\Http\\Request))
#61 D:\\PROYECTOS\\IMPORTACIONES RAMIREZ\\ERP-RAMIREZ\\vendor\\laravel\\framework\\src\\Illuminate\\Foundation\\resources\\server.php(16): require_once('D:\\\\PROYECTOS\\\\IM...')
#62 {main}
"} 
